Order ID,Date,Status,Fulfilment,Sales Channel,ship-state,Category,Item Name,Qty,Amount,Payment Method,B2B or B2C
AMZ-1000000,2023-05-17,Delivered,Amazon,Amazon.in,KARNATAKA,Books,Deep Work,1,940.74,UPI,B2C
AMZ-1000001,2023-06-21,Cancelled,Merchant,Amazon.in,KARNATAKA,Beauty,Lipstick Matte Set,1,789.56,COD,B2C
AMZ-1000002,2023-06-02,Delivered,Amazon,Amazon.in,DELHI,Footwear,Trail Hiking Boots,1,4927.57,UPI,B2C
AMZ-1000003,2023-05-09,Delivered,Merchant,Amazon.in,KARNATAKA,Home & Kitchen,Non-Stick Cookware Set,1,7138.79,Wallet,B2C
AMZ-1000004,2023-06-13,Delivered,Amazon,Amazon.in,PUNJAB,Books,The Alchemist,1,1038.78,UPI,B2B
AMZ-1000005,2023-04-10,Delivered,Amazon,Amazon.in,HARYANA,Home & Kitchen,Steel Water Bottle 1L,2,14447.37,UPI,B2C
AMZ-1000006,2023-06-07,Delivered,Amazon,Amazon.in,BIHAR,Footwear,Casual Sneakers,1,2821.25,Card,B2C
AMZ-1000007,2023-04-12,Shipped,Amazon,Amazon.in,GUJARAT,Apparel,Winter Sweatshirt,1,1688.5,UPI,B2C
AMZ-1000008,2023-05-24,Delivered,Amazon,Amazon.in,BIHAR,Beauty,Hair Dryer 1600W,1,1160.34,UPI,B2C
AMZ-1000009,2023-06-18,Delivered,Amazon,Amazon.in,TELANGANA,Electronics,HDMI Cable 2m,1,26943.78,Net Banking,B2C
AMZ-1000010,2023-05-20,Delivered,Merchant,Amazon.in,DELHI,Books,Rich Dad Poor Dad,1,284.46,Wallet,B2C
AMZ-1000011,2023-03-03,Returned,Merchant,Amazon.in,DELHI,Home & Kitchen,Storage Container Set,1,11431.45,Net Banking,B2C
AMZ-1000012,2023-04-16,Pending,Amazon,Amazon.in,KARNATAKA,Electronics,Wireless Earbuds Pro,1,5564.74,Wallet,B2C
AMZ-1000013,2023-05-28,Delivered,Merchant,Amazon.in,MAHARASHTRA,Apparel,Cotton T-Shirt Slim Fit,2,4186.36,UPI,B2C
AMZ-1000014,2023-04-06,Delivered,Amazon,Amazon.in,RAJASTHAN,Apparel,Denim Jacket,1,2785.7,UPI,B2C
AMZ-1000015,2023-03-28,Delivered,Amazon,Amazon.in,WEST BENGAL,Electronics,USB-C Fast Charger,2,19844.2,Net Banking,B2C
AMZ-1000016,2023-05-13,Delivered,Amazon,Amazon.in,UTTAR PRADESH,Apparel,Sports Shorts,2,5708.75,Card,B2C
AMZ-1000017,2023-06-24,Delivered,Amazon,Amazon.in,UTTAR PRADESH,Footwear,Loafers,1,774.58,Net Banking,B2C
AMZ-1000018,2023-06-20,Delivered,Amazon,Amazon.in,KARNATAKA,Beauty,Vitamin C Face Serum,1,2086.92,UPI,B2C
AMZ-1000019,2023-05-03,Delivered,Amazon,Amazon.in,TAMIL NADU,Electronics,USB-C Fast Charger,1,7163.96,Wallet,B2C
AMZ-1000020,2023-04-21,Delivered,Amazon,Amazon.in,TAMIL NADU,Apparel,Winter Sweatshirt,1,2957.99,UPI,B2C
AMZ-1000021,2023-05-06,Delivered,Amazon,Amazon.in,UTTAR PRADESH,Footwear,Canvas Shoes,1,2644.53,UPI,B2C
AMZ-1000022,2023-06-13,Returned,Amazon,Amazon.in,UTTAR PRADESH,Books,Atomic Habits,1,883.98,UPI,B2C
AMZ-1000023,2023-05-30,Delivered,Amazon,Amazon.in,KARNATAKA,Electronics,Smart TV 43" 4K,1,24654.6,UPI,B2C
AMZ-1000024,2023-05-14,Delivered,Merchant,Amazon.in,KERALA,Electronics,Power Bank 20000mAh,1,21336.63,UPI,B2C
AMZ-1000025,2023-06-22,Returned,Amazon,Amazon.in,PUNJAB,Beauty,Hair Dryer 1600W,2,855.28,Card,B2C
AMZ-1000026,2023-06-18,Delivered,Amazon,Amazon.in,KARNATAKA,Electronics,USB-C Fast Charger,1,43633.57,COD,B2C
AMZ-1000027,2023-05-17,Delivered,Amazon,Amazon.in,WEST BENGAL,Beauty,Face Wash Neem,1,663.74,Wallet,B2C
AMZ-1000028,2023-06-28,Cancelled,Amazon,Amazon.in,TAMIL NADU,Electronics,HDMI Cable 2m,2,18647.74,COD,B2C
AMZ-1000029,2023-05-29,Delivered,Amazon,Amazon.in,WEST BENGAL,Apparel,Formal Shirt,1,1360.97,UPI,B2C
AMZ-1000030,2023-05-29,Cancelled,Amazon,Amazon.in,TAMIL NADU,Electronics,Bluetooth Speaker,1,13678.07,UPI,B2C
AMZ-1000031,2023-06-19,Delivered,Amazon,Amazon.in,MAHARASHTRA,Apparel,Sports Shorts,1,3351.63,Card,B2C
AMZ-1000032,2023-06-04,Returned,Amazon,Amazon.in,TAMIL NADU,Electronics,Laptop Backpack,1,39665.83,Net Banking,B2C
AMZ-1000033,2023-04-14,Delivered,Amazon,Amazon.in,TAMIL NADU,Electronics,HDMI Cable 2m,1,36681.24,Wallet,B2C
AMZ-1000034,2023-05-24,Cancelled,Amazon,Amazon.in,TAMIL NADU,Books,Deep Work,2,2217.17,COD,B2C
AMZ-1000035,2023-04-03,Cancelled,Amazon,Amazon.in,KARNATAKA,Footwear,Flip Flops,2,10459.5,Wallet,B2C
AMZ-1000036,2023-06-14,Delivered,Amazon,Amazon.in,KERALA,Apparel,Kurta Set,1,431.37,Wallet,B2C
AMZ-1000037,2023-03-13,Cancelled,Merchant,Amazon.in,TAMIL NADU,Home & Kitchen,Curtain Set 7ft,1,3900.34,UPI,B2C
AMZ-1000038,2023-04-28,Delivered,Amazon,Amazon.in,WEST BENGAL,Books,The Psychology of Money,1,864.33,Card,B2C
AMZ-1000039,2023-06-12,Pending,Merchant,Amazon.in,DELHI,Electronics,HDMI Cable 2m,1,36223.53,Card,B2C
AMZ-1000040,2023-03-06,Returned,Merchant,Amazon.in,TELANGANA,Sports & Fitness,Resistance Bands,1,3680.55,Net Banking,B2C
AMZ-1000041,2023-05-27,Delivered,Amazon,Amazon.in,TAMIL NADU,Apparel,Denim Jacket,1,1817.87,UPI,B2C
AMZ-1000042,2023-04-08,Delivered,Merchant,Amazon.in,TELANGANA,Electronics,Wireless Earbuds Pro,1,38196.77,COD,B2C
AMZ-1000043,2023-05-24,Delivered,Amazon,Amazon.in,KERALA,Apparel,Polo T-Shirt,2,5929.13,Wallet,B2C
AMZ-1000044,2023-06-08,Delivered,Amazon,Amazon.in,KARNATAKA,Electronics,Bluetooth Speaker,3,25593.62,Card,B2B
AMZ-1000045,2023-05-27,Delivered,Merchant,Amazon.in,PUNJAB,Footwear,Canvas Shoes,1,710.53,Card,B2C
AMZ-1000046,2023-06-17,Shipped,Merchant,Amazon.in,UTTAR PRADESH,Apparel,Polo T-Shirt,2,854.24,Card,B2C
AMZ-1000047,2023-05-21,Shipped,Amazon,Amazon.in,MADHYA PRADESH,Footwear,Trail Hiking Boots,3,14265.11,Card,B2C
AMZ-1000048,2023-05-31,Delivered,Amazon,Amazon.in,TELANGANA,Electronics,Bluetooth Speaker,1,42652.02,COD,B2C
AMZ-1000049,2023-06-18,Shipped,Amazon,Amazon.in,MAHARASHTRA,Electronics,Power Bank 20000mAh,1,12603.63,UPI,B2C
AMZ-1000050,2023-06-19,Delivered,Amazon,Amazon.in,DELHI,Home & Kitchen,Vacuum Flask,2,13381.81,Wallet,B2C
AMZ-1000051,2023-05-18,Delivered,Amazon,Amazon.in,WEST BENGAL,Home & Kitchen,Curtain Set 7ft,1,4477.95,UPI,B2C
AMZ-1000052,2023-05-09,Delivered,Amazon,Amazon.in,TELANGANA,Electronics,Power Bank 20000mAh,1,5050.89,COD,B2C
AMZ-1000053,2023-06-01,Shipped,Amazon,Amazon.in,TELANGANA,Footwear,Sports Sandals,1,2021.47,COD,B2C
AMZ-1000054,2023-05-22,Delivered,Merchant,Amazon.in,TELANGANA,Home & Kitchen,Steel Water Bottle 1L,1,6550.39,Net Banking,B2C
AMZ-1000055,2023-06-20,Delivered,Merchant,Amazon.in,DELHI,Electronics,Bluetooth Speaker,1,6993.38,UPI,B2C
AMZ-1000056,2023-03-21,Shipped,Merchant,Amazon.in,GUJARAT,Footwear,Casual Sneakers,1,5060.4,UPI,B2C
AMZ-1000057,2023-06-03,Delivered,Amazon,Amazon.in,TAMIL NADU,Electronics,USB-C Fast Charger,1,2936.28,Card,B2B
AMZ-1000058,2023-03-15,Delivered,Amazon,Amazon.in,MAHARASHTRA,Sports & Fitness,Skipping Rope,2,7884.79,Card,B2C
AMZ-1000059,2023-06-06,Delivered,Merchant,Amazon.in,HARYANA,Electronics,Smart TV 43" 4K,1,27831.19,Card,B2C
AMZ-1000060,2023-06-29,Delivered,Merchant,Amazon.in,WEST BENGAL,Electronics,USB-C Fast Charger,1,13591.68,COD,B2C
AMZ-1000061,2023-04-18,Delivered,Amazon,Amazon.in,TAMIL NADU,Apparel,Polo T-Shirt,1,1829.1,COD,B2C
AMZ-1000062,2023-06-14,Delivered,Amazon,Amazon.in,UTTAR PRADESH,Books,The Alchemist,2,1016.31,Card,B2C
AMZ-1000063,2023-05-05,Delivered,Amazon,Amazon.in,WEST BENGAL,Footwear,Trail Hiking Boots,1,1414.32,Card,B2C
AMZ-1000064,2023-04-28,Delivered,Amazon,Amazon.in,MAHARASHTRA,Electronics,Wireless Earbuds Pro,1,4510.24,Card,B2B
AMZ-1000065,2023-04-12,Delivered,Amazon,Amazon.in,KARNATAKA,Footwear,Formal Leather Shoes,1,5277.88,Wallet,B2C
AMZ-1000066,2023-04-11,Delivered,Amazon,Amazon.in,WEST BENGAL,Electronics,Smart TV 43" 4K,2,46005.96,Wallet,B2C
AMZ-1000067,2023-04-21,Cancelled,Amazon,Amazon.in,KARNATAKA,Footwear,Casual Sneakers,2,9333.46,COD,B2C
AMZ-1000068,2023-05-24,Delivered,Amazon,Amazon.in,UTTAR PRADESH,Apparel,Polo T-Shirt,1,3261.32,Net Banking,B2C
AMZ-1000069,2023-06-09,Delivered,Amazon,Amazon.in,DELHI,Electronics,Laptop Backpack,1,13955.72,Wallet,B2C
AMZ-1000070,2023-03-01,Delivered,Amazon,Amazon.in,TAMIL NADU,Apparel,Leather Belt,2,1404.18,UPI,B2C
AMZ-1000071,2023-06-01,Delivered,Merchant,Amazon.in,TELANGANA,Footwear,Running Shoes,2,4830.05,UPI,B2C
AMZ-1000072,2023-05-25,Shipped,Amazon,Amazon.in,TAMIL NADU,Sports & Fitness,Badminton Racket,2,15271.21,COD,B2C
AMZ-1000073,2023-04-01,Delivered,Amazon,Amazon.in,HARYANA,Footwear,Sports Sandals,1,5647.53,COD,B2C
AMZ-1000074,2023-06-26,Shipped,Amazon,Amazon.in,GUJARAT,Home & Kitchen,LED Table Lamp,3,7658.38,COD,B2C
AMZ-1000075,2023-06-23,Delivered,Merchant,Amazon.in,TELANGANA,Electronics,Laptop Backpack,1,23900.26,Wallet,B2C
AMZ-1000076,2023-04-09,Delivered,Amazon,Amazon.in,TAMIL NADU,Books,Deep Work,2,688.18,UPI,B2C
AMZ-1000077,2023-03-01,Delivered,Amazon,Amazon.in,KARNATAKA,Apparel,Sports Shorts,1,3110.73,Card,B2C
AMZ-1000078,2023-04-07,Delivered,Amazon,Amazon.in,MAHARASHTRA,Apparel,Polo T-Shirt,1,1907.92,UPI,B2C
AMZ-1000079,2023-04-05,Delivered,Amazon,Amazon.in,MAHARASHTRA,Sports & Fitness,Yoga Mat 6mm,1,5049.25,UPI,B2C
AMZ-1000080,2023-05-20,Delivered,Amazon,Amazon.in,MAHARASHTRA,Electronics,Bluetooth Speaker,1,39948.9,Net Banking,B2C
AMZ-1000081,2023-06-29,Delivered,Amazon,Amazon.in,RAJASTHAN,Apparel,Winter Sweatshirt,3,2003.12,Card,B2C
AMZ-1000082,2023-03-01,Delivered,Amazon,Amazon.in,MAHARASHTRA,Footwear,Trail Hiking Boots,1,5501.33,UPI,B2C
AMZ-1000083,2023-05-15,Returned,Amazon,Amazon.in,TAMIL NADU,Electronics,USB-C Fast Charger,2,34498.19,UPI,B2C
AMZ-1000084,2023-06-06,Shipped,Amazon,Amazon.in,WEST BENGAL,Books,Think and Grow Rich,1,444.73,COD,B2C
AMZ-1000085,2023-03-05,Delivered,Amazon,Amazon.in,TELANGANA,Home & Kitchen,Non-Stick Cookware Set,1,1297.38,Wallet,B2C
AMZ-1000086,2023-05-09,Delivered,Amazon,Amazon.in,BIHAR,Home & Kitchen,Bedsheet Double,1,5446.28,Card,B2C
AMZ-1000087,2023-05-09,Delivered,Amazon,Amazon.in,MAHARASHTRA,Home & Kitchen,LED Table Lamp,1,2427.82,Card,B2C
AMZ-1000088,2023-06-07,Cancelled,Amazon,Amazon.in,UTTAR PRADESH,Apparel,Sports Shorts,2,6833.32,COD,B2C
AMZ-1000089,2023-03-12,Delivered,Merchant,Amazon.in,TAMIL NADU,Electronics,HDMI Cable 2m,2,9683.25,Net Banking,B2C
AMZ-1000090,2023-05-04,Delivered,Amazon,Amazon.in,HARYANA,Home & Kitchen,Non-Stick Cookware Set,1,4819.75,COD,B2C
AMZ-1000091,2023-05-31,Shipped,Amazon,Amazon.in,MAHARASHTRA,Home & Kitchen,Storage Container Set,2,19472.32,Card,B2C
AMZ-1000092,2023-05-05,Shipped,Amazon,Amazon.in,KARNATAKA,Beauty,Perfume EDT 100ml,1,1428.58,Card,B2C
AMZ-1000093,2023-04-13,Shipped,Amazon,Amazon.in,TELANGANA,Footwear,Flip Flops,1,2809.58,Card,B2C
AMZ-1000094,2023-04-27,Delivered,Amazon,Amazon.in,KARNATAKA,Electronics,USB-C Fast Charger,1,37559.37,UPI,B2C
AMZ-1000095,2023-04-22,Shipped,Amazon,Amazon.in,MAHARASHTRA,Electronics,Laptop Backpack,1,35697.71,Card,B2C
AMZ-1000096,2023-04-27,Delivered,Amazon,Amazon.in,KARNATAKA,Apparel,Leather Belt,1,2846.17,UPI,B2C
AMZ-1000097,2023-05-01,Delivered,Amazon,Amazon.in,MAHARASHTRA,Home & Kitchen,LED Table Lamp,1,2856.43,Card,B2C
AMZ-1000098,2023-06-13,Delivered,Amazon,Amazon.in,PUNJAB,Beauty,Lipstick Matte Set,1,2063.72,UPI,B2C
AMZ-1000099,2023-04-07,Delivered,Merchant,Amazon.in,WEST BENGAL,Beauty,Vitamin C Face Serum,1,1018.44,UPI,B2C
AMZ-1000100,2023-06-29,Cancelled,Amazon,Amazon.in,TELANGANA,Electronics,Power Bank 20000mAh,2,68892.2,COD,B2C
AMZ-1000101,2023-04-01,Delivered,Amazon,Amazon.in,KARNATAKA,Electronics,Smart Watch Series 5,1,16323.52,COD,B2C
AMZ-1000102,2023-03-16,Returned,Merchant,Amazon.in,MAHARASHTRA,Beauty,Hair Dryer 1600W,2,1789.17,Wallet,B2C
AMZ-1000103,2023-04-25,Delivered,Amazon,Amazon.in,UTTAR PRADESH,Books,Deep Work,1,288.24,COD,B2C
AMZ-1000104,2023-06-29,Delivered,Amazon,Amazon.in,MAHARASHTRA,Beauty,Shampoo Anti-Dandruff,2,791.38,UPI,B2C
AMZ-1000105,2023-04-15,Shipped,Amazon,Amazon.in,WEST BENGAL,Home & Kitchen,Storage Container Set,1,8765.34,Wallet,B2B
AMZ-1000106,2023-06-08,Delivered,Amazon,Amazon.in,KARNATAKA,Beauty,Lipstick Matte Set,1,345.77,UPI,B2C
AMZ-1000107,2023-04-30,Delivered,Amazon,Amazon.in,WEST BENGAL,Books,Ikigai,1,952.06,Net Banking,B2C
AMZ-1000108,2023-03-29,Delivered,Merchant,Amazon.in,MAHARASHTRA,Apparel,Denim Jacket,1,511.37,UPI,B2C
AMZ-1000109,2023-04-05,Delivered,Amazon,Amazon.in,TELANGANA,Electronics,Smart Watch Series 5,2,63159.28,UPI,B2C
AMZ-1000110,2023-06-19,Delivered,Amazon,Amazon.in,KARNATAKA,Apparel,Formal Shirt,1,1716.08,Net Banking,B2C
AMZ-1000111,2023-06-29,Delivered,Amazon,Amazon.in,UTTAR PRADESH,Footwear,Loafers,1,4664.48,Net Banking,B2C
AMZ-1000112,2023-04-27,Delivered,Merchant,Amazon.in,MAHARASHTRA,Home & Kitchen,Curtain Set 7ft,1,10131.34,UPI,B2C
AMZ-1000113,2023-03-07,Delivered,Amazon,Amazon.in,GUJARAT,Books,The Psychology of Money,1,489.85,Card,B2C
AMZ-1000114,2023-04-14,Delivered,Merchant,Amazon.in,TAMIL NADU,Beauty,Perfume EDT 100ml,1,716.19,UPI,B2C
AMZ-1000115,2023-05-06,Shipped,Merchant,Amazon.in,KERALA,Electronics,Wireless Earbuds Pro,1,7408.64,Wallet,B2C
AMZ-1000116,2023-03-06,Delivered,Amazon,Amazon.in,TAMIL NADU,Electronics,HDMI Cable 2m,1,35717.04,Net Banking,B2C
AMZ-1000117,2023-03-04,Delivered,Amazon,Amazon.in,TAMIL NADU,Apparel,Winter Sweatshirt,1,1796.35,COD,B2C
AMZ-1000118,2023-06-29,Cancelled,Amazon,Amazon.in,GUJARAT,Home & Kitchen,Mixer Grinder 750W,2,18067.17,Card,B2C
AMZ-1000119,2023-03-02,Delivered,Amazon,Amazon.in,TELANGANA,Sports & Fitness,Dumbbell Set 10kg,2,8695.68,UPI,B2C
AMZ-1000120,2023-04-10,Shipped,Amazon,Amazon.in,DELHI,Electronics,Smart Watch Series 5,2,69215.83,Card,B2B
AMZ-1000121,2023-05-17,Delivered,Amazon,Amazon.in,DELHI,Electronics,Bluetooth Speaker,1,16478.79,COD,B2C
AMZ-1000122,2023-06-10,Delivered,Amazon,Amazon.in,PUNJAB,Footwear,Formal Leather Shoes,1,2770.82,Net Banking,B2C
AMZ-1000123,2023-05-22,Delivered,Amazon,Amazon.in,MAHARASHTRA,Apparel,Formal Shirt,2,5204.7,COD,B2C
AMZ-1000124,2023-03-31,Cancelled,Amazon,Amazon.in,MAHARASHTRA,Books,The Alchemist,1,766.41,COD,B2C
AMZ-1000125,2023-05-07,Shipped,Merchant,Amazon.in,RAJASTHAN,Electronics,Power Bank 20000mAh,1,2265.02,COD,B2C
AMZ-1000126,2023-03-10,Delivered,Merchant,Amazon.in,MAHARASHTRA,Footwear,Loafers,1,2419.43,Card,B2C
AMZ-1000127,2023-06-08,Delivered,Amazon,Amazon.in,GUJARAT,Apparel,Sports Shorts,1,2962.66,COD,B2C
AMZ-1000128,2023-06-09,Shipped,Amazon,Amazon.in,TAMIL NADU,Apparel,Denim Jacket,1,3064.02,COD,B2C
AMZ-1000129,2023-06-19,Shipped,Amazon,Amazon.in,MAHARASHTRA,Electronics,USB-C Fast Charger,1,12744.7,Card,B2C
AMZ-1000130,2023-04-11,Shipped,Amazon,Amazon.in,KARNATAKA,Apparel,Winter Sweatshirt,1,2575.49,Card,B2C
AMZ-1000131,2023-06-11,Delivered,Merchant,Amazon.in,UTTAR PRADESH,Home & Kitchen,LED Table Lamp,1,11980.86,UPI,B2C
AMZ-1000132,2023-03-31,Delivered,Amazon,Amazon.in,KARNATAKA,Apparel,Winter Sweatshirt,2,5676.93,Card,B2C
AMZ-1000133,2023-05-04,Delivered,Amazon,Amazon.in,DELHI,Electronics,USB-C Fast Charger,1,14407.77,Card,B2C
AMZ-1000134,2023-05-17,Delivered,Amazon,Amazon.in,KERALA,Apparel,Sports Shorts,1,1387.27,UPI,B2C
AMZ-1000135,2023-05-14,Delivered,Merchant,Amazon.in,KARNATAKA,Apparel,Denim Jacket,2,2090.09,Wallet,B2C
AMZ-1000136,2023-04-13,Delivered,Amazon,Amazon.in,KARNATAKA,Books,Deep Work,2,1219.8,COD,B2C
AMZ-1000137,2023-06-21,Returned,Amazon,Amazon.in,TAMIL NADU,Apparel,Cotton T-Shirt Slim Fit,1,1324.44,Card,B2C
AMZ-1000138,2023-05-20,Delivered,Amazon,Amazon.in,MAHARASHTRA,Home & Kitchen,Curtain Set 7ft,1,10280.39,UPI,B2C
AMZ-1000139,2023-03-26,Delivered,Amazon,Amazon.in,DELHI,Home & Kitchen,Non-Stick Cookware Set,1,4878.72,UPI,B2C
AMZ-1000140,2023-06-12,Cancelled,Merchant,Amazon.in,PUNJAB,Beauty,Lipstick Matte Set,1,1217.57,COD,B2C
AMZ-1000141,2023-03-11,Shipped,Amazon,Amazon.in,RAJASTHAN,Home & Kitchen,Steel Water Bottle 1L,2,5187.95,UPI,B2C
AMZ-1000142,2023-06-22,Cancelled,Merchant,Amazon.in,GUJARAT,Apparel,Formal Shirt,2,4183.95,Card,B2C
AMZ-1000143,2023-04-14,Delivered,Amazon,Amazon.in,GUJARAT,Electronics,Laptop Backpack,1,20982.03,Card,B2C
AMZ-1000144,2023-04-27,Shipped,Amazon,Amazon.in,KARNATAKA,Beauty,Shampoo Anti-Dandruff,1,550.67,UPI,B2C
AMZ-1000145,2023-03-14,Delivered,Amazon,Amazon.in,UTTAR PRADESH,Electronics,USB-C Fast Charger,2,3276.05,Card,B2C
AMZ-1000146,2023-06-03,Delivered,Merchant,Amazon.in,KARNATAKA,Apparel,Formal Shirt,1,2935.72,Card,B2C
AMZ-1000147,2023-06-09,Delivered,Amazon,Amazon.in,MAHARASHTRA,Electronics,HDMI Cable 2m,1,24433.12,Card,B2C
AMZ-1000148,2023-05-05,Delivered,Merchant,Amazon.in,MADHYA PRADESH,Apparel,Denim Jacket,1,1580.27,COD,B2C
AMZ-1000149,2023-05-12,Cancelled,Merchant,Amazon.in,KARNATAKA,Books,Deep Work,1,832.75,COD,B2C
AMZ-1000150,2023-04-05,Shipped,Amazon,Amazon.in,WEST BENGAL,Beauty,Lipstick Matte Set,2,1107.31,UPI,B2C
AMZ-1000151,2023-05-08,Delivered,Amazon,Amazon.in,DELHI,Apparel,Formal Shirt,2,4335.14,UPI,B2C
AMZ-1000152,2023-03-16,Delivered,Merchant,Amazon.in,WEST BENGAL,Beauty,Vitamin C Face Serum,1,1550.31,UPI,B2C
AMZ-1000153,2023-05-29,Cancelled,Merchant,Amazon.in,KARNATAKA,Electronics,HDMI Cable 2m,2,16028.29,COD,B2C
AMZ-1000154,2023-06-21,Returned,Amazon,Amazon.in,MAHARASHTRA,Apparel,Denim Jacket,1,945.03,UPI,B2C
AMZ-1000155,2023-03-11,Delivered,Amazon,Amazon.in,WEST BENGAL,Electronics,Smart Watch Series 5,2,83143.09,Card,B2C
AMZ-1000156,2023-05-02,Delivered,Merchant,Amazon.in,HARYANA,Sports & Fitness,Badminton Racket,1,2175.14,UPI,B2C
AMZ-1000157,2023-05-11,Shipped,Merchant,Amazon.in,TELANGANA,Books,Ikigai,1,1120.58,UPI,B2C
AMZ-1000158,2023-05-24,Delivered,Amazon,Amazon.in,HARYANA,Home & Kitchen,Mixer Grinder 750W,1,4043.06,UPI,B2C
AMZ-1000159,2023-04-03,Delivered,Merchant,Amazon.in,DELHI,Apparel,Winter Sweatshirt,2,5136.59,UPI,B2C
AMZ-1000160,2023-04-04,Shipped,Amazon,Amazon.in,MAHARASHTRA,Home & Kitchen,Mixer Grinder 750W,2,16751.23,Card,B2C
AMZ-1000161,2023-03-18,Cancelled,Merchant,Amazon.in,MAHARASHTRA,Electronics,Smart Watch Series 5,1,16573.02,COD,B2C
AMZ-1000162,2023-05-27,Cancelled,Amazon,Amazon.in,TELANGANA,Electronics,Power Bank 20000mAh,1,30252.75,Card,B2B
AMZ-1000163,2023-03-18,Delivered,Merchant,Amazon.in,TAMIL NADU,Beauty,Hair Dryer 1600W,1,577.34,Wallet,B2C
AMZ-1000164,2023-06-06,Shipped,Amazon,Amazon.in,GUJARAT,Home & Kitchen,Mixer Grinder 750W,3,32340.25,UPI,B2C
AMZ-1000165,2023-05-09,Cancelled,Amazon,Amazon.in,KERALA,Sports & Fitness,Cricket Bat,2,1225.07,UPI,B2C
AMZ-1000166,2023-04-13,Delivered,Amazon,Amazon.in,DELHI,Sports & Fitness,Cricket Bat,1,4469.73,Card,B2C
AMZ-1000167,2023-06-12,Delivered,Amazon,Amazon.in,KARNATAKA,Home & Kitchen,Curtain Set 7ft,2,20785.84,UPI,B2C
AMZ-1000168,2023-05-23,Delivered,Amazon,Amazon.in,KARNATAKA,Electronics,Bluetooth Speaker,1,44206.6,Card,B2C
AMZ-1000169,2023-04-17,Delivered,Amazon,Amazon.in,HARYANA,Home & Kitchen,Non-Stick Cookware Set,1,11012.14,UPI,B2C
AMZ-1000170,2023-05-12,Delivered,Merchant,Amazon.in,MAHARASHTRA,Books,Ikigai,1,539.35,Net Banking,B2C
AMZ-1000171,2023-04-29,Delivered,Merchant,Amazon.in,GUJARAT,Home & Kitchen,Steel Water Bottle 1L,1,7160.08,COD,B2C
AMZ-1000172,2023-05-07,Returned,Merchant,Amazon.in,PUNJAB,Electronics,Wireless Earbuds Pro,1,41866.55,UPI,B2C
AMZ-1000173,2023-05-31,Delivered,Merchant,Amazon.in,MAHARASHTRA,Books,The Psychology of Money,1,1112.66,UPI,B2C
AMZ-1000174,2023-04-19,Delivered,Merchant,Amazon.in,GUJARAT,Beauty,Hair Dryer 1600W,3,3963.79,UPI,B2C
AMZ-1000175,2023-06-21,Shipped,Merchant,Amazon.in,MAHARASHTRA,Beauty,Perfume EDT 100ml,1,518.23,Card,B2C
AMZ-1000176,2023-06-29,Delivered,Amazon,Amazon.in,TAMIL NADU,Books,Think and Grow Rich,1,1032.38,Wallet,B2C
AMZ-1000177,2023-03-30,Delivered,Amazon,Amazon.in,MAHARASHTRA,Apparel,Leather Belt,1,2457.38,COD,B2C
AMZ-1000178,2023-04-02,Delivered,Amazon,Amazon.in,MAHARASHTRA,Books,The Psychology of Money,1,701.83,UPI,B2C
AMZ-1000179,2023-04-20,Delivered,Amazon,Amazon.in,KARNATAKA,Apparel,Kurta Set,2,1593.3,Card,B2C
AMZ-1000180,2023-05-17,Delivered,Amazon,Amazon.in,MAHARASHTRA,Beauty,Sunscreen SPF 50,1,1417.92,UPI,B2C
AMZ-1000181,2023-03-22,Delivered,Amazon,Amazon.in,WEST BENGAL,Beauty,Perfume EDT 100ml,1,1537.79,Card,B2C
AMZ-1000182,2023-04-05,Delivered,Amazon,Amazon.in,DELHI,Sports & Fitness,Dumbbell Set 10kg,2,6570.07,Card,B2C
AMZ-1000183,2023-06-05,Delivered,Amazon,Amazon.in,KERALA,Electronics,Power Bank 20000mAh,2,10067.28,Wallet,B2C
AMZ-1000184,2023-05-20,Delivered,Amazon,Amazon.in,TAMIL NADU,Electronics,Laptop Backpack,2,85104.16,UPI,B2B
AMZ-1000185,2023-03-14,Shipped,Merchant,Amazon.in,WEST BENGAL,Home & Kitchen,Mixer Grinder 750W,2,20701.12,UPI,B2C
AMZ-1000186,2023-05-16,Delivered,Amazon,Amazon.in,WEST BENGAL,Books,The Psychology of Money,1,982.1,UPI,B2C
AMZ-1000187,2023-03-08,Delivered,Amazon,Amazon.in,KARNATAKA,Apparel,Leather Belt,1,3303.65,UPI,B2C
AMZ-1000188,2023-04-26,Returned,Amazon,Amazon.in,KARNATAKA,Books,The Alchemist,1,801.17,COD,B2C
AMZ-1000189,2023-04-01,Delivered,Amazon,Amazon.in,MAHARASHTRA,Home & Kitchen,Storage Container Set,1,7375.36,UPI,B2C
AMZ-1000190,2023-04-14,Delivered,Amazon,Amazon.in,MAHARASHTRA,Apparel,Cotton T-Shirt Slim Fit,1,870.43,UPI,B2C
AMZ-1000191,2023-06-27,Shipped,Amazon,Amazon.in,KERALA,Electronics,HDMI Cable 2m,1,20384.69,Net Banking,B2C
AMZ-1000192,2023-06-28,Pending,Merchant,Amazon.in,TELANGANA,Home & Kitchen,Vacuum Flask,2,4099.17,Wallet,B2C
AMZ-1000193,2023-03-12,Delivered,Merchant,Amazon.in,UTTAR PRADESH,Beauty,Hair Dryer 1600W,1,458.91,Wallet,B2C
AMZ-1000194,2023-06-27,Shipped,Amazon,Amazon.in,WEST BENGAL,Electronics,Wireless Earbuds Pro,2,75444.36,COD,B2C
AMZ-1000195,2023-04-01,Delivered,Amazon,Amazon.in,WEST BENGAL,Home & Kitchen,Vacuum Flask,2,21665.4,Net Banking,B2C
AMZ-1000196,2023-06-14,Delivered,Amazon,Amazon.in,DELHI,Home & Kitchen,Storage Container Set,1,1405.37,UPI,B2C
AMZ-1000197,2023-05-19,Cancelled,Amazon,Amazon.in,TAMIL NADU,Electronics,Smart TV 43" 4K,1,5187.34,COD,B2C
AMZ-1000198,2023-03-07,Delivered,Amazon,Amazon.in,GUJARAT,Beauty,Hair Dryer 1600W,1,1510.25,UPI,B2C
AMZ-1000199,2023-05-01,Delivered,Amazon,Amazon.in,UTTAR PRADESH,Footwear,Flip Flops,1,4017.49,Card,B2B
AMZ-1000200,2023-03-25,Cancelled,Merchant,Amazon.in,MAHARASHTRA,Beauty,Face Wash Neem,2,3212.8,COD,B2B
AMZ-1000201,2023-04-13,Delivered,Merchant,Amazon.in,WEST BENGAL,Books,Deep Work,1,526.79,UPI,B2C
AMZ-1000202,2023-06-09,Delivered,Amazon,Amazon.in,TAMIL NADU,Home & Kitchen,LED Table Lamp,1,6648.4,COD,B2C
AMZ-1000203,2023-03-14,Delivered,Amazon,Amazon.in,PUNJAB,Apparel,Formal Shirt,1,651.56,UPI,B2C
AMZ-1000204,2023-03-19,Delivered,Merchant,Amazon.in,KERALA,Apparel,Sports Shorts,1,2106.29,UPI,B2C
AMZ-1000205,2023-04-16,Delivered,Merchant,Amazon.in,KARNATAKA,Electronics,Smart Watch Series 5,1,42587.26,COD,B2C
AMZ-1000206,2023-04-30,Delivered,Amazon,Amazon.in,TELANGANA,Home & Kitchen,Non-Stick Cookware Set,2,22742.52,Card,B2C
AMZ-1000207,2023-05-01,Delivered,Merchant,Amazon.in,MAHARASHTRA,Beauty,Sunscreen SPF 50,1,981.38,Card,B2C
AMZ-1000208,2023-05-26,Delivered,Amazon,Amazon.in,TELANGANA,Electronics,Bluetooth Speaker,1,41377.5,UPI,B2C
AMZ-1000209,2023-06-12,Delivered,Amazon,Amazon.in,TAMIL NADU,Electronics,HDMI Cable 2m,1,43067.92,UPI,B2C
AMZ-1000210,2023-06-05,Delivered,Amazon,Amazon.in,MAHARASHTRA,Footwear,Canvas Shoes,2,8086.04,COD,B2C
AMZ-1000211,2023-05-29,Delivered,Amazon,Amazon.in,DELHI,Home & Kitchen,Mixer Grinder 750W,1,6642.66,Card,B2C
AMZ-1000212,2023-06-22,Pending,Amazon,Amazon.in,KARNATAKA,Beauty,Hair Dryer 1600W,1,1414.08,Card,B2C
AMZ-1000213,2023-05-29,Delivered,Amazon,Amazon.in,TAMIL NADU,Books,The Alchemist,1,613.58,UPI,B2C
AMZ-1000214,2023-04-02,Delivered,Amazon,Amazon.in,KARNATAKA,Electronics,Laptop Backpack,1,16181.74,UPI,B2C
AMZ-1000215,2023-04-13,Shipped,Amazon,Amazon.in,MAHARASHTRA,Electronics,USB-C Fast Charger,1,30864.23,Wallet,B2C
AMZ-1000216,2023-06-23,Delivered,Amazon,Amazon.in,UTTAR PRADESH,Footwear,Formal Leather Shoes,1,5876.15,UPI,B2C
AMZ-1000217,2023-03-14,Delivered,Merchant,Amazon.in,TELANGANA,Home & Kitchen,Curtain Set 7ft,2,8250.67,UPI,B2C
AMZ-1000218,2023-04-04,Delivered,Merchant,Amazon.in,MAHARASHTRA,Apparel,Formal Shirt,1,1031.49,Net Banking,B2C
AMZ-1000219,2023-03-19,Delivered,Merchant,Amazon.in,TELANGANA,Electronics,Laptop Backpack,1,20106.42,Card,B2C
AMZ-1000220,2023-05-17,Cancelled,Amazon,Amazon.in,TELANGANA,Home & Kitchen,Storage Container Set,1,7217.4,Card,B2C
AMZ-1000221,2023-06-12,Delivered,Merchant,Amazon.in,MAHARASHTRA,Apparel,Formal Shirt,1,2635.29,UPI,B2C
AMZ-1000222,2023-04-02,Delivered,Amazon,Amazon.in,MAHARASHTRA,Electronics,Smart TV 43" 4K,1,24858.41,Wallet,B2C
AMZ-1000223,2023-03-12,Delivered,Amazon,Amazon.in,TELANGANA,Apparel,Denim Jacket,1,562.51,Card,B2C
AMZ-1000224,2023-03-04,Delivered,Merchant,Amazon.in,MAHARASHTRA,Electronics,Laptop Backpack,2,44100.75,Net Banking,B2C
AMZ-1000225,2023-05-11,Delivered,Amazon,Amazon.in,WEST BENGAL,Apparel,Polo T-Shirt,1,3352.02,Net Banking,B2C
AMZ-1000226,2023-05-21,Delivered,Amazon,Amazon.in,MADHYA PRADESH,Apparel,Winter Sweatshirt,1,1440.04,Card,B2C
AMZ-1000227,2023-04-22,Delivered,Amazon,Amazon.in,MAHARASHTRA,Apparel,Formal Shirt,1,2407.66,Card,B2C
AMZ-1000228,2023-06-14,Delivered,Amazon,Amazon.in,MAHARASHTRA,Electronics,Smart TV 43" 4K,1,19191.92,UPI,B2C
AMZ-1000229,2023-04-20,Delivered,Merchant,Amazon.in,KARNATAKA,Beauty,Sunscreen SPF 50,1,1078.6,COD,B2C
AMZ-1000230,2023-03-01,Delivered,Merchant,Amazon.in,TELANGANA,Apparel,Formal Shirt,2,4612.3,UPI,B2C
AMZ-1000231,2023-05-19,Delivered,Merchant,Amazon.in,MAHARASHTRA,Apparel,Leather Belt,2,4192.53,Wallet,B2C
AMZ-1000232,2023-05-07,Delivered,Amazon,Amazon.in,KARNATAKA,Footwear,Running Shoes,1,1144.68,Wallet,B2C
AMZ-1000233,2023-04-02,Delivered,Amazon,Amazon.in,TAMIL NADU,Beauty,Perfume EDT 100ml,2,4058.8,UPI,B2C
AMZ-1000234,2023-06-17,Delivered,Merchant,Amazon.in,MAHARASHTRA,Beauty,Face Wash Neem,1,1789.95,UPI,B2C
AMZ-1000235,2023-03-11,Delivered,Amazon,Amazon.in,UTTAR PRADESH,Electronics,Bluetooth Speaker,1,20175.77,Card,B2C
AMZ-1000236,2023-03-19,Shipped,Amazon,Amazon.in,GUJARAT,Apparel,Cotton T-Shirt Slim Fit,2,4115.23,UPI,B2C
AMZ-1000237,2023-06-22,Delivered,Amazon,Amazon.in,TAMIL NADU,Footwear,Sports Sandals,2,5251.69,COD,B2C
AMZ-1000238,2023-05-23,Delivered,Amazon,Amazon.in,TAMIL NADU,Footwear,Running Shoes,2,3260.41,UPI,B2C
AMZ-1000239,2023-04-28,Returned,Amazon,Amazon.in,DELHI,Electronics,USB-C Fast Charger,2,82810.8,Card,B2C
AMZ-1000240,2023-06-28,Delivered,Amazon,Amazon.in,MAHARASHTRA,Electronics,HDMI Cable 2m,1,5527.38,UPI,B2C
AMZ-1000241,2023-04-21,Delivered,Merchant,Amazon.in,WEST BENGAL,Apparel,Sports Shorts,2,1664.62,Card,B2C
AMZ-1000242,2023-05-26,Shipped,Merchant,Amazon.in,MAHARASHTRA,Beauty,Sunscreen SPF 50,1,715.8,Net Banking,B2C
AMZ-1000243,2023-04-21,Delivered,Merchant,Amazon.in,TAMIL NADU,Electronics,Smart TV 43" 4K,1,19238.86,Card,B2C
AMZ-1000244,2023-04-02,Delivered,Amazon,Amazon.in,WEST BENGAL,Home & Kitchen,Vacuum Flask,1,11209.13,Card,B2C
AMZ-1000245,2023-04-16,Delivered,Amazon,Amazon.in,MADHYA PRADESH,Beauty,Hair Dryer 1600W,1,1344.66,UPI,B2C
AMZ-1000246,2023-04-09,Delivered,Amazon,Amazon.in,TELANGANA,Electronics,Wireless Earbuds Pro,2,49372.16,UPI,B2C
AMZ-1000247,2023-05-05,Delivered,Merchant,Amazon.in,MAHARASHTRA,Electronics,HDMI Cable 2m,1,5899.18,Card,B2C
AMZ-1000248,2023-05-25,Cancelled,Amazon,Amazon.in,KERALA,Electronics,HDMI Cable 2m,1,29425.53,COD,B2C
AMZ-1000249,2023-05-05,Delivered,Amazon,Amazon.in,MAHARASHTRA,Sports & Fitness,Dumbbell Set 10kg,2,12043.15,COD,B2C
AMZ-1000250,2023-04-26,Delivered,Amazon,Amazon.in,MAHARASHTRA,Electronics,Bluetooth Speaker,1,29897.12,Wallet,B2C
AMZ-1000251,2023-03-03,Delivered,Merchant,Amazon.in,DELHI,Home & Kitchen,Steel Water Bottle 1L,1,2049.22,Net Banking,B2C
AMZ-1000252,2023-03-24,Delivered,Amazon,Amazon.in,KARNATAKA,Home & Kitchen,Bedsheet Double,1,6014.86,COD,B2C
AMZ-1000253,2023-06-21,Delivered,Amazon,Amazon.in,UTTAR PRADESH,Sports & Fitness,Skipping Rope,1,1271.12,UPI,B2C
AMZ-1000254,2023-04-24,Cancelled,Amazon,Amazon.in,UTTAR PRADESH,Apparel,Kurta Set,1,2835.99,UPI,B2C
AMZ-1000255,2023-06-27,Delivered,Amazon,Amazon.in,TAMIL NADU,Electronics,Bluetooth Speaker,1,9461.64,UPI,B2C
AMZ-1000256,2023-06-04,Cancelled,Amazon,Amazon.in,TAMIL NADU,Beauty,Vitamin C Face Serum,1,1277.44,UPI,B2C
AMZ-1000257,2023-03-05,Delivered,Merchant,Amazon.in,RAJASTHAN,Beauty,Vitamin C Face Serum,1,1458.7,Net Banking,B2C
AMZ-1000258,2023-04-11,Delivered,Merchant,Amazon.in,MAHARASHTRA,Apparel,Winter Sweatshirt,1,1982.84,UPI,B2C
AMZ-1000259,2023-03-07,Delivered,Amazon,Amazon.in,TELANGANA,Apparel,Cotton T-Shirt Slim Fit,1,2053.68,Card,B2C
AMZ-1000260,2023-04-23,Cancelled,Merchant,Amazon.in,PUNJAB,Footwear,Casual Sneakers,3,6505.93,UPI,B2C
AMZ-1000261,2023-04-01,Cancelled,Merchant,Amazon.in,TELANGANA,Footwear,Flip Flops,1,3884.33,COD,B2C
AMZ-1000262,2023-03-18,Delivered,Amazon,Amazon.in,KARNATAKA,Beauty,Face Wash Neem,1,1772.63,UPI,B2C
AMZ-1000263,2023-05-19,Cancelled,Amazon,Amazon.in,KARNATAKA,Electronics,Laptop Backpack,3,110472.74,COD,B2C
AMZ-1000264,2023-05-12,Delivered,Merchant,Amazon.in,TELANGANA,Footwear,Casual Sneakers,1,2714.72,COD,B2C
AMZ-1000265,2023-03-20,Delivered,Amazon,Amazon.in,RAJASTHAN,Electronics,HDMI Cable 2m,1,31912.01,Card,B2C
AMZ-1000266,2023-05-15,Delivered,Merchant,Amazon.in,MAHARASHTRA,Apparel,Winter Sweatshirt,1,1383.66,UPI,B2C
AMZ-1000267,2023-04-22,Delivered,Merchant,Amazon.in,MAHARASHTRA,Electronics,Power Bank 20000mAh,1,40777.7,COD,B2C
AMZ-1000268,2023-06-23,Delivered,Amazon,Amazon.in,UTTAR PRADESH,Electronics,Smart TV 43" 4K,1,32306.62,Card,B2C
AMZ-1000269,2023-04-21,Delivered,Amazon,Amazon.in,KARNATAKA,Apparel,Cotton T-Shirt Slim Fit,2,3247.71,COD,B2C
AMZ-1000270,2023-04-30,Delivered,Amazon,Amazon.in,UTTAR PRADESH,Books,The Alchemist,1,544.95,COD,B2C
AMZ-1000271,2023-03-07,Delivered,Amazon,Amazon.in,MAHARASHTRA,Home & Kitchen,Curtain Set 7ft,1,10706.74,Net Banking,B2C
AMZ-1000272,2023-06-27,Delivered,Amazon,Amazon.in,WEST BENGAL,Electronics,Wireless Earbuds Pro,1,1549.55,UPI,B2C
AMZ-1000273,2023-03-23,Delivered,Merchant,Amazon.in,DELHI,Apparel,Kurta Set,1,670.27,UPI,B2C
AMZ-1000274,2023-03-05,Delivered,Amazon,Amazon.in,MAHARASHTRA,Books,Sapiens,2,2164.23,Wallet,B2C
AMZ-1000275,2023-04-13,Delivered,Amazon,Amazon.in,KARNATAKA,Footwear,Trail Hiking Boots,1,3870.9,UPI,B2C
AMZ-1000276,2023-05-09,Returned,Amazon,Amazon.in,UTTAR PRADESH,Home & Kitchen,Non-Stick Cookware Set,1,5913.24,UPI,B2C
AMZ-1000277,2023-04-15,Delivered,Amazon,Amazon.in,UTTAR PRADESH,Beauty,Sunscreen SPF 50,1,2374.05,UPI,B2C
AMZ-1000278,2023-03-10,Delivered,Merchant,Amazon.in,GUJARAT,Electronics,Laptop Backpack,1,13006.07,UPI,B2C
AMZ-1000279,2023-06-01,Shipped,Amazon,Amazon.in,HARYANA,Sports & Fitness,Badminton Racket,2,6246.67,UPI,B2C
AMZ-1000280,2023-03-06,Delivered,Merchant,Amazon.in,GUJARAT,Beauty,Beard Oil,1,472.9,UPI,B2C
AMZ-1000281,2023-05-08,Delivered,Merchant,Amazon.in,GUJARAT,Apparel,Sports Shorts,1,2351.66,UPI,B2C
AMZ-1000282,2023-05-22,Delivered,Amazon,Amazon.in,MAHARASHTRA,Home & Kitchen,Curtain Set 7ft,2,22684.38,Card,B2C
AMZ-1000283,2023-05-08,Delivered,Amazon,Amazon.in,TELANGANA,Beauty,Lipstick Matte Set,2,2833.57,UPI,B2C
AMZ-1000284,2023-06-23,Delivered,Amazon,Amazon.in,MAHARASHTRA,Books,Atomic Habits,3,2012.43,UPI,B2C
AMZ-1000285,2023-06-09,Cancelled,Amazon,Amazon.in,MADHYA PRADESH,Apparel,Polo T-Shirt,1,836.63,COD,B2C
AMZ-1000286,2023-05-07,Delivered,Amazon,Amazon.in,KARNATAKA,Apparel,Polo T-Shirt,1,2344.05,Card,B2C
AMZ-1000287,2023-06-18,Delivered,Amazon,Amazon.in,GUJARAT,Books,The Psychology of Money,1,739.06,UPI,B2C
AMZ-1000288,2023-04-10,Shipped,Amazon,Amazon.in,MAHARASHTRA,Beauty,Sunscreen SPF 50,1,545.46,Card,B2C
AMZ-1000289,2023-04-07,Delivered,Amazon,Amazon.in,KARNATAKA,Apparel,Formal Shirt,1,1677.05,Card,B2C
AMZ-1000290,2023-04-05,Delivered,Merchant,Amazon.in,MAHARASHTRA,Electronics,Smart Watch Series 5,1,14700.43,COD,B2C
AMZ-1000291,2023-03-23,Cancelled,Merchant,Amazon.in,UTTAR PRADESH,Electronics,Laptop Backpack,1,18622.18,COD,B2C
AMZ-1000292,2023-05-15,Delivered,Amazon,Amazon.in,HARYANA,Home & Kitchen,LED Table Lamp,2,5416.26,UPI,B2C
AMZ-1000293,2023-05-22,Delivered,Amazon,Amazon.in,MAHARASHTRA,Sports & Fitness,Dumbbell Set 10kg,2,10517.16,Net Banking,B2C
AMZ-1000294,2023-03-15,Delivered,Amazon,Amazon.in,HARYANA,Books,Sapiens,2,1618.31,Wallet,B2C
AMZ-1000295,2023-04-21,Cancelled,Amazon,Amazon.in,TAMIL NADU,Home & Kitchen,Bedsheet Double,1,5067.13,COD,B2C
AMZ-1000296,2023-06-18,Delivered,Amazon,Amazon.in,UTTAR PRADESH,Footwear,Flip Flops,1,2879.1,Card,B2C
AMZ-1000297,2023-05-15,Cancelled,Amazon,Amazon.in,UTTAR PRADESH,Footwear,Trail Hiking Boots,1,2246.06,Net Banking,B2C
AMZ-1000298,2023-03-15,Delivered,Amazon,Amazon.in,KERALA,Apparel,Sports Shorts,1,3296.38,Card,B2C
AMZ-1000299,2023-04-28,Delivered,Amazon,Amazon.in,DELHI,Electronics,USB-C Fast Charger,1,33948.07,UPI,B2C
AMZ-1000300,2023-06-09,Delivered,Merchant,Amazon.in,BIHAR,Home & Kitchen,LED Table Lamp,1,1924.35,Card,B2C
AMZ-1000301,2023-06-07,Delivered,Amazon,Amazon.in,RAJASTHAN,Apparel,Polo T-Shirt,1,1773.08,COD,B2C
AMZ-1000302,2023-05-12,Delivered,Merchant,Amazon.in,UTTAR PRADESH,Home & Kitchen,Curtain Set 7ft,2,4649.12,UPI,B2C
AMZ-1000303,2023-04-16,Delivered,Amazon,Amazon.in,GUJARAT,Electronics,USB-C Fast Charger,1,38921.92,Card,B2C
AMZ-1000304,2023-05-18,Delivered,Amazon,Amazon.in,KARNATAKA,Home & Kitchen,Curtain Set 7ft,1,1385.69,Card,B2C
AMZ-1000305,2023-06-22,Delivered,Amazon,Amazon.in,WEST BENGAL,Home & Kitchen,Storage Container Set,1,1595.22,UPI,B2C
AMZ-1000306,2023-04-23,Returned,Amazon,Amazon.in,TELANGANA,Electronics,Bluetooth Speaker,1,40207.34,Net Banking,B2C
AMZ-1000307,2023-05-14,Delivered,Amazon,Amazon.in,GUJARAT,Footwear,Flip Flops,1,527.73,UPI,B2C
AMZ-1000308,2023-06-06,Cancelled,Amazon,Amazon.in,WEST BENGAL,Apparel,Leather Belt,3,2972.71,COD,B2C
AMZ-1000309,2023-05-17,Returned,Amazon,Amazon.in,KERALA,Apparel,Sports Shorts,1,2806.54,Card,B2C
AMZ-1000310,2023-03-11,Delivered,Merchant,Amazon.in,KERALA,Apparel,Cotton T-Shirt Slim Fit,1,1078.57,UPI,B2C
AMZ-1000311,2023-04-15,Delivered,Amazon,Amazon.in,UTTAR PRADESH,Sports & Fitness,Badminton Racket,1,1290.71,Wallet,B2C
AMZ-1000312,2023-05-31,Shipped,Amazon,Amazon.in,WEST BENGAL,Beauty,Beard Oil,1,1213.62,Wallet,B2C
AMZ-1000313,2023-06-19,Delivered,Merchant,Amazon.in,PUNJAB,Beauty,Perfume EDT 100ml,1,2423.99,UPI,B2C
AMZ-1000314,2023-03-29,Delivered,Merchant,Amazon.in,HARYANA,Books,The Alchemist,1,1187.57,UPI,B2C
AMZ-1000315,2023-05-17,Shipped,Merchant,Amazon.in,PUNJAB,Footwear,Sports Sandals,1,4455.86,Net Banking,B2C
AMZ-1000316,2023-05-12,Delivered,Amazon,Amazon.in,DELHI,Sports & Fitness,Football Size 5,1,564.14,UPI,B2C
AMZ-1000317,2023-04-22,Delivered,Amazon,Amazon.in,TAMIL NADU,Sports & Fitness,Badminton Racket,2,6932.8,Wallet,B2C
AMZ-1000318,2023-05-14,Shipped,Merchant,Amazon.in,MAHARASHTRA,Electronics,Laptop Backpack,1,17882.71,UPI,B2B
AMZ-1000319,2023-06-14,Pending,Amazon,Amazon.in,WEST BENGAL,Apparel,Kurta Set,1,3457.17,Card,B2C
AMZ-1000320,2023-05-11,Delivered,Amazon,Amazon.in,MAHARASHTRA,Electronics,Laptop Backpack,1,33363.11,Card,B2C
AMZ-1000321,2023-04-30,Delivered,Merchant,Amazon.in,KERALA,Home & Kitchen,Vacuum Flask,2,11257.62,Card,B2C
AMZ-1000322,2023-03-25,Shipped,Amazon,Amazon.in,GUJARAT,Apparel,Polo T-Shirt,2,1273.88,Card,B2C
AMZ-1000323,2023-06-09,Pending,Amazon,Amazon.in,TELANGANA,Books,Deep Work,2,1471.64,Wallet,B2C
AMZ-1000324,2023-05-12,Delivered,Amazon,Amazon.in,TELANGANA,Home & Kitchen,Curtain Set 7ft,1,1343.89,Card,B2C
AMZ-1000325,2023-04-17,Delivered,Merchant,Amazon.in,DELHI,Home & Kitchen,Non-Stick Cookware Set,3,18833.39,Card,B2C
AMZ-1000326,2023-04-19,Cancelled,Amazon,Amazon.in,HARYANA,Electronics,Power Bank 20000mAh,1,29712.29,COD,B2C
AMZ-1000327,2023-06-27,Delivered,Amazon,Amazon.in,TAMIL NADU,Electronics,Wireless Earbuds Pro,1,21844.71,UPI,B2C
AMZ-1000328,2023-04-10,Delivered,Amazon,Amazon.in,MADHYA PRADESH,Home & Kitchen,Mixer Grinder 750W,1,4764.93,UPI,B2C
AMZ-1000329,2023-04-29,Pending,Merchant,Amazon.in,UTTAR PRADESH,Books,Rich Dad Poor Dad,2,1654.58,COD,B2C
AMZ-1000330,2023-06-23,Pending,Amazon,Amazon.in,KARNATAKA,Apparel,Sports Shorts,2,1372.71,COD,B2C
AMZ-1000331,2023-04-25,Delivered,Amazon,Amazon.in,MAHARASHTRA,Apparel,Polo T-Shirt,1,2980.82,COD,B2C
AMZ-1000332,2023-04-01,Delivered,Amazon,Amazon.in,MAHARASHTRA,Apparel,Winter Sweatshirt,1,791.77,Card,B2C
AMZ-1000333,2023-05-04,Delivered,Amazon,Amazon.in,KARNATAKA,Sports & Fitness,Yoga Mat 6mm,1,6833.05,UPI,B2C
AMZ-1000334,2023-04-23,Delivered,Amazon,Amazon.in,DELHI,Footwear,Trail Hiking Boots,1,604.16,COD,B2C
AMZ-1000335,2023-05-07,Delivered,Amazon,Amazon.in,RAJASTHAN,Beauty,Shampoo Anti-Dandruff,1,273.58,Net Banking,B2C
AMZ-1000336,2023-03-29,Delivered,Merchant,Amazon.in,MAHARASHTRA,Books,Deep Work,2,2391.66,COD,B2C
AMZ-1000337,2023-03-02,Cancelled,Merchant,Amazon.in,MAHARASHTRA,Beauty,Shampoo Anti-Dandruff,1,1339.84,COD,B2C
AMZ-1000338,2023-03-24,Delivered,Amazon,Amazon.in,UTTAR PRADESH,Electronics,HDMI Cable 2m,1,39496.8,UPI,B2C
AMZ-1000339,2023-04-09,Delivered,Merchant,Amazon.in,GUJARAT,Footwear,Trail Hiking Boots,1,5860.24,Card,B2C
AMZ-1000340,2023-04-09,Delivered,Amazon,Amazon.in,UTTAR PRADESH,Home & Kitchen,Bedsheet Double,1,11453.15,Card,B2C
AMZ-1000341,2023-03-09,Returned,Merchant,Amazon.in,DELHI,Home & Kitchen,Non-Stick Cookware Set,1,11813.59,COD,B2C
AMZ-1000342,2023-06-10,Shipped,Merchant,Amazon.in,TAMIL NADU,Electronics,Power Bank 20000mAh,2,40714.47,UPI,B2C
AMZ-1000343,2023-06-02,Shipped,Amazon,Amazon.in,MAHARASHTRA,Electronics,Wireless Earbuds Pro,1,32453.91,UPI,B2C
AMZ-1000344,2023-06-09,Shipped,Amazon,Amazon.in,TAMIL NADU,Electronics,Wireless Earbuds Pro,1,39982.27,Card,B2C
AMZ-1000345,2023-05-21,Delivered,Amazon,Amazon.in,KERALA,Footwear,Casual Sneakers,2,6606.86,COD,B2C
AMZ-1000346,2023-04-02,Delivered,Amazon,Amazon.in,GUJARAT,Electronics,Bluetooth Speaker,1,18479.27,UPI,B2C
AMZ-1000347,2023-04-22,Shipped,Amazon,Amazon.in,HARYANA,Apparel,Cotton T-Shirt Slim Fit,1,958.59,COD,B2C
AMZ-1000348,2023-06-28,Delivered,Merchant,Amazon.in,UTTAR PRADESH,Home & Kitchen,Mixer Grinder 750W,1,9943.2,COD,B2C
AMZ-1000349,2023-04-28,Delivered,Amazon,Amazon.in,KARNATAKA,Beauty,Sunscreen SPF 50,2,4464.54,Card,B2C
AMZ-1000350,2023-04-25,Delivered,Amazon,Amazon.in,TAMIL NADU,Beauty,Beard Oil,1,831.37,Card,B2C
AMZ-1000351,2023-04-29,Delivered,Amazon,Amazon.in,WEST BENGAL,Home & Kitchen,Non-Stick Cookware Set,1,11229.47,UPI,B2C
AMZ-1000352,2023-06-24,Delivered,Merchant,Amazon.in,GUJARAT,Beauty,Lipstick Matte Set,3,3525.53,Net Banking,B2C
AMZ-1000353,2023-04-07,Shipped,Amazon,Amazon.in,KARNATAKA,Apparel,Cotton T-Shirt Slim Fit,1,2407.5,UPI,B2C
AMZ-1000354,2023-03-04,Delivered,Amazon,Amazon.in,KERALA,Apparel,Winter Sweatshirt,1,1825.37,Card,B2C
AMZ-1000355,2023-06-07,Delivered,Amazon,Amazon.in,MAHARASHTRA,Electronics,Power Bank 20000mAh,1,23438.59,UPI,B2C
AMZ-1000356,2023-04-10,Cancelled,Merchant,Amazon.in,GUJARAT,Apparel,Polo T-Shirt,1,1968.92,COD,B2C
AMZ-1000357,2023-03-25,Delivered,Merchant,Amazon.in,WEST BENGAL,Beauty,Shampoo Anti-Dandruff,1,250.66,UPI,B2C
AMZ-1000358,2023-05-11,Delivered,Amazon,Amazon.in,PUNJAB,Apparel,Formal Shirt,3,5260.61,UPI,B2C
AMZ-1000359,2023-06-29,Delivered,Merchant,Amazon.in,HARYANA,Home & Kitchen,Bedsheet Double,2,10365.05,COD,B2C
AMZ-1000360,2023-06-09,Delivered,Amazon,Amazon.in,GUJARAT,Electronics,Wireless Earbuds Pro,2,88846.16,Net Banking,B2C
AMZ-1000361,2023-06-02,Shipped,Amazon,Amazon.in,DELHI,Electronics,Bluetooth Speaker,2,12423.54,Card,B2C
AMZ-1000362,2023-05-10,Delivered,Amazon,Amazon.in,TELANGANA,Electronics,Smart Watch Series 5,2,46810.69,Card,B2C
AMZ-1000363,2023-06-02,Delivered,Amazon,Amazon.in,KERALA,Electronics,Smart Watch Series 5,1,33187.7,Card,B2C
AMZ-1000364,2023-03-26,Delivered,Merchant,Amazon.in,PUNJAB,Home & Kitchen,Steel Water Bottle 1L,2,21720.73,Card,B2B
AMZ-1000365,2023-04-18,Delivered,Merchant,Amazon.in,TAMIL NADU,Apparel,Formal Shirt,1,2551.44,COD,B2C
AMZ-1000366,2023-03-20,Pending,Amazon,Amazon.in,TELANGANA,Footwear,Sports Sandals,1,5988.63,UPI,B2C
AMZ-1000367,2023-04-19,Delivered,Merchant,Amazon.in,KERALA,Books,Deep Work,1,157,Wallet,B2C
AMZ-1000368,2023-04-07,Delivered,Merchant,Amazon.in,TAMIL NADU,Apparel,Denim Jacket,2,5253.23,COD,B2C
AMZ-1000369,2023-03-13,Delivered,Amazon,Amazon.in,KERALA,Electronics,Power Bank 20000mAh,2,86371.39,COD,B2C
AMZ-1000370,2023-04-25,Delivered,Amazon,Amazon.in,UTTAR PRADESH,Sports & Fitness,Yoga Mat 6mm,2,5206.2,COD,B2C
AMZ-1000371,2023-05-09,Delivered,Amazon,Amazon.in,MADHYA PRADESH,Electronics,Wireless Earbuds Pro,1,23621.15,COD,B2B
AMZ-1000372,2023-05-12,Delivered,Amazon,Amazon.in,KARNATAKA,Home & Kitchen,Non-Stick Cookware Set,1,4087.42,Card,B2C
AMZ-1000373,2023-04-10,Delivered,Amazon,Amazon.in,WEST BENGAL,Electronics,Wireless Earbuds Pro,2,43511.24,Card,B2C
AMZ-1000374,2023-03-17,Delivered,Merchant,Amazon.in,GUJARAT,Beauty,Lipstick Matte Set,1,1593.34,Card,B2C
AMZ-1000375,2023-05-30,Delivered,Amazon,Amazon.in,KARNATAKA,Apparel,Formal Shirt,2,2999,COD,B2C
AMZ-1000376,2023-03-26,Delivered,Amazon,Amazon.in,DELHI,Home & Kitchen,Storage Container Set,2,13429.28,Wallet,B2C
AMZ-1000377,2023-05-30,Delivered,Merchant,Amazon.in,DELHI,Books,Sapiens,1,733.15,Wallet,B2C
AMZ-1000378,2023-05-26,Delivered,Merchant,Amazon.in,DELHI,Apparel,Sports Shorts,2,3451.1,UPI,B2C
AMZ-1000379,2023-06-27,Delivered,Amazon,Amazon.in,HARYANA,Footwear,Trail Hiking Boots,1,5125.18,Card,B2C
AMZ-1000380,2023-03-01,Pending,Amazon,Amazon.in,MAHARASHTRA,Sports & Fitness,Badminton Racket,2,5807.25,Card,B2C
AMZ-1000381,2023-06-22,Delivered,Merchant,Amazon.in,DELHI,Electronics,Laptop Backpack,2,86943.44,UPI,B2C
AMZ-1000382,2023-05-04,Delivered,Merchant,Amazon.in,DELHI,Home & Kitchen,Non-Stick Cookware Set,1,6673.09,UPI,B2C
AMZ-1000383,2023-03-11,Shipped,Amazon,Amazon.in,UTTAR PRADESH,Apparel,Formal Shirt,2,4378.32,UPI,B2C
AMZ-1000384,2023-06-11,Cancelled,Amazon,Amazon.in,TELANGANA,Beauty,Perfume EDT 100ml,2,985.84,COD,B2C
AMZ-1000385,2023-03-24,Delivered,Amazon,Amazon.in,MAHARASHTRA,Beauty,Shampoo Anti-Dandruff,1,1715.81,UPI,B2C
AMZ-1000386,2023-04-21,Delivered,Amazon,Amazon.in,RAJASTHAN,Home & Kitchen,Vacuum Flask,1,686.38,Card,B2C
AMZ-1000387,2023-04-30,Delivered,Amazon,Amazon.in,KARNATAKA,Apparel,Cotton T-Shirt Slim Fit,1,2587.52,Card,B2C
AMZ-1000388,2023-05-17,Delivered,Amazon,Amazon.in,TAMIL NADU,Apparel,Formal Shirt,2,3263.32,Card,B2C
AMZ-1000389,2023-05-17,Delivered,Merchant,Amazon.in,MAHARASHTRA,Electronics,USB-C Fast Charger,2,71737.97,COD,B2C
AMZ-1000390,2023-05-23,Delivered,Merchant,Amazon.in,RAJASTHAN,Apparel,Sports Shorts,1,2426.77,Card,B2C
AMZ-1000391,2023-05-06,Delivered,Amazon,Amazon.in,MAHARASHTRA,Apparel,Winter Sweatshirt,1,2820.1,UPI,B2C
AMZ-1000392,2023-05-31,Delivered,Merchant,Amazon.in,KERALA,Books,Sapiens,1,323.61,UPI,B2C
AMZ-1000393,2023-05-01,Pending,Merchant,Amazon.in,PUNJAB,Sports & Fitness,Yoga Mat 6mm,1,5426.09,Card,B2C
AMZ-1000394,2023-03-27,Delivered,Amazon,Amazon.in,WEST BENGAL,Apparel,Cotton T-Shirt Slim Fit,1,3065.44,Wallet,B2C
AMZ-1000395,2023-04-24,Shipped,Amazon,Amazon.in,PUNJAB,Electronics,Power Bank 20000mAh,1,34224.93,Card,B2C
AMZ-1000396,2023-03-19,Cancelled,Amazon,Amazon.in,WEST BENGAL,Apparel,Sports Shorts,1,1228.43,COD,B2C
AMZ-1000397,2023-05-10,Delivered,Amazon,Amazon.in,KARNATAKA,Apparel,Leather Belt,1,709.94,UPI,B2C
AMZ-1000398,2023-03-15,Delivered,Amazon,Amazon.in,TAMIL NADU,Sports & Fitness,Skipping Rope,1,2347.52,Card,B2B
AMZ-1000399,2023-04-24,Shipped,Amazon,Amazon.in,TELANGANA,Home & Kitchen,Steel Water Bottle 1L,1,10157.17,UPI,B2C
AMZ-1000400,2023-05-05,Delivered,Amazon,Amazon.in,MAHARASHTRA,Books,Ikigai,2,1727.54,UPI,B2C
AMZ-1000401,2023-03-31,Delivered,Amazon,Amazon.in,RAJASTHAN,Home & Kitchen,Vacuum Flask,1,2225.48,Wallet,B2C
AMZ-1000402,2023-04-01,Delivered,Amazon,Amazon.in,MAHARASHTRA,Footwear,Formal Leather Shoes,2,9175.23,COD,B2C
AMZ-1000403,2023-04-26,Delivered,Merchant,Amazon.in,KERALA,Books,The Psychology of Money,1,566.63,UPI,B2C
AMZ-1000404,2023-05-14,Delivered,Amazon,Amazon.in,WEST BENGAL,Footwear,Running Shoes,1,2385.72,UPI,B2C
AMZ-1000405,2023-03-17,Delivered,Amazon,Amazon.in,KARNATAKA,Books,Atomic Habits,1,1144.07,UPI,B2C
AMZ-1000406,2023-04-25,Delivered,Amazon,Amazon.in,TELANGANA,Footwear,Running Shoes,1,5455.66,Card,B2C
AMZ-1000407,2023-05-22,Delivered,Amazon,Amazon.in,MAHARASHTRA,Books,Sapiens,1,1095.34,Net Banking,B2C
AMZ-1000408,2023-05-27,Cancelled,Merchant,Amazon.in,UTTAR PRADESH,Electronics,Wireless Earbuds Pro,1,28104.75,COD,B2C
AMZ-1000409,2023-03-18,Delivered,Amazon,Amazon.in,KERALA,Electronics,USB-C Fast Charger,1,11108.37,Net Banking,B2C
AMZ-1000410,2023-06-18,Cancelled,Amazon,Amazon.in,KARNATAKA,Electronics,Wireless Earbuds Pro,2,13501.15,COD,B2C
AMZ-1000411,2023-06-14,Delivered,Amazon,Amazon.in,TELANGANA,Footwear,Casual Sneakers,1,2668.4,UPI,B2C
AMZ-1000412,2023-06-25,Shipped,Amazon,Amazon.in,RAJASTHAN,Sports & Fitness,Skipping Rope,2,6032.15,Card,B2C
AMZ-1000413,2023-05-20,Delivered,Merchant,Amazon.in,HARYANA,Electronics,Wireless Earbuds Pro,2,56401.3,Net Banking,B2B
AMZ-1000414,2023-06-29,Cancelled,Merchant,Amazon.in,GUJARAT,Footwear,Running Shoes,1,1913.67,COD,B2C
AMZ-1000415,2023-03-29,Delivered,Merchant,Amazon.in,KARNATAKA,Electronics,USB-C Fast Charger,1,1694.41,Card,B2C
AMZ-1000416,2023-03-17,Delivered,Amazon,Amazon.in,UTTAR PRADESH,Apparel,Denim Jacket,1,917.75,UPI,B2C
AMZ-1000417,2023-06-09,Delivered,Amazon,Amazon.in,BIHAR,Home & Kitchen,Vacuum Flask,1,1064.81,UPI,B2C
AMZ-1000418,2023-03-30,Delivered,Amazon,Amazon.in,TAMIL NADU,Apparel,Sports Shorts,1,3029.29,Card,B2C
AMZ-1000419,2023-05-13,Delivered,Amazon,Amazon.in,TAMIL NADU,Beauty,Beard Oil,1,2158.43,UPI,B2C
AMZ-1000420,2023-03-02,Delivered,Merchant,Amazon.in,WEST BENGAL,Apparel,Winter Sweatshirt,2,1612.45,COD,B2C
AMZ-1000421,2023-06-13,Delivered,Merchant,Amazon.in,GUJARAT,Apparel,Kurta Set,1,3400.24,UPI,B2C
AMZ-1000422,2023-05-18,Shipped,Amazon,Amazon.in,KERALA,Apparel,Kurta Set,1,3308.07,UPI,B2C
AMZ-1000423,2023-05-31,Delivered,Amazon,Amazon.in,MAHARASHTRA,Electronics,USB-C Fast Charger,1,30471.49,COD,B2C
AMZ-1000424,2023-04-08,Delivered,Merchant,Amazon.in,MAHARASHTRA,Home & Kitchen,Vacuum Flask,1,7286.4,Wallet,B2C
AMZ-1000425,2023-04-03,Delivered,Amazon,Amazon.in,MADHYA PRADESH,Electronics,HDMI Cable 2m,2,60870.16,Wallet,B2C
AMZ-1000426,2023-04-23,Delivered,Amazon,Amazon.in,TAMIL NADU,Footwear,Formal Leather Shoes,1,2707.95,UPI,B2C
AMZ-1000427,2023-05-28,Delivered,Amazon,Amazon.in,KARNATAKA,Footwear,Casual Sneakers,1,4762.17,UPI,B2C
AMZ-1000428,2023-05-12,Delivered,Merchant,Amazon.in,MAHARASHTRA,Home & Kitchen,Storage Container Set,1,6320.32,COD,B2C
AMZ-1000429,2023-05-05,Delivered,Amazon,Amazon.in,MADHYA PRADESH,Books,Think and Grow Rich,1,154.67,COD,B2C
AMZ-1000430,2023-04-25,Shipped,Amazon,Amazon.in,DELHI,Sports & Fitness,Cricket Bat,1,1317.19,Net Banking,B2C
AMZ-1000431,2023-04-18,Delivered,Merchant,Amazon.in,DELHI,Apparel,Winter Sweatshirt,1,1257.08,COD,B2C
AMZ-1000432,2023-03-11,Cancelled,Amazon,Amazon.in,TELANGANA,Apparel,Sports Shorts,1,2026.31,COD,B2B
AMZ-1000433,2023-03-16,Returned,Amazon,Amazon.in,BIHAR,Home & Kitchen,LED Table Lamp,2,1133.86,UPI,B2C
AMZ-1000434,2023-06-02,Delivered,Amazon,Amazon.in,TAMIL NADU,Apparel,Leather Belt,2,2419.46,Net Banking,B2C
AMZ-1000435,2023-04-29,Delivered,Merchant,Amazon.in,RAJASTHAN,Apparel,Formal Shirt,1,2103.14,UPI,B2C
AMZ-1000436,2023-06-02,Delivered,Amazon,Amazon.in,TELANGANA,Electronics,USB-C Fast Charger,1,7100.91,Card,B2C
AMZ-1000437,2023-05-30,Delivered,Merchant,Amazon.in,DELHI,Home & Kitchen,Vacuum Flask,1,3335.67,COD,B2B
AMZ-1000438,2023-04-09,Delivered,Merchant,Amazon.in,GUJARAT,Electronics,Smart Watch Series 5,1,22773.68,COD,B2C
AMZ-1000439,2023-05-17,Delivered,Amazon,Amazon.in,UTTAR PRADESH,Electronics,Smart Watch Series 5,2,18703.06,UPI,B2C
AMZ-1000440,2023-03-04,Delivered,Merchant,Amazon.in,DELHI,Beauty,Vitamin C Face Serum,2,1961.84,Wallet,B2C
AMZ-1000441,2023-05-02,Shipped,Amazon,Amazon.in,WEST BENGAL,Apparel,Leather Belt,2,3029.4,Net Banking,B2C
AMZ-1000442,2023-03-22,Delivered,Amazon,Amazon.in,MAHARASHTRA,Apparel,Polo T-Shirt,3,5648.67,UPI,B2C
AMZ-1000443,2023-06-29,Shipped,Merchant,Amazon.in,TAMIL NADU,Home & Kitchen,Steel Water Bottle 1L,1,6881.38,UPI,B2C
AMZ-1000444,2023-04-30,Delivered,Amazon,Amazon.in,UTTAR PRADESH,Home & Kitchen,Mixer Grinder 750W,2,9365.79,Card,B2C
AMZ-1000445,2023-05-10,Delivered,Merchant,Amazon.in,UTTAR PRADESH,Home & Kitchen,Vacuum Flask,2,9697.76,Wallet,B2C
AMZ-1000446,2023-05-01,Delivered,Amazon,Amazon.in,KARNATAKA,Apparel,Denim Jacket,1,2272.65,UPI,B2C
AMZ-1000447,2023-04-01,Delivered,Amazon,Amazon.in,DELHI,Books,The Psychology of Money,1,467.99,Card,B2C
AMZ-1000448,2023-06-28,Delivered,Merchant,Amazon.in,DELHI,Apparel,Cotton T-Shirt Slim Fit,1,1398,UPI,B2C
AMZ-1000449,2023-06-19,Delivered,Amazon,Amazon.in,TAMIL NADU,Apparel,Denim Jacket,1,439.05,Card,B2B
AMZ-1000450,2023-03-06,Delivered,Amazon,Amazon.in,KARNATAKA,Footwear,Flip Flops,2,4946.06,UPI,B2C
AMZ-1000451,2023-05-07,Delivered,Amazon,Amazon.in,MAHARASHTRA,Books,Deep Work,2,951.37,Card,B2C
AMZ-1000452,2023-06-25,Delivered,Amazon,Amazon.in,HARYANA,Home & Kitchen,Curtain Set 7ft,2,12820.65,COD,B2C
AMZ-1000453,2023-03-13,Delivered,Amazon,Amazon.in,TAMIL NADU,Electronics,Laptop Backpack,3,126890.08,UPI,B2C
AMZ-1000454,2023-06-06,Delivered,Merchant,Amazon.in,RAJASTHAN,Home & Kitchen,Storage Container Set,2,22601.63,COD,B2C
AMZ-1000455,2023-04-28,Delivered,Merchant,Amazon.in,MAHARASHTRA,Books,Rich Dad Poor Dad,2,1290.96,COD,B2C
AMZ-1000456,2023-05-29,Delivered,Amazon,Amazon.in,KARNATAKA,Sports & Fitness,Badminton Racket,1,2160.28,Wallet,B2C
AMZ-1000457,2023-04-30,Cancelled,Amazon,Amazon.in,DELHI,Footwear,Trail Hiking Boots,1,4317.64,COD,B2C
AMZ-1000458,2023-03-09,Delivered,Amazon,Amazon.in,WEST BENGAL,Beauty,Perfume EDT 100ml,1,1493.55,COD,B2C
AMZ-1000459,2023-06-12,Delivered,Merchant,Amazon.in,RAJASTHAN,Beauty,Hair Dryer 1600W,1,450.03,Card,B2C
AMZ-1000460,2023-05-15,Shipped,Amazon,Amazon.in,UTTAR PRADESH,Home & Kitchen,Vacuum Flask,1,8133.92,UPI,B2C
AMZ-1000461,2023-06-07,Cancelled,Amazon,Amazon.in,GUJARAT,Apparel,Denim Jacket,1,3257.41,COD,B2C
AMZ-1000462,2023-04-13,Delivered,Merchant,Amazon.in,TAMIL NADU,Footwear,Canvas Shoes,1,3148.86,UPI,B2C
AMZ-1000463,2023-04-01,Delivered,Amazon,Amazon.in,PUNJAB,Footwear,Canvas Shoes,1,4676.02,COD,B2C
AMZ-1000464,2023-06-28,Delivered,Amazon,Amazon.in,TAMIL NADU,Footwear,Formal Leather Shoes,2,6168.49,Wallet,B2C
AMZ-1000465,2023-04-15,Shipped,Amazon,Amazon.in,TELANGANA,Electronics,Bluetooth Speaker,1,35008.67,Net Banking,B2C
AMZ-1000466,2023-03-07,Delivered,Amazon,Amazon.in,MAHARASHTRA,Apparel,Formal Shirt,1,2837.52,COD,B2C
AMZ-1000467,2023-06-27,Delivered,Amazon,Amazon.in,MADHYA PRADESH,Apparel,Formal Shirt,2,5312.28,UPI,B2C
AMZ-1000468,2023-04-05,Delivered,Merchant,Amazon.in,RAJASTHAN,Beauty,Beard Oil,1,1602.46,Net Banking,B2C
AMZ-1000469,2023-06-02,Returned,Amazon,Amazon.in,WEST BENGAL,Electronics,Smart Watch Series 5,1,35017.27,Card,B2C
AMZ-1000470,2023-05-01,Delivered,Amazon,Amazon.in,KARNATAKA,Books,Think and Grow Rich,2,1245.08,Card,B2B
AMZ-1000471,2023-04-08,Cancelled,Merchant,Amazon.in,KERALA,Electronics,Smart TV 43" 4K,1,26251.64,COD,B2C
AMZ-1000472,2023-05-10,Delivered,Amazon,Amazon.in,DELHI,Apparel,Denim Jacket,1,490.94,UPI,B2C
AMZ-1000473,2023-06-09,Delivered,Merchant,Amazon.in,KARNATAKA,Books,Ikigai,1,887.57,COD,B2C
AMZ-1000474,2023-03-24,Shipped,Merchant,Amazon.in,MAHARASHTRA,Footwear,Trail Hiking Boots,1,3948.04,COD,B2C
AMZ-1000475,2023-03-20,Delivered,Amazon,Amazon.in,MAHARASHTRA,Sports & Fitness,Foam Roller,1,7795.69,UPI,B2C
AMZ-1000476,2023-04-04,Shipped,Merchant,Amazon.in,MAHARASHTRA,Electronics,HDMI Cable 2m,1,31854.96,UPI,B2C
AMZ-1000477,2023-04-22,Delivered,Amazon,Amazon.in,GUJARAT,Sports & Fitness,Yoga Mat 6mm,2,8417.19,Card,B2C
AMZ-1000478,2023-04-04,Delivered,Amazon,Amazon.in,UTTAR PRADESH,Footwear,Trail Hiking Boots,2,1293.14,COD,B2C
AMZ-1000479,2023-04-01,Delivered,Amazon,Amazon.in,KARNATAKA,Apparel,Cotton T-Shirt Slim Fit,1,3307.14,Net Banking,B2C
AMZ-1000480,2023-05-30,Returned,Amazon,Amazon.in,MADHYA PRADESH,Sports & Fitness,Foam Roller,1,7421.11,Card,B2C
AMZ-1000481,2023-04-11,Delivered,Amazon,Amazon.in,KARNATAKA,Apparel,Kurta Set,2,2273.13,Card,B2C
AMZ-1000482,2023-04-26,Shipped,Merchant,Amazon.in,KERALA,Sports & Fitness,Cricket Bat,1,3486.48,UPI,B2C
AMZ-1000483,2023-04-01,Delivered,Amazon,Amazon.in,MAHARASHTRA,Home & Kitchen,Bedsheet Double,2,15107.05,Card,B2C
AMZ-1000484,2023-06-15,Shipped,Merchant,Amazon.in,DELHI,Home & Kitchen,Curtain Set 7ft,1,1848.43,UPI,B2C
AMZ-1000485,2023-05-22,Delivered,Amazon,Amazon.in,KARNATAKA,Apparel,Cotton T-Shirt Slim Fit,1,3290.19,Wallet,B2C
AMZ-1000486,2023-05-06,Delivered,Amazon,Amazon.in,MAHARASHTRA,Sports & Fitness,Yoga Mat 6mm,1,2237.89,Card,B2C
AMZ-1000487,2023-05-10,Cancelled,Amazon,Amazon.in,UTTAR PRADESH,Books,The Psychology of Money,1,621.79,COD,B2C
AMZ-1000488,2023-03-27,Cancelled,Amazon,Amazon.in,WEST BENGAL,Electronics,Wireless Earbuds Pro,2,39885.89,COD,B2C
AMZ-1000489,2023-04-21,Delivered,Merchant,Amazon.in,KERALA,Apparel,Polo T-Shirt,1,2393.18,COD,B2C
AMZ-1000490,2023-06-05,Shipped,Amazon,Amazon.in,KERALA,Electronics,Smart Watch Series 5,1,15816.14,Wallet,B2C
AMZ-1000491,2023-06-07,Delivered,Amazon,Amazon.in,KERALA,Electronics,HDMI Cable 2m,1,39453.28,Wallet,B2C
AMZ-1000492,2023-06-12,Cancelled,Amazon,Amazon.in,HARYANA,Home & Kitchen,Steel Water Bottle 1L,2,16200.18,COD,B2C
AMZ-1000493,2023-03-25,Returned,Amazon,Amazon.in,TAMIL NADU,Beauty,Hair Dryer 1600W,1,537.3,Card,B2C
AMZ-1000494,2023-05-26,Delivered,Merchant,Amazon.in,WEST BENGAL,Electronics,Power Bank 20000mAh,1,27482.66,Net Banking,B2C
AMZ-1000495,2023-04-10,Delivered,Merchant,Amazon.in,MAHARASHTRA,Electronics,Power Bank 20000mAh,2,13283.09,UPI,B2C
AMZ-1000496,2023-05-15,Delivered,Amazon,Amazon.in,RAJASTHAN,Beauty,Lipstick Matte Set,1,2067.2,Card,B2C
AMZ-1000497,2023-05-29,Delivered,Amazon,Amazon.in,HARYANA,Home & Kitchen,Vacuum Flask,1,9651.52,Card,B2C
AMZ-1000498,2023-05-02,Returned,Amazon,Amazon.in,KARNATAKA,Home & Kitchen,LED Table Lamp,1,3886.13,Card,B2C
AMZ-1000499,2023-03-23,Delivered,Amazon,Amazon.in,DELHI,Electronics,Power Bank 20000mAh,1,33985.92,COD,B2C
AMZ-1000500,2023-03-21,Delivered,Amazon,Amazon.in,TAMIL NADU,Sports & Fitness,Football Size 5,1,2036.99,Net Banking,B2C
AMZ-1000501,2023-04-30,Shipped,Amazon,Amazon.in,DELHI,Electronics,Wireless Earbuds Pro,1,9350.27,UPI,B2C
AMZ-1000502,2023-05-10,Delivered,Amazon,Amazon.in,HARYANA,Books,Think and Grow Rich,2,1008.16,Wallet,B2C
AMZ-1000503,2023-03-10,Delivered,Amazon,Amazon.in,TAMIL NADU,Electronics,Wireless Earbuds Pro,1,5258.28,Net Banking,B2C
AMZ-1000504,2023-06-05,Delivered,Amazon,Amazon.in,TAMIL NADU,Books,Rich Dad Poor Dad,1,752.18,COD,B2C
AMZ-1000505,2023-03-15,Delivered,Merchant,Amazon.in,RAJASTHAN,Apparel,Formal Shirt,2,2351.34,Wallet,B2C
AMZ-1000506,2023-03-07,Delivered,Amazon,Amazon.in,KARNATAKA,Beauty,Face Wash Neem,1,1271.62,Card,B2C
AMZ-1000507,2023-06-14,Delivered,Amazon,Amazon.in,PUNJAB,Apparel,Sports Shorts,2,5906.06,UPI,B2C
AMZ-1000508,2023-04-28,Delivered,Merchant,Amazon.in,KARNATAKA,Apparel,Kurta Set,3,5435.26,COD,B2C
AMZ-1000509,2023-03-28,Cancelled,Amazon,Amazon.in,WEST BENGAL,Home & Kitchen,Bedsheet Double,1,9562.05,COD,B2C
AMZ-1000510,2023-05-10,Delivered,Amazon,Amazon.in,KARNATAKA,Beauty,Perfume EDT 100ml,1,2096.47,COD,B2C
AMZ-1000511,2023-04-05,Delivered,Merchant,Amazon.in,UTTAR PRADESH,Home & Kitchen,Curtain Set 7ft,1,2681.5,COD,B2C
AMZ-1000512,2023-06-20,Shipped,Amazon,Amazon.in,TAMIL NADU,Beauty,Beard Oil,1,2428.08,Card,B2C
AMZ-1000513,2023-05-23,Delivered,Amazon,Amazon.in,KARNATAKA,Apparel,Kurta Set,1,1173.14,Wallet,B2C
AMZ-1000514,2023-05-28,Delivered,Amazon,Amazon.in,KERALA,Books,The Psychology of Money,1,573.4,Card,B2C
AMZ-1000515,2023-05-03,Delivered,Amazon,Amazon.in,WEST BENGAL,Home & Kitchen,Curtain Set 7ft,1,1693.22,Card,B2C
AMZ-1000516,2023-06-03,Delivered,Merchant,Amazon.in,KERALA,Footwear,Canvas Shoes,1,4148.81,UPI,B2C
AMZ-1000517,2023-06-22,Delivered,Amazon,Amazon.in,UTTAR PRADESH,Apparel,Leather Belt,2,1801.58,UPI,B2C
AMZ-1000518,2023-06-05,Cancelled,Merchant,Amazon.in,MAHARASHTRA,Sports & Fitness,Skipping Rope,1,7820.72,UPI,B2C
AMZ-1000519,2023-04-08,Delivered,Merchant,Amazon.in,HARYANA,Electronics,Smart Watch Series 5,1,2790.44,Card,B2C
AMZ-1000520,2023-04-22,Delivered,Amazon,Amazon.in,KARNATAKA,Electronics,Laptop Backpack,1,38313.87,Card,B2C
AMZ-1000521,2023-05-13,Delivered,Amazon,Amazon.in,WEST BENGAL,Apparel,Polo T-Shirt,1,3448.97,UPI,B2C
AMZ-1000522,2023-03-24,Delivered,Merchant,Amazon.in,WEST BENGAL,Apparel,Formal Shirt,2,1751.61,UPI,B2C
AMZ-1000523,2023-05-29,Delivered,Amazon,Amazon.in,DELHI,Electronics,Wireless Earbuds Pro,1,15138.95,UPI,B2C
AMZ-1000524,2023-04-14,Delivered,Amazon,Amazon.in,WEST BENGAL,Apparel,Sports Shorts,2,1842.18,Net Banking,B2C
AMZ-1000525,2023-04-06,Delivered,Amazon,Amazon.in,KARNATAKA,Books,Ikigai,2,1299.62,UPI,B2C
AMZ-1000526,2023-04-18,Delivered,Amazon,Amazon.in,TELANGANA,Beauty,Perfume EDT 100ml,1,200.47,COD,B2C
AMZ-1000527,2023-04-19,Delivered,Amazon,Amazon.in,MAHARASHTRA,Electronics,Smart TV 43" 4K,1,5634.9,Wallet,B2C
AMZ-1000528,2023-04-10,Delivered,Amazon,Amazon.in,TAMIL NADU,Electronics,Bluetooth Speaker,1,19989.82,COD,B2C
AMZ-1000529,2023-04-15,Delivered,Amazon,Amazon.in,MAHARASHTRA,Electronics,Power Bank 20000mAh,1,5691.79,Net Banking,B2C
AMZ-1000530,2023-06-07,Delivered,Amazon,Amazon.in,WEST BENGAL,Beauty,Shampoo Anti-Dandruff,2,1554.61,UPI,B2C
AMZ-1000531,2023-04-07,Delivered,Amazon,Amazon.in,PUNJAB,Apparel,Cotton T-Shirt Slim Fit,1,1121.36,Net Banking,B2C
AMZ-1000532,2023-06-25,Delivered,Amazon,Amazon.in,MAHARASHTRA,Footwear,Casual Sneakers,1,4217.73,Net Banking,B2C
AMZ-1000533,2023-05-17,Delivered,Amazon,Amazon.in,TELANGANA,Apparel,Kurta Set,1,942.11,UPI,B2C
AMZ-1000534,2023-03-27,Delivered,Amazon,Amazon.in,TAMIL NADU,Beauty,Shampoo Anti-Dandruff,1,1707.94,UPI,B2C
AMZ-1000535,2023-06-19,Delivered,Amazon,Amazon.in,MAHARASHTRA,Sports & Fitness,Skipping Rope,1,5544.73,UPI,B2C
AMZ-1000536,2023-04-28,Delivered,Amazon,Amazon.in,TELANGANA,Home & Kitchen,Steel Water Bottle 1L,1,9766.2,UPI,B2B
AMZ-1000537,2023-06-11,Cancelled,Amazon,Amazon.in,TELANGANA,Electronics,Wireless Earbuds Pro,1,39754.07,COD,B2C
AMZ-1000538,2023-06-25,Delivered,Amazon,Amazon.in,UTTAR PRADESH,Home & Kitchen,Curtain Set 7ft,1,8207.09,COD,B2C
AMZ-1000539,2023-06-05,Delivered,Amazon,Amazon.in,MAHARASHTRA,Beauty,Face Wash Neem,1,533.42,UPI,B2C
AMZ-1000540,2023-06-28,Delivered,Amazon,Amazon.in,TELANGANA,Sports & Fitness,Foam Roller,2,1874.53,Card,B2C
AMZ-1000541,2023-05-21,Returned,Merchant,Amazon.in,KARNATAKA,Books,Think and Grow Rich,1,1111.59,Wallet,B2C
AMZ-1000542,2023-03-22,Delivered,Merchant,Amazon.in,HARYANA,Electronics,USB-C Fast Charger,1,30459.04,COD,B2C
AMZ-1000543,2023-03-19,Delivered,Amazon,Amazon.in,BIHAR,Home & Kitchen,Non-Stick Cookware Set,1,9945.66,Net Banking,B2C
AMZ-1000544,2023-05-16,Delivered,Amazon,Amazon.in,KERALA,Footwear,Canvas Shoes,1,1814.17,Card,B2C
AMZ-1000545,2023-03-09,Delivered,Amazon,Amazon.in,TAMIL NADU,Apparel,Cotton T-Shirt Slim Fit,1,2009.92,UPI,B2C
AMZ-1000546,2023-05-23,Delivered,Amazon,Amazon.in,TELANGANA,Electronics,Bluetooth Speaker,1,24101.28,Card,B2C
AMZ-1000547,2023-05-25,Returned,Amazon,Amazon.in,WEST BENGAL,Books,Ikigai,2,1490.61,UPI,B2C
AMZ-1000548,2023-04-06,Delivered,Amazon,Amazon.in,GUJARAT,Apparel,Sports Shorts,1,1851.66,Card,B2C
AMZ-1000549,2023-03-07,Delivered,Amazon,Amazon.in,MAHARASHTRA,Beauty,Hair Dryer 1600W,1,601.41,COD,B2C
AMZ-1000550,2023-05-04,Delivered,Amazon,Amazon.in,HARYANA,Apparel,Formal Shirt,1,1282.26,Card,B2C
AMZ-1000551,2023-05-07,Shipped,Amazon,Amazon.in,KARNATAKA,Apparel,Formal Shirt,2,3944.32,UPI,B2C
AMZ-1000552,2023-05-14,Cancelled,Amazon,Amazon.in,RAJASTHAN,Footwear,Casual Sneakers,1,2673.06,Net Banking,B2B
AMZ-1000553,2023-06-16,Delivered,Amazon,Amazon.in,UTTAR PRADESH,Electronics,Wireless Earbuds Pro,1,44812.73,UPI,B2C
AMZ-1000554,2023-06-19,Delivered,Amazon,Amazon.in,TELANGANA,Apparel,Leather Belt,1,3372.44,UPI,B2B
AMZ-1000555,2023-05-04,Delivered,Amazon,Amazon.in,TAMIL NADU,Apparel,Formal Shirt,2,5198.44,UPI,B2C
AMZ-1000556,2023-05-08,Delivered,Merchant,Amazon.in,KARNATAKA,Apparel,Leather Belt,1,3013.41,Card,B2C
AMZ-1000557,2023-03-12,Delivered,Merchant,Amazon.in,MAHARASHTRA,Footwear,Casual Sneakers,1,1651.37,Card,B2C
AMZ-1000558,2023-03-20,Delivered,Amazon,Amazon.in,HARYANA,Apparel,Formal Shirt,1,1118.22,Card,B2C
AMZ-1000559,2023-03-10,Delivered,Amazon,Amazon.in,TAMIL NADU,Apparel,Kurta Set,1,2223.59,Card,B2C
AMZ-1000560,2023-06-28,Delivered,Amazon,Amazon.in,WEST BENGAL,Apparel,Winter Sweatshirt,1,3134.96,Card,B2C
AMZ-1000561,2023-05-27,Delivered,Merchant,Amazon.in,MAHARASHTRA,Footwear,Sports Sandals,1,795.69,Wallet,B2C
AMZ-1000562,2023-06-29,Delivered,Amazon,Amazon.in,TAMIL NADU,Sports & Fitness,Dumbbell Set 10kg,2,10679.47,Card,B2C
AMZ-1000563,2023-05-27,Delivered,Amazon,Amazon.in,MAHARASHTRA,Electronics,HDMI Cable 2m,1,42241.62,Net Banking,B2C
AMZ-1000564,2023-04-18,Returned,Merchant,Amazon.in,KERALA,Electronics,Laptop Backpack,1,25190.87,Wallet,B2C
AMZ-1000565,2023-05-23,Delivered,Amazon,Amazon.in,TELANGANA,Beauty,Hair Dryer 1600W,1,1242.87,UPI,B2C
AMZ-1000566,2023-04-10,Delivered,Amazon,Amazon.in,DELHI,Home & Kitchen,Non-Stick Cookware Set,1,7988.22,UPI,B2C
AMZ-1000567,2023-03-07,Delivered,Merchant,Amazon.in,MAHARASHTRA,Beauty,Lipstick Matte Set,2,482.59,Card,B2C
AMZ-1000568,2023-05-14,Delivered,Amazon,Amazon.in,DELHI,Electronics,Laptop Backpack,1,42232.08,Net Banking,B2C
AMZ-1000569,2023-03-15,Delivered,Amazon,Amazon.in,KARNATAKA,Home & Kitchen,Curtain Set 7ft,1,9914.37,Wallet,B2C
AMZ-1000570,2023-05-12,Delivered,Amazon,Amazon.in,HARYANA,Books,Think and Grow Rich,1,384.52,Net Banking,B2C
AMZ-1000571,2023-05-05,Delivered,Merchant,Amazon.in,MADHYA PRADESH,Home & Kitchen,Mixer Grinder 750W,1,945.27,UPI,B2C
AMZ-1000572,2023-06-01,Cancelled,Amazon,Amazon.in,RAJASTHAN,Sports & Fitness,Cricket Bat,1,3027.97,COD,B2C
AMZ-1000573,2023-06-23,Cancelled,Amazon,Amazon.in,MADHYA PRADESH,Apparel,Kurta Set,2,4049.96,COD,B2C
AMZ-1000574,2023-04-22,Delivered,Merchant,Amazon.in,TELANGANA,Sports & Fitness,Football Size 5,1,6277.33,COD,B2C
AMZ-1000575,2023-06-18,Delivered,Amazon,Amazon.in,TELANGANA,Books,Rich Dad Poor Dad,1,736.93,Wallet,B2C
AMZ-1000576,2023-06-11,Delivered,Amazon,Amazon.in,DELHI,Home & Kitchen,Vacuum Flask,1,2918.83,UPI,B2C
AMZ-1000577,2023-03-14,Delivered,Amazon,Amazon.in,PUNJAB,Electronics,HDMI Cable 2m,1,42374.68,COD,B2C
AMZ-1000578,2023-05-05,Delivered,Amazon,Amazon.in,WEST BENGAL,Electronics,Smart Watch Series 5,1,14989.18,Card,B2C
AMZ-1000579,2023-05-06,Cancelled,Amazon,Amazon.in,MAHARASHTRA,Apparel,Denim Jacket,1,2078.86,COD,B2C
AMZ-1000580,2023-05-01,Delivered,Amazon,Amazon.in,TAMIL NADU,Electronics,Smart TV 43" 4K,2,44785.65,Card,B2C
AMZ-1000581,2023-03-25,Delivered,Amazon,Amazon.in,TAMIL NADU,Beauty,Beard Oil,1,1184.74,Wallet,B2C
AMZ-1000582,2023-03-31,Delivered,Amazon,Amazon.in,DELHI,Electronics,Smart Watch Series 5,2,25538.76,Card,B2C
AMZ-1000583,2023-05-06,Delivered,Merchant,Amazon.in,TELANGANA,Electronics,Laptop Backpack,2,69250.78,UPI,B2C
AMZ-1000584,2023-03-14,Delivered,Amazon,Amazon.in,MAHARASHTRA,Books,The Alchemist,1,751.44,UPI,B2C
AMZ-1000585,2023-03-02,Delivered,Amazon,Amazon.in,GUJARAT,Apparel,Winter Sweatshirt,2,6365.94,COD,B2C
AMZ-1000586,2023-06-19,Cancelled,Amazon,Amazon.in,DELHI,Electronics,Smart TV 43" 4K,1,23209.41,COD,B2C
AMZ-1000587,2023-03-21,Delivered,Amazon,Amazon.in,MAHARASHTRA,Books,Think and Grow Rich,1,484.12,UPI,B2C
AMZ-1000588,2023-04-19,Delivered,Amazon,Amazon.in,RAJASTHAN,Apparel,Sports Shorts,2,1149.36,UPI,B2C
AMZ-1000589,2023-06-06,Pending,Merchant,Amazon.in,RAJASTHAN,Footwear,Canvas Shoes,1,3797.59,Card,B2C
AMZ-1000590,2023-03-14,Delivered,Amazon,Amazon.in,UTTAR PRADESH,Home & Kitchen,Non-Stick Cookware Set,3,13857.06,COD,B2C
AMZ-1000591,2023-06-25,Shipped,Amazon,Amazon.in,TELANGANA,Sports & Fitness,Dumbbell Set 10kg,2,5411.64,Card,B2C
AMZ-1000592,2023-04-13,Cancelled,Merchant,Amazon.in,KARNATAKA,Electronics,Smart Watch Series 5,1,10529.49,COD,B2C
AMZ-1000593,2023-06-29,Delivered,Amazon,Amazon.in,HARYANA,Electronics,Laptop Backpack,2,38535.85,COD,B2C
AMZ-1000594,2023-03-27,Shipped,Merchant,Amazon.in,PUNJAB,Electronics,USB-C Fast Charger,1,29176.12,Card,B2C
AMZ-1000595,2023-04-11,Shipped,Merchant,Amazon.in,KARNATAKA,Footwear,Flip Flops,1,2430.37,Net Banking,B2C
AMZ-1000596,2023-04-04,Delivered,Merchant,Amazon.in,KERALA,Home & Kitchen,Storage Container Set,1,9711.66,Wallet,B2C
AMZ-1000597,2023-04-22,Delivered,Amazon,Amazon.in,GUJARAT,Books,Think and Grow Rich,1,211.84,Net Banking,B2C
AMZ-1000598,2023-04-11,Delivered,Merchant,Amazon.in,TAMIL NADU,Sports & Fitness,Dumbbell Set 10kg,2,1230.27,Wallet,B2C
AMZ-1000599,2023-05-12,Delivered,Amazon,Amazon.in,GUJARAT,Electronics,Smart Watch Series 5,2,15265.54,Card,B2C
AMZ-1000600,2023-06-21,Delivered,Amazon,Amazon.in,TELANGANA,Apparel,Winter Sweatshirt,2,3622.41,Net Banking,B2B
AMZ-1000601,2023-05-14,Delivered,Merchant,Amazon.in,WEST BENGAL,Footwear,Sports Sandals,1,1335.46,UPI,B2C
AMZ-1000602,2023-05-16,Delivered,Amazon,Amazon.in,RAJASTHAN,Electronics,Laptop Backpack,1,20474.71,Card,B2C
AMZ-1000603,2023-05-25,Delivered,Amazon,Amazon.in,MADHYA PRADESH,Electronics,Wireless Earbuds Pro,1,35306.42,UPI,B2C
AMZ-1000604,2023-05-07,Delivered,Amazon,Amazon.in,TAMIL NADU,Electronics,HDMI Cable 2m,1,32546.56,Card,B2C
AMZ-1000605,2023-05-15,Pending,Merchant,Amazon.in,TAMIL NADU,Apparel,Sports Shorts,3,5421.48,Card,B2C
AMZ-1000606,2023-06-19,Delivered,Amazon,Amazon.in,WEST BENGAL,Beauty,Vitamin C Face Serum,1,2423.31,UPI,B2C
AMZ-1000607,2023-03-26,Delivered,Amazon,Amazon.in,WEST BENGAL,Home & Kitchen,Steel Water Bottle 1L,3,12252.69,Card,B2C
AMZ-1000608,2023-06-18,Delivered,Amazon,Amazon.in,BIHAR,Footwear,Sports Sandals,1,5972.07,Wallet,B2C
AMZ-1000609,2023-03-19,Pending,Amazon,Amazon.in,PUNJAB,Apparel,Denim Jacket,2,1564.33,COD,B2B
AMZ-1000610,2023-06-21,Cancelled,Amazon,Amazon.in,WEST BENGAL,Apparel,Cotton T-Shirt Slim Fit,1,492.55,COD,B2C
AMZ-1000611,2023-06-07,Delivered,Amazon,Amazon.in,PUNJAB,Home & Kitchen,Bedsheet Double,1,11878.4,COD,B2C
AMZ-1000612,2023-05-19,Delivered,Amazon,Amazon.in,KARNATAKA,Apparel,Kurta Set,1,2806.73,Card,B2C
AMZ-1000613,2023-06-07,Delivered,Merchant,Amazon.in,MAHARASHTRA,Apparel,Sports Shorts,2,1638.17,UPI,B2C
AMZ-1000614,2023-05-22,Delivered,Amazon,Amazon.in,KARNATAKA,Apparel,Formal Shirt,1,1232.13,Wallet,B2C
AMZ-1000615,2023-05-21,Delivered,Amazon,Amazon.in,MAHARASHTRA,Apparel,Formal Shirt,2,3445.06,COD,B2C
AMZ-1000616,2023-06-22,Cancelled,Merchant,Amazon.in,WEST BENGAL,Home & Kitchen,Non-Stick Cookware Set,1,5003.06,COD,B2C
AMZ-1000617,2023-04-17,Delivered,Amazon,Amazon.in,KARNATAKA,Footwear,Loafers,1,4049.71,UPI,B2C
AMZ-1000618,2023-05-15,Returned,Merchant,Amazon.in,MADHYA PRADESH,Footwear,Sports Sandals,1,3195.18,UPI,B2C
AMZ-1000619,2023-05-14,Shipped,Merchant,Amazon.in,GUJARAT,Electronics,USB-C Fast Charger,1,34089.55,COD,B2C
AMZ-1000620,2023-05-23,Cancelled,Amazon,Amazon.in,MAHARASHTRA,Apparel,Kurta Set,1,1354.25,COD,B2C
AMZ-1000621,2023-05-04,Delivered,Merchant,Amazon.in,KARNATAKA,Footwear,Loafers,1,1997.05,COD,B2C
AMZ-1000622,2023-06-29,Shipped,Amazon,Amazon.in,TAMIL NADU,Apparel,Denim Jacket,2,1865.96,UPI,B2C
AMZ-1000623,2023-05-02,Delivered,Merchant,Amazon.in,GUJARAT,Electronics,Smart Watch Series 5,2,43464.41,UPI,B2B
AMZ-1000624,2023-06-15,Delivered,Merchant,Amazon.in,TAMIL NADU,Books,Atomic Habits,3,1546.56,COD,B2C
AMZ-1000625,2023-05-21,Delivered,Merchant,Amazon.in,TELANGANA,Footwear,Flip Flops,1,1631.59,UPI,B2C
AMZ-1000626,2023-05-01,Shipped,Amazon,Amazon.in,TAMIL NADU,Beauty,Lipstick Matte Set,2,3236.03,Card,B2C
AMZ-1000627,2023-04-10,Pending,Amazon,Amazon.in,UTTAR PRADESH,Apparel,Leather Belt,1,2097.28,Card,B2C
AMZ-1000628,2023-03-20,Shipped,Amazon,Amazon.in,KARNATAKA,Apparel,Kurta Set,2,2591.01,COD,B2C
AMZ-1000629,2023-03-27,Delivered,Amazon,Amazon.in,DELHI,Sports & Fitness,Badminton Racket,1,6393.33,COD,B2C
AMZ-1000630,2023-06-02,Delivered,Amazon,Amazon.in,MADHYA PRADESH,Books,Think and Grow Rich,1,776.65,Wallet,B2C
AMZ-1000631,2023-04-30,Delivered,Amazon,Amazon.in,GUJARAT,Footwear,Flip Flops,1,754.32,UPI,B2C
AMZ-1000632,2023-06-20,Delivered,Merchant,Amazon.in,KARNATAKA,Footwear,Canvas Shoes,3,9365.77,Card,B2C
AMZ-1000633,2023-05-10,Delivered,Merchant,Amazon.in,KARNATAKA,Beauty,Shampoo Anti-Dandruff,1,1985.71,UPI,B2C
AMZ-1000634,2023-05-29,Delivered,Amazon,Amazon.in,MAHARASHTRA,Home & Kitchen,Bedsheet Double,1,5819.99,UPI,B2C
AMZ-1000635,2023-06-24,Delivered,Amazon,Amazon.in,TAMIL NADU,Footwear,Formal Leather Shoes,1,2349.95,Card,B2C
AMZ-1000636,2023-05-02,Returned,Merchant,Amazon.in,MAHARASHTRA,Home & Kitchen,Curtain Set 7ft,1,2851.82,COD,B2C
AMZ-1000637,2023-04-27,Delivered,Amazon,Amazon.in,MAHARASHTRA,Footwear,Trail Hiking Boots,1,4458.58,UPI,B2C
AMZ-1000638,2023-03-16,Delivered,Amazon,Amazon.in,MAHARASHTRA,Electronics,HDMI Cable 2m,1,35528,Wallet,B2C
AMZ-1000639,2023-04-18,Returned,Amazon,Amazon.in,KARNATAKA,Electronics,Power Bank 20000mAh,1,10355.61,UPI,B2C
AMZ-1000640,2023-04-30,Delivered,Amazon,Amazon.in,DELHI,Home & Kitchen,Non-Stick Cookware Set,2,1271.69,UPI,B2C
AMZ-1000641,2023-04-03,Delivered,Amazon,Amazon.in,MAHARASHTRA,Footwear,Running Shoes,1,3745.77,Wallet,B2C
AMZ-1000642,2023-04-23,Returned,Amazon,Amazon.in,RAJASTHAN,Home & Kitchen,Storage Container Set,2,3223.68,Card,B2C
AMZ-1000643,2023-04-01,Delivered,Merchant,Amazon.in,KERALA,Home & Kitchen,Mixer Grinder 750W,1,10024.47,Card,B2C
AMZ-1000644,2023-05-29,Delivered,Merchant,Amazon.in,PUNJAB,Electronics,Power Bank 20000mAh,2,43616.88,UPI,B2C
AMZ-1000645,2023-06-03,Delivered,Amazon,Amazon.in,DELHI,Apparel,Leather Belt,1,2158.4,UPI,B2C
AMZ-1000646,2023-04-15,Delivered,Amazon,Amazon.in,DELHI,Books,Think and Grow Rich,3,3523.92,Net Banking,B2C
AMZ-1000647,2023-03-15,Delivered,Merchant,Amazon.in,MAHARASHTRA,Electronics,Wireless Earbuds Pro,1,6520.62,Card,B2C
AMZ-1000648,2023-05-01,Delivered,Merchant,Amazon.in,PUNJAB,Apparel,Winter Sweatshirt,1,589.66,Net Banking,B2C
AMZ-1000649,2023-05-26,Cancelled,Amazon,Amazon.in,RAJASTHAN,Electronics,Smart Watch Series 5,2,66294.22,COD,B2C
AMZ-1000650,2023-04-27,Delivered,Merchant,Amazon.in,DELHI,Electronics,Power Bank 20000mAh,1,23764.12,COD,B2B
AMZ-1000651,2023-05-24,Delivered,Amazon,Amazon.in,GUJARAT,Apparel,Denim Jacket,1,567.76,UPI,B2C
AMZ-1000652,2023-04-20,Delivered,Amazon,Amazon.in,TAMIL NADU,Apparel,Formal Shirt,1,847.18,Card,B2C
AMZ-1000653,2023-06-18,Shipped,Amazon,Amazon.in,TAMIL NADU,Footwear,Loafers,1,4329.28,UPI,B2C
AMZ-1000654,2023-05-22,Delivered,Merchant,Amazon.in,PUNJAB,Beauty,Beard Oil,2,1956.5,UPI,B2C
AMZ-1000655,2023-05-31,Cancelled,Merchant,Amazon.in,GUJARAT,Electronics,USB-C Fast Charger,1,24208.6,COD,B2C
AMZ-1000656,2023-04-10,Delivered,Merchant,Amazon.in,DELHI,Electronics,Laptop Backpack,1,25640.9,COD,B2C
AMZ-1000657,2023-06-26,Delivered,Merchant,Amazon.in,TAMIL NADU,Electronics,Power Bank 20000mAh,2,8687.27,UPI,B2C
AMZ-1000658,2023-04-30,Delivered,Amazon,Amazon.in,TAMIL NADU,Electronics,Smart Watch Series 5,1,44213.88,UPI,B2C
AMZ-1000659,2023-06-27,Shipped,Amazon,Amazon.in,DELHI,Apparel,Sports Shorts,1,1796.24,UPI,B2C
AMZ-1000660,2023-05-12,Pending,Amazon,Amazon.in,TELANGANA,Electronics,Bluetooth Speaker,2,27048.86,Card,B2C
AMZ-1000661,2023-05-13,Delivered,Merchant,Amazon.in,KARNATAKA,Home & Kitchen,Vacuum Flask,1,8452.45,COD,B2C
AMZ-1000662,2023-05-01,Shipped,Amazon,Amazon.in,DELHI,Beauty,Hair Dryer 1600W,1,237.68,Card,B2C
AMZ-1000663,2023-06-07,Delivered,Amazon,Amazon.in,MAHARASHTRA,Books,Ikigai,1,935.86,UPI,B2C
AMZ-1000664,2023-05-05,Delivered,Merchant,Amazon.in,KERALA,Beauty,Sunscreen SPF 50,3,669.41,Net Banking,B2C
AMZ-1000665,2023-05-11,Delivered,Merchant,Amazon.in,WEST BENGAL,Home & Kitchen,Curtain Set 7ft,1,4231.47,UPI,B2C
AMZ-1000666,2023-03-05,Delivered,Amazon,Amazon.in,MAHARASHTRA,Beauty,Lipstick Matte Set,2,2473.14,Card,B2C
AMZ-1000667,2023-05-31,Delivered,Amazon,Amazon.in,KARNATAKA,Beauty,Sunscreen SPF 50,2,3006.06,Net Banking,B2C
AMZ-1000668,2023-06-16,Shipped,Merchant,Amazon.in,MAHARASHTRA,Beauty,Lipstick Matte Set,2,4079.45,UPI,B2C
AMZ-1000669,2023-04-14,Pending,Amazon,Amazon.in,KARNATAKA,Apparel,Formal Shirt,1,583.46,Wallet,B2C
AMZ-1000670,2023-06-25,Delivered,Amazon,Amazon.in,DELHI,Sports & Fitness,Cricket Bat,1,1363.32,COD,B2C
AMZ-1000671,2023-03-06,Delivered,Amazon,Amazon.in,TAMIL NADU,Beauty,Beard Oil,1,1763.84,UPI,B2C
AMZ-1000672,2023-05-24,Delivered,Amazon,Amazon.in,MAHARASHTRA,Electronics,Smart TV 43" 4K,2,14523.04,Wallet,B2C
AMZ-1000673,2023-05-20,Delivered,Merchant,Amazon.in,GUJARAT,Apparel,Winter Sweatshirt,1,2087.19,UPI,B2B
AMZ-1000674,2023-06-28,Delivered,Merchant,Amazon.in,MAHARASHTRA,Electronics,Smart TV 43" 4K,2,79458.49,Card,B2C
AMZ-1000675,2023-05-27,Delivered,Amazon,Amazon.in,GUJARAT,Electronics,Laptop Backpack,2,26111.7,UPI,B2C
AMZ-1000676,2023-06-21,Delivered,Amazon,Amazon.in,TELANGANA,Sports & Fitness,Football Size 5,1,4895.42,Card,B2C
AMZ-1000677,2023-06-29,Delivered,Amazon,Amazon.in,WEST BENGAL,Beauty,Lipstick Matte Set,1,1590.4,UPI,B2C
AMZ-1000678,2023-06-02,Cancelled,Amazon,Amazon.in,HARYANA,Sports & Fitness,Football Size 5,1,4044.08,COD,B2C
AMZ-1000679,2023-03-06,Delivered,Amazon,Amazon.in,MAHARASHTRA,Home & Kitchen,Steel Water Bottle 1L,2,22752.69,UPI,B2C
AMZ-1000680,2023-05-20,Delivered,Amazon,Amazon.in,KARNATAKA,Electronics,Smart Watch Series 5,1,40816.06,UPI,B2B
AMZ-1000681,2023-05-09,Returned,Amazon,Amazon.in,RAJASTHAN,Footwear,Running Shoes,1,902.84,Wallet,B2C
AMZ-1000682,2023-05-02,Delivered,Merchant,Amazon.in,DELHI,Sports & Fitness,Resistance Bands,1,2754.24,Wallet,B2C
AMZ-1000683,2023-04-01,Delivered,Amazon,Amazon.in,MAHARASHTRA,Beauty,Perfume EDT 100ml,1,956.54,UPI,B2C
AMZ-1000684,2023-06-23,Delivered,Amazon,Amazon.in,TAMIL NADU,Electronics,Smart TV 43" 4K,1,38581.02,Card,B2C
AMZ-1000685,2023-04-12,Cancelled,Merchant,Amazon.in,MAHARASHTRA,Home & Kitchen,Storage Container Set,2,8349.74,COD,B2C
AMZ-1000686,2023-05-29,Delivered,Amazon,Amazon.in,PUNJAB,Apparel,Polo T-Shirt,1,2829.12,COD,B2C
AMZ-1000687,2023-05-19,Delivered,Amazon,Amazon.in,RAJASTHAN,Apparel,Sports Shorts,1,1856.29,COD,B2C
AMZ-1000688,2023-05-16,Delivered,Amazon,Amazon.in,KARNATAKA,Home & Kitchen,Steel Water Bottle 1L,3,33578.77,UPI,B2C
AMZ-1000689,2023-05-11,Delivered,Amazon,Amazon.in,MAHARASHTRA,Electronics,Laptop Backpack,1,43639,Card,B2C
AMZ-1000690,2023-04-26,Delivered,Amazon,Amazon.in,TAMIL NADU,Apparel,Cotton T-Shirt Slim Fit,2,884.16,COD,B2C
AMZ-1000691,2023-05-22,Delivered,Amazon,Amazon.in,DELHI,Electronics,Smart Watch Series 5,1,2242.03,Wallet,B2C
AMZ-1000692,2023-06-23,Delivered,Merchant,Amazon.in,KARNATAKA,Sports & Fitness,Cricket Bat,1,1227.28,Card,B2C
AMZ-1000693,2023-03-08,Delivered,Merchant,Amazon.in,DELHI,Electronics,Power Bank 20000mAh,2,27163.59,COD,B2C
AMZ-1000694,2023-05-20,Delivered,Amazon,Amazon.in,KARNATAKA,Electronics,Smart TV 43" 4K,1,19552.1,Card,B2C
AMZ-1000695,2023-05-22,Cancelled,Amazon,Amazon.in,KARNATAKA,Footwear,Loafers,2,2900.49,COD,B2C
AMZ-1000696,2023-03-29,Delivered,Amazon,Amazon.in,GUJARAT,Apparel,Denim Jacket,2,6390.04,Card,B2C
AMZ-1000697,2023-03-11,Cancelled,Merchant,Amazon.in,TAMIL NADU,Apparel,Leather Belt,1,2317.86,COD,B2C
AMZ-1000698,2023-05-22,Delivered,Amazon,Amazon.in,HARYANA,Home & Kitchen,Bedsheet Double,1,10297.41,UPI,B2C
AMZ-1000699,2023-03-24,Shipped,Amazon,Amazon.in,MAHARASHTRA,Electronics,Power Bank 20000mAh,1,36720.76,Card,B2C
AMZ-1000700,2023-05-26,Delivered,Amazon,Amazon.in,UTTAR PRADESH,Home & Kitchen,Non-Stick Cookware Set,1,843.63,UPI,B2C
AMZ-1000701,2023-06-05,Cancelled,Merchant,Amazon.in,DELHI,Sports & Fitness,Skipping Rope,2,6988.22,COD,B2C
AMZ-1000702,2023-03-10,Delivered,Merchant,Amazon.in,UTTAR PRADESH,Apparel,Formal Shirt,1,777.94,Net Banking,B2C
AMZ-1000703,2023-03-22,Delivered,Amazon,Amazon.in,MAHARASHTRA,Electronics,Bluetooth Speaker,1,22301.26,UPI,B2C
AMZ-1000704,2023-04-20,Cancelled,Amazon,Amazon.in,KERALA,Sports & Fitness,Cricket Bat,2,6855.74,COD,B2C
AMZ-1000705,2023-06-04,Delivered,Amazon,Amazon.in,TAMIL NADU,Electronics,HDMI Cable 2m,1,44023.29,Net Banking,B2C
AMZ-1000706,2023-05-11,Delivered,Amazon,Amazon.in,MAHARASHTRA,Sports & Fitness,Foam Roller,1,6284.52,UPI,B2C
AMZ-1000707,2023-06-18,Cancelled,Merchant,Amazon.in,UTTAR PRADESH,Electronics,Smart TV 43" 4K,1,25612.96,COD,B2C
AMZ-1000708,2023-05-05,Returned,Merchant,Amazon.in,GUJARAT,Apparel,Formal Shirt,2,3066.04,UPI,B2C
AMZ-1000709,2023-06-15,Delivered,Amazon,Amazon.in,TAMIL NADU,Beauty,Lipstick Matte Set,1,482.36,UPI,B2C
AMZ-1000710,2023-06-06,Delivered,Merchant,Amazon.in,WEST BENGAL,Beauty,Hair Dryer 1600W,2,1413.39,Card,B2C
AMZ-1000711,2023-06-25,Delivered,Merchant,Amazon.in,TELANGANA,Apparel,Denim Jacket,1,645.74,Net Banking,B2C
AMZ-1000712,2023-03-07,Cancelled,Amazon,Amazon.in,HARYANA,Electronics,Power Bank 20000mAh,1,9516.95,COD,B2C
AMZ-1000713,2023-05-08,Cancelled,Amazon,Amazon.in,TELANGANA,Beauty,Shampoo Anti-Dandruff,1,940.74,UPI,B2C
AMZ-1000714,2023-05-08,Delivered,Amazon,Amazon.in,DELHI,Books,Sapiens,1,313.83,COD,B2C
AMZ-1000715,2023-05-28,Shipped,Amazon,Amazon.in,WEST BENGAL,Books,The Alchemist,1,162.6,Card,B2C
AMZ-1000716,2023-06-25,Delivered,Amazon,Amazon.in,TELANGANA,Apparel,Formal Shirt,1,1516.53,UPI,B2C
AMZ-1000717,2023-03-13,Delivered,Merchant,Amazon.in,TELANGANA,Electronics,USB-C Fast Charger,1,9189.2,UPI,B2C
AMZ-1000718,2023-04-22,Delivered,Amazon,Amazon.in,DELHI,Apparel,Sports Shorts,1,1876.39,Wallet,B2C
AMZ-1000719,2023-03-22,Delivered,Merchant,Amazon.in,DELHI,Books,Think and Grow Rich,2,1246.64,Card,B2B
AMZ-1000720,2023-06-22,Shipped,Amazon,Amazon.in,DELHI,Apparel,Denim Jacket,1,3160.84,UPI,B2C
AMZ-1000721,2023-03-06,Delivered,Merchant,Amazon.in,DELHI,Apparel,Leather Belt,1,473.16,Wallet,B2C
AMZ-1000722,2023-04-20,Delivered,Merchant,Amazon.in,MAHARASHTRA,Electronics,USB-C Fast Charger,1,43700.09,COD,B2C
AMZ-1000723,2023-04-06,Delivered,Merchant,Amazon.in,HARYANA,Sports & Fitness,Resistance Bands,2,13791.13,UPI,B2C
AMZ-1000724,2023-04-15,Delivered,Merchant,Amazon.in,UTTAR PRADESH,Home & Kitchen,Steel Water Bottle 1L,1,1067.24,COD,B2C
AMZ-1000725,2023-05-08,Delivered,Amazon,Amazon.in,WEST BENGAL,Electronics,Smart TV 43" 4K,1,44321.85,UPI,B2C
AMZ-1000726,2023-05-25,Shipped,Merchant,Amazon.in,KARNATAKA,Electronics,Smart Watch Series 5,1,12191.26,UPI,B2C
AMZ-1000727,2023-05-16,Delivered,Amazon,Amazon.in,DELHI,Beauty,Beard Oil,3,3810.18,UPI,B2C
AMZ-1000728,2023-06-12,Delivered,Amazon,Amazon.in,KARNATAKA,Electronics,Smart Watch Series 5,1,41988.35,Wallet,B2C
AMZ-1000729,2023-05-31,Delivered,Amazon,Amazon.in,TELANGANA,Apparel,Leather Belt,1,584.46,Wallet,B2C
AMZ-1000730,2023-06-09,Delivered,Merchant,Amazon.in,WEST BENGAL,Apparel,Leather Belt,2,6379.87,UPI,B2C
AMZ-1000731,2023-03-21,Delivered,Amazon,Amazon.in,TAMIL NADU,Electronics,Laptop Backpack,1,43284.67,Card,B2C
AMZ-1000732,2023-03-02,Delivered,Amazon,Amazon.in,KARNATAKA,Apparel,Winter Sweatshirt,1,2615.42,UPI,B2C
AMZ-1000733,2023-05-14,Delivered,Amazon,Amazon.in,RAJASTHAN,Apparel,Denim Jacket,1,1432.41,COD,B2C
AMZ-1000734,2023-06-17,Delivered,Merchant,Amazon.in,MAHARASHTRA,Electronics,Bluetooth Speaker,2,52539.44,COD,B2C
AMZ-1000735,2023-04-05,Cancelled,Amazon,Amazon.in,BIHAR,Home & Kitchen,LED Table Lamp,1,11165.88,COD,B2C
AMZ-1000736,2023-04-11,Delivered,Merchant,Amazon.in,GUJARAT,Books,Rich Dad Poor Dad,1,935.13,COD,B2C
AMZ-1000737,2023-04-06,Delivered,Merchant,Amazon.in,KARNATAKA,Home & Kitchen,Storage Container Set,1,4591.84,COD,B2C
AMZ-1000738,2023-05-10,Delivered,Amazon,Amazon.in,MAHARASHTRA,Beauty,Face Wash Neem,3,1343.52,COD,B2C
AMZ-1000739,2023-05-25,Delivered,Merchant,Amazon.in,MAHARASHTRA,Beauty,Vitamin C Face Serum,1,1312.78,Card,B2C
AMZ-1000740,2023-06-01,Delivered,Amazon,Amazon.in,TAMIL NADU,Beauty,Beard Oil,1,344.09,UPI,B2C
AMZ-1000741,2023-06-01,Delivered,Amazon,Amazon.in,BIHAR,Apparel,Denim Jacket,3,6635.92,Card,B2C
AMZ-1000742,2023-05-03,Delivered,Merchant,Amazon.in,HARYANA,Apparel,Polo T-Shirt,1,3235.43,UPI,B2C
AMZ-1000743,2023-05-07,Delivered,Amazon,Amazon.in,MADHYA PRADESH,Apparel,Leather Belt,1,1227.22,Card,B2C
AMZ-1000744,2023-05-19,Delivered,Merchant,Amazon.in,TELANGANA,Footwear,Formal Leather Shoes,1,3974.27,Net Banking,B2C
AMZ-1000745,2023-03-13,Delivered,Amazon,Amazon.in,UTTAR PRADESH,Electronics,Power Bank 20000mAh,1,16652.06,Wallet,B2C
AMZ-1000746,2023-04-19,Cancelled,Merchant,Amazon.in,DELHI,Home & Kitchen,Mixer Grinder 750W,2,5706.46,COD,B2C
AMZ-1000747,2023-04-18,Shipped,Amazon,Amazon.in,TAMIL NADU,Books,Ikigai,2,2091.85,Card,B2C
AMZ-1000748,2023-03-16,Delivered,Merchant,Amazon.in,TAMIL NADU,Sports & Fitness,Skipping Rope,1,6421.08,Wallet,B2B
AMZ-1000749,2023-03-26,Delivered,Merchant,Amazon.in,KARNATAKA,Apparel,Cotton T-Shirt Slim Fit,1,2287.72,UPI,B2C
AMZ-1000750,2023-06-23,Delivered,Merchant,Amazon.in,UTTAR PRADESH,Electronics,Power Bank 20000mAh,1,9421.51,COD,B2C
AMZ-1000751,2023-05-09,Cancelled,Amazon,Amazon.in,UTTAR PRADESH,Books,Think and Grow Rich,2,1368.62,COD,B2C
AMZ-1000752,2023-06-29,Delivered,Merchant,Amazon.in,MAHARASHTRA,Electronics,Laptop Backpack,1,4827.4,UPI,B2B
AMZ-1000753,2023-03-14,Delivered,Amazon,Amazon.in,TAMIL NADU,Books,Atomic Habits,1,528.4,Wallet,B2C
AMZ-1000754,2023-05-05,Delivered,Amazon,Amazon.in,RAJASTHAN,Home & Kitchen,LED Table Lamp,1,8107.2,Wallet,B2C
AMZ-1000755,2023-06-01,Cancelled,Amazon,Amazon.in,TAMIL NADU,Beauty,Perfume EDT 100ml,1,1888.58,COD,B2C
AMZ-1000756,2023-04-11,Delivered,Amazon,Amazon.in,MAHARASHTRA,Home & Kitchen,Vacuum Flask,1,1608.81,Net Banking,B2C
AMZ-1000757,2023-03-16,Delivered,Amazon,Amazon.in,RAJASTHAN,Footwear,Trail Hiking Boots,1,5001.73,UPI,B2C
AMZ-1000758,2023-06-22,Delivered,Amazon,Amazon.in,GUJARAT,Books,Atomic Habits,1,386.29,UPI,B2C
AMZ-1000759,2023-04-01,Delivered,Amazon,Amazon.in,MAHARASHTRA,Electronics,Smart TV 43" 4K,1,31728.68,Net Banking,B2C
AMZ-1000760,2023-05-24,Delivered,Merchant,Amazon.in,MAHARASHTRA,Electronics,HDMI Cable 2m,1,21968.2,UPI,B2C
AMZ-1000761,2023-03-07,Delivered,Amazon,Amazon.in,TELANGANA,Apparel,Denim Jacket,3,5226.54,Card,B2C
AMZ-1000762,2023-04-07,Delivered,Merchant,Amazon.in,MAHARASHTRA,Sports & Fitness,Skipping Rope,1,1057.44,Card,B2C
AMZ-1000763,2023-05-08,Delivered,Merchant,Amazon.in,KARNATAKA,Home & Kitchen,Non-Stick Cookware Set,1,4149.17,Card,B2C
AMZ-1000764,2023-06-29,Returned,Amazon,Amazon.in,DELHI,Beauty,Lipstick Matte Set,1,835,COD,B2C
AMZ-1000765,2023-03-27,Shipped,Merchant,Amazon.in,HARYANA,Footwear,Trail Hiking Boots,1,755.97,UPI,B2C
AMZ-1000766,2023-05-05,Delivered,Merchant,Amazon.in,UTTAR PRADESH,Sports & Fitness,Skipping Rope,2,3317.23,UPI,B2C
AMZ-1000767,2023-05-20,Delivered,Merchant,Amazon.in,MAHARASHTRA,Beauty,Face Wash Neem,1,1954.58,Net Banking,B2C
AMZ-1000768,2023-04-15,Delivered,Amazon,Amazon.in,KERALA,Books,Think and Grow Rich,1,790.82,Card,B2C
AMZ-1000769,2023-05-22,Delivered,Amazon,Amazon.in,TAMIL NADU,Apparel,Kurta Set,3,3239.5,COD,B2C
AMZ-1000770,2023-04-07,Delivered,Amazon,Amazon.in,WEST BENGAL,Home & Kitchen,Vacuum Flask,1,2933.49,Card,B2C
AMZ-1000771,2023-04-21,Delivered,Amazon,Amazon.in,GUJARAT,Apparel,Formal Shirt,1,1560.55,UPI,B2C
AMZ-1000772,2023-03-20,Delivered,Amazon,Amazon.in,MAHARASHTRA,Sports & Fitness,Skipping Rope,1,7338.2,Net Banking,B2C
AMZ-1000773,2023-05-05,Delivered,Merchant,Amazon.in,RAJASTHAN,Electronics,HDMI Cable 2m,1,6508.8,Net Banking,B2C
AMZ-1000774,2023-05-10,Cancelled,Amazon,Amazon.in,WEST BENGAL,Home & Kitchen,Curtain Set 7ft,1,4832.16,Net Banking,B2C
AMZ-1000775,2023-04-13,Delivered,Merchant,Amazon.in,RAJASTHAN,Electronics,HDMI Cable 2m,2,36961.82,Card,B2C
AMZ-1000776,2023-04-06,Delivered,Amazon,Amazon.in,MAHARASHTRA,Electronics,Bluetooth Speaker,1,14786.54,Card,B2C
AMZ-1000777,2023-06-18,Delivered,Merchant,Amazon.in,KERALA,Footwear,Running Shoes,1,3688.52,COD,B2C
AMZ-1000778,2023-05-18,Delivered,Amazon,Amazon.in,TAMIL NADU,Books,Think and Grow Rich,1,642.48,COD,B2C
AMZ-1000779,2023-03-13,Delivered,Amazon,Amazon.in,KARNATAKA,Sports & Fitness,Badminton Racket,3,7201.41,COD,B2C
AMZ-1000780,2023-03-29,Shipped,Amazon,Amazon.in,TAMIL NADU,Electronics,Power Bank 20000mAh,2,76673.9,Card,B2C
AMZ-1000781,2023-03-12,Shipped,Amazon,Amazon.in,MAHARASHTRA,Electronics,Smart TV 43" 4K,1,16500.1,UPI,B2C
AMZ-1000782,2023-05-04,Delivered,Amazon,Amazon.in,MAHARASHTRA,Books,Deep Work,1,790.48,Net Banking,B2C
AMZ-1000783,2023-06-19,Delivered,Amazon,Amazon.in,BIHAR,Electronics,Power Bank 20000mAh,1,11791.42,UPI,B2C
AMZ-1000784,2023-06-17,Delivered,Amazon,Amazon.in,GUJARAT,Home & Kitchen,Vacuum Flask,1,10609.3,Card,B2C
AMZ-1000785,2023-04-07,Returned,Amazon,Amazon.in,UTTAR PRADESH,Apparel,Cotton T-Shirt Slim Fit,1,505.81,COD,B2C
AMZ-1000786,2023-04-10,Delivered,Merchant,Amazon.in,HARYANA,Footwear,Casual Sneakers,1,2043.25,UPI,B2C
AMZ-1000787,2023-06-14,Shipped,Merchant,Amazon.in,PUNJAB,Apparel,Cotton T-Shirt Slim Fit,1,1573.69,Wallet,B2C
AMZ-1000788,2023-05-16,Delivered,Amazon,Amazon.in,TELANGANA,Footwear,Sports Sandals,1,5465.91,Card,B2C
AMZ-1000789,2023-04-15,Cancelled,Merchant,Amazon.in,UTTAR PRADESH,Sports & Fitness,Badminton Racket,3,20844.18,COD,B2C
AMZ-1000790,2023-04-02,Delivered,Merchant,Amazon.in,PUNJAB,Electronics,USB-C Fast Charger,1,35028.54,UPI,B2C
AMZ-1000791,2023-04-28,Delivered,Merchant,Amazon.in,GUJARAT,Apparel,Denim Jacket,1,1424.21,COD,B2C
AMZ-1000792,2023-06-14,Delivered,Amazon,Amazon.in,MAHARASHTRA,Home & Kitchen,Bedsheet Double,2,23990.42,COD,B2C
AMZ-1000793,2023-05-21,Delivered,Amazon,Amazon.in,MAHARASHTRA,Home & Kitchen,Bedsheet Double,1,9961.64,Net Banking,B2C
AMZ-1000794,2023-05-20,Cancelled,Amazon,Amazon.in,KARNATAKA,Home & Kitchen,Steel Water Bottle 1L,1,4787.45,COD,B2C
AMZ-1000795,2023-03-09,Delivered,Amazon,Amazon.in,TAMIL NADU,Sports & Fitness,Cricket Bat,1,7828.39,Card,B2C
AMZ-1000796,2023-03-19,Delivered,Amazon,Amazon.in,KERALA,Home & Kitchen,Storage Container Set,1,1423.61,UPI,B2C
AMZ-1000797,2023-04-29,Delivered,Merchant,Amazon.in,UTTAR PRADESH,Apparel,Winter Sweatshirt,1,1141.93,Card,B2C
AMZ-1000798,2023-03-24,Delivered,Merchant,Amazon.in,TAMIL NADU,Electronics,Smart Watch Series 5,1,35777.91,Card,B2C
AMZ-1000799,2023-03-26,Cancelled,Amazon,Amazon.in,MAHARASHTRA,Electronics,USB-C Fast Charger,2,67599.54,UPI,B2C
AMZ-1000800,2023-04-15,Delivered,Merchant,Amazon.in,KARNATAKA,Beauty,Shampoo Anti-Dandruff,1,458.19,UPI,B2C
AMZ-1000801,2023-06-13,Shipped,Merchant,Amazon.in,MAHARASHTRA,Apparel,Winter Sweatshirt,1,3282.57,UPI,B2C
AMZ-1000802,2023-05-09,Delivered,Merchant,Amazon.in,GUJARAT,Footwear,Loafers,1,5248.3,UPI,B2C
AMZ-1000803,2023-05-26,Shipped,Merchant,Amazon.in,MAHARASHTRA,Home & Kitchen,Vacuum Flask,1,1897.59,UPI,B2C
AMZ-1000804,2023-05-08,Delivered,Amazon,Amazon.in,GUJARAT,Footwear,Loafers,1,2980.18,UPI,B2C
AMZ-1000805,2023-05-17,Returned,Amazon,Amazon.in,DELHI,Electronics,Laptop Backpack,2,15730.84,UPI,B2C
AMZ-1000806,2023-05-25,Delivered,Amazon,Amazon.in,UTTAR PRADESH,Apparel,Sports Shorts,2,4135.06,Card,B2C
AMZ-1000807,2023-05-19,Shipped,Amazon,Amazon.in,BIHAR,Footwear,Loafers,1,4591.09,UPI,B2C
AMZ-1000808,2023-03-08,Delivered,Merchant,Amazon.in,KARNATAKA,Home & Kitchen,Mixer Grinder 750W,1,1601,UPI,B2C
AMZ-1000809,2023-04-06,Delivered,Amazon,Amazon.in,UTTAR PRADESH,Electronics,Laptop Backpack,1,42755.46,UPI,B2C
AMZ-1000810,2023-05-25,Shipped,Amazon,Amazon.in,TELANGANA,Beauty,Lipstick Matte Set,1,2459.06,COD,B2C
AMZ-1000811,2023-05-22,Delivered,Merchant,Amazon.in,BIHAR,Sports & Fitness,Resistance Bands,1,4446.49,UPI,B2C
AMZ-1000812,2023-06-07,Delivered,Merchant,Amazon.in,DELHI,Beauty,Sunscreen SPF 50,1,686.6,UPI,B2C
AMZ-1000813,2023-03-19,Delivered,Merchant,Amazon.in,KARNATAKA,Apparel,Kurta Set,1,3264.86,Card,B2B
AMZ-1000814,2023-04-29,Delivered,Merchant,Amazon.in,DELHI,Beauty,Hair Dryer 1600W,1,1338.14,Card,B2C
AMZ-1000815,2023-05-19,Delivered,Amazon,Amazon.in,TELANGANA,Apparel,Kurta Set,1,1872.66,COD,B2C
AMZ-1000816,2023-05-23,Delivered,Merchant,Amazon.in,KARNATAKA,Home & Kitchen,Curtain Set 7ft,1,10502.7,Wallet,B2C
AMZ-1000817,2023-04-28,Pending,Amazon,Amazon.in,KARNATAKA,Footwear,Loafers,1,3739.31,Net Banking,B2C
AMZ-1000818,2023-04-12,Delivered,Merchant,Amazon.in,HARYANA,Electronics,Wireless Earbuds Pro,2,62890.21,UPI,B2C
AMZ-1000819,2023-05-11,Delivered,Amazon,Amazon.in,TELANGANA,Sports & Fitness,Foam Roller,1,1387.28,Card,B2C
AMZ-1000820,2023-05-22,Returned,Merchant,Amazon.in,KARNATAKA,Books,Deep Work,1,194.67,Card,B2C
AMZ-1000821,2023-06-16,Delivered,Amazon,Amazon.in,TAMIL NADU,Beauty,Hair Dryer 1600W,2,3003.59,Wallet,B2C
AMZ-1000822,2023-03-18,Returned,Amazon,Amazon.in,WEST BENGAL,Electronics,Power Bank 20000mAh,1,10321.56,COD,B2C
AMZ-1000823,2023-03-31,Delivered,Merchant,Amazon.in,MAHARASHTRA,Apparel,Denim Jacket,1,582.76,UPI,B2C
AMZ-1000824,2023-05-05,Delivered,Amazon,Amazon.in,TAMIL NADU,Beauty,Sunscreen SPF 50,1,1756.22,UPI,B2C
AMZ-1000825,2023-04-15,Delivered,Amazon,Amazon.in,TAMIL NADU,Books,Rich Dad Poor Dad,1,635.4,Wallet,B2C
AMZ-1000826,2023-05-19,Delivered,Merchant,Amazon.in,WEST BENGAL,Apparel,Polo T-Shirt,2,2680.93,Wallet,B2C
AMZ-1000827,2023-04-28,Delivered,Amazon,Amazon.in,GUJARAT,Electronics,Bluetooth Speaker,1,7316.29,Card,B2C
AMZ-1000828,2023-04-15,Shipped,Amazon,Amazon.in,KARNATAKA,Home & Kitchen,Curtain Set 7ft,1,11078.75,Card,B2C
AMZ-1000829,2023-05-05,Delivered,Amazon,Amazon.in,UTTAR PRADESH,Home & Kitchen,Mixer Grinder 750W,1,3765.54,UPI,B2C
AMZ-1000830,2023-03-06,Delivered,Merchant,Amazon.in,TAMIL NADU,Sports & Fitness,Cricket Bat,1,7201.47,UPI,B2C
AMZ-1000831,2023-06-08,Cancelled,Amazon,Amazon.in,KARNATAKA,Electronics,Wireless Earbuds Pro,1,32013.83,COD,B2C
AMZ-1000832,2023-03-21,Cancelled,Amazon,Amazon.in,DELHI,Footwear,Running Shoes,1,1296.57,COD,B2C
AMZ-1000833,2023-04-07,Delivered,Merchant,Amazon.in,DELHI,Beauty,Shampoo Anti-Dandruff,1,1051.93,Card,B2C
AMZ-1000834,2023-05-24,Delivered,Merchant,Amazon.in,MAHARASHTRA,Beauty,Shampoo Anti-Dandruff,1,442.39,Card,B2C
AMZ-1000835,2023-05-15,Delivered,Amazon,Amazon.in,DELHI,Electronics,Wireless Earbuds Pro,1,1932.5,Card,B2C
AMZ-1000836,2023-06-24,Cancelled,Amazon,Amazon.in,KARNATAKA,Electronics,Power Bank 20000mAh,1,38024.37,COD,B2C
AMZ-1000837,2023-04-09,Delivered,Amazon,Amazon.in,DELHI,Footwear,Canvas Shoes,2,3453.94,UPI,B2C
AMZ-1000838,2023-05-31,Delivered,Merchant,Amazon.in,KARNATAKA,Apparel,Kurta Set,1,2889.83,Net Banking,B2B
AMZ-1000839,2023-05-05,Cancelled,Amazon,Amazon.in,KERALA,Books,Rich Dad Poor Dad,1,900.87,Wallet,B2C
AMZ-1000840,2023-04-07,Delivered,Amazon,Amazon.in,MAHARASHTRA,Sports & Fitness,Dumbbell Set 10kg,1,1869.68,UPI,B2C
AMZ-1000841,2023-05-21,Delivered,Amazon,Amazon.in,MAHARASHTRA,Sports & Fitness,Cricket Bat,1,711.91,UPI,B2C
AMZ-1000842,2023-05-16,Delivered,Merchant,Amazon.in,KARNATAKA,Electronics,Bluetooth Speaker,1,43197.94,Card,B2C
AMZ-1000843,2023-04-24,Delivered,Amazon,Amazon.in,MADHYA PRADESH,Apparel,Denim Jacket,1,3410.71,Wallet,B2C
AMZ-1000844,2023-05-21,Delivered,Amazon,Amazon.in,GUJARAT,Footwear,Casual Sneakers,2,3748.11,UPI,B2C
AMZ-1000845,2023-04-13,Returned,Amazon,Amazon.in,MAHARASHTRA,Apparel,Denim Jacket,1,578.26,Card,B2C
AMZ-1000846,2023-04-20,Shipped,Amazon,Amazon.in,WEST BENGAL,Electronics,HDMI Cable 2m,1,35821.43,UPI,B2C
AMZ-1000847,2023-05-30,Delivered,Amazon,Amazon.in,UTTAR PRADESH,Apparel,Winter Sweatshirt,1,2484.18,UPI,B2C
AMZ-1000848,2023-06-11,Cancelled,Amazon,Amazon.in,TAMIL NADU,Electronics,Wireless Earbuds Pro,1,3494.53,COD,B2C
AMZ-1000849,2023-03-02,Delivered,Amazon,Amazon.in,TELANGANA,Books,Atomic Habits,2,945.62,UPI,B2C
AMZ-1000850,2023-06-28,Delivered,Amazon,Amazon.in,TELANGANA,Electronics,Laptop Backpack,1,36872.29,UPI,B2B
AMZ-1000851,2023-05-02,Delivered,Merchant,Amazon.in,UTTAR PRADESH,Apparel,Denim Jacket,3,2887.53,COD,B2C
AMZ-1000852,2023-05-14,Cancelled,Amazon,Amazon.in,MAHARASHTRA,Beauty,Lipstick Matte Set,1,1695.76,Card,B2C
AMZ-1000853,2023-03-17,Delivered,Amazon,Amazon.in,MAHARASHTRA,Beauty,Face Wash Neem,1,1257.01,UPI,B2C
AMZ-1000854,2023-04-13,Delivered,Amazon,Amazon.in,HARYANA,Electronics,Laptop Backpack,2,53446.1,Card,B2C
AMZ-1000855,2023-06-27,Cancelled,Merchant,Amazon.in,KARNATAKA,Electronics,Laptop Backpack,1,33658.12,COD,B2C
AMZ-1000856,2023-04-01,Cancelled,Amazon,Amazon.in,TELANGANA,Apparel,Cotton T-Shirt Slim Fit,1,2778.51,COD,B2C
AMZ-1000857,2023-06-08,Delivered,Amazon,Amazon.in,TAMIL NADU,Home & Kitchen,LED Table Lamp,1,5781.97,Net Banking,B2B
AMZ-1000858,2023-06-20,Delivered,Merchant,Amazon.in,KARNATAKA,Footwear,Trail Hiking Boots,1,2426.62,Card,B2C
AMZ-1000859,2023-05-27,Delivered,Amazon,Amazon.in,MAHARASHTRA,Footwear,Casual Sneakers,2,11598.71,UPI,B2C
AMZ-1000860,2023-05-28,Delivered,Amazon,Amazon.in,PUNJAB,Apparel,Polo T-Shirt,1,3396.51,COD,B2C
AMZ-1000861,2023-04-06,Delivered,Amazon,Amazon.in,TAMIL NADU,Home & Kitchen,LED Table Lamp,1,11273.48,UPI,B2C
AMZ-1000862,2023-04-27,Delivered,Merchant,Amazon.in,KARNATAKA,Electronics,Bluetooth Speaker,1,43600.64,COD,B2C
AMZ-1000863,2023-05-01,Delivered,Amazon,Amazon.in,GUJARAT,Electronics,Smart Watch Series 5,1,42778.36,Card,B2C
AMZ-1000864,2023-05-01,Delivered,Amazon,Amazon.in,UTTAR PRADESH,Sports & Fitness,Yoga Mat 6mm,1,6583.95,COD,B2C
AMZ-1000865,2023-06-04,Cancelled,Merchant,Amazon.in,WEST BENGAL,Apparel,Denim Jacket,2,4772.89,COD,B2C
AMZ-1000866,2023-05-16,Delivered,Amazon,Amazon.in,DELHI,Electronics,Power Bank 20000mAh,3,127917.68,Net Banking,B2C
AMZ-1000867,2023-05-16,Cancelled,Amazon,Amazon.in,MAHARASHTRA,Electronics,Bluetooth Speaker,3,53806.49,COD,B2C
AMZ-1000868,2023-05-31,Delivered,Amazon,Amazon.in,MAHARASHTRA,Home & Kitchen,Bedsheet Double,1,1123.58,COD,B2B
AMZ-1000869,2023-06-22,Delivered,Amazon,Amazon.in,WEST BENGAL,Electronics,Power Bank 20000mAh,1,11682.26,UPI,B2C
AMZ-1000870,2023-03-11,Pending,Amazon,Amazon.in,TAMIL NADU,Sports & Fitness,Cricket Bat,2,3494.69,Card,B2C
AMZ-1000871,2023-04-13,Delivered,Amazon,Amazon.in,TAMIL NADU,Footwear,Loafers,2,5054.07,Card,B2C
AMZ-1000872,2023-03-02,Delivered,Amazon,Amazon.in,TAMIL NADU,Footwear,Casual Sneakers,1,1765.46,Card,B2C
AMZ-1000873,2023-05-08,Returned,Amazon,Amazon.in,MAHARASHTRA,Electronics,HDMI Cable 2m,2,29194.27,COD,B2C
AMZ-1000874,2023-05-07,Delivered,Merchant,Amazon.in,KARNATAKA,Sports & Fitness,Badminton Racket,2,13255.23,Wallet,B2C
AMZ-1000875,2023-05-31,Delivered,Merchant,Amazon.in,MAHARASHTRA,Electronics,USB-C Fast Charger,2,28655.52,Card,B2C
AMZ-1000876,2023-04-15,Delivered,Amazon,Amazon.in,HARYANA,Apparel,Sports Shorts,1,1289.45,COD,B2C
AMZ-1000877,2023-06-11,Delivered,Amazon,Amazon.in,KARNATAKA,Beauty,Lipstick Matte Set,1,687.68,COD,B2C
AMZ-1000878,2023-05-26,Delivered,Amazon,Amazon.in,WEST BENGAL,Beauty,Face Wash Neem,1,1505.59,Wallet,B2C
AMZ-1000879,2023-05-10,Delivered,Merchant,Amazon.in,WEST BENGAL,Electronics,HDMI Cable 2m,2,15772.63,COD,B2C
AMZ-1000880,2023-05-15,Shipped,Merchant,Amazon.in,TAMIL NADU,Sports & Fitness,Yoga Mat 6mm,1,2199.92,Card,B2C
AMZ-1000881,2023-03-30,Delivered,Merchant,Amazon.in,KARNATAKA,Beauty,Shampoo Anti-Dandruff,1,528.2,Card,B2C
AMZ-1000882,2023-04-09,Delivered,Merchant,Amazon.in,GUJARAT,Books,The Psychology of Money,1,1044.52,Card,B2C
AMZ-1000883,2023-03-17,Delivered,Amazon,Amazon.in,KARNATAKA,Home & Kitchen,Storage Container Set,1,3276.42,UPI,B2B
AMZ-1000884,2023-05-19,Delivered,Amazon,Amazon.in,TAMIL NADU,Home & Kitchen,Non-Stick Cookware Set,1,8396.64,Net Banking,B2C
AMZ-1000885,2023-06-13,Delivered,Amazon,Amazon.in,GUJARAT,Electronics,Smart TV 43" 4K,1,42294.27,Wallet,B2C
AMZ-1000886,2023-06-04,Delivered,Amazon,Amazon.in,KARNATAKA,Books,The Alchemist,1,611.75,UPI,B2C
AMZ-1000887,2023-04-10,Delivered,Amazon,Amazon.in,RAJASTHAN,Electronics,Laptop Backpack,1,24077.23,Net Banking,B2C
AMZ-1000888,2023-03-22,Delivered,Amazon,Amazon.in,KARNATAKA,Electronics,Smart Watch Series 5,1,18477.73,Net Banking,B2C
AMZ-1000889,2023-03-01,Shipped,Merchant,Amazon.in,UTTAR PRADESH,Home & Kitchen,Steel Water Bottle 1L,2,7155.22,Card,B2C
AMZ-1000890,2023-05-15,Delivered,Amazon,Amazon.in,KARNATAKA,Apparel,Sports Shorts,1,525.58,COD,B2C
AMZ-1000891,2023-04-29,Delivered,Amazon,Amazon.in,TAMIL NADU,Apparel,Polo T-Shirt,1,1944.33,Net Banking,B2C
AMZ-1000892,2023-03-09,Returned,Amazon,Amazon.in,MADHYA PRADESH,Home & Kitchen,Non-Stick Cookware Set,1,2660.81,COD,B2C
AMZ-1000893,2023-03-11,Shipped,Amazon,Amazon.in,KARNATAKA,Electronics,Smart TV 43" 4K,1,14339.08,UPI,B2C
AMZ-1000894,2023-06-19,Delivered,Amazon,Amazon.in,TAMIL NADU,Beauty,Perfume EDT 100ml,1,1558.36,Card,B2B
AMZ-1000895,2023-06-15,Delivered,Merchant,Amazon.in,UTTAR PRADESH,Footwear,Loafers,1,4839.6,UPI,B2C
AMZ-1000896,2023-04-10,Delivered,Amazon,Amazon.in,UTTAR PRADESH,Sports & Fitness,Foam Roller,2,4398.67,Card,B2C
AMZ-1000897,2023-05-05,Delivered,Amazon,Amazon.in,UTTAR PRADESH,Electronics,Smart Watch Series 5,1,12681.56,UPI,B2C
AMZ-1000898,2023-06-08,Delivered,Merchant,Amazon.in,TAMIL NADU,Home & Kitchen,Non-Stick Cookware Set,1,11506.85,UPI,B2C
AMZ-1000899,2023-06-22,Delivered,Amazon,Amazon.in,MAHARASHTRA,Electronics,Power Bank 20000mAh,1,1976.35,Card,B2C
AMZ-1000900,2023-04-29,Cancelled,Amazon,Amazon.in,TAMIL NADU,Apparel,Winter Sweatshirt,3,10276.53,COD,B2C
AMZ-1000901,2023-05-04,Shipped,Merchant,Amazon.in,MAHARASHTRA,Apparel,Denim Jacket,1,1814.37,COD,B2C
AMZ-1000902,2023-04-09,Cancelled,Merchant,Amazon.in,WEST BENGAL,Home & Kitchen,Non-Stick Cookware Set,1,4539.64,COD,B2C
AMZ-1000903,2023-04-23,Delivered,Merchant,Amazon.in,RAJASTHAN,Electronics,Bluetooth Speaker,1,26544.05,Card,B2C
AMZ-1000904,2023-05-05,Delivered,Merchant,Amazon.in,TAMIL NADU,Electronics,Bluetooth Speaker,1,43768.41,COD,B2C
AMZ-1000905,2023-04-11,Shipped,Amazon,Amazon.in,KERALA,Sports & Fitness,Dumbbell Set 10kg,1,7695.83,Card,B2C
AMZ-1000906,2023-05-03,Delivered,Merchant,Amazon.in,UTTAR PRADESH,Electronics,HDMI Cable 2m,1,11762.2,Net Banking,B2C
AMZ-1000907,2023-04-26,Delivered,Amazon,Amazon.in,MADHYA PRADESH,Home & Kitchen,Storage Container Set,2,23384.64,COD,B2C
AMZ-1000908,2023-05-15,Delivered,Amazon,Amazon.in,MAHARASHTRA,Home & Kitchen,Mixer Grinder 750W,1,2731.5,Card,B2B
AMZ-1000909,2023-04-29,Delivered,Amazon,Amazon.in,TELANGANA,Electronics,HDMI Cable 2m,1,11509.23,COD,B2C
AMZ-1000910,2023-04-26,Delivered,Merchant,Amazon.in,DELHI,Electronics,Power Bank 20000mAh,2,6883.35,UPI,B2C
AMZ-1000911,2023-04-30,Cancelled,Amazon,Amazon.in,MAHARASHTRA,Books,The Alchemist,1,766.9,COD,B2C
AMZ-1000912,2023-06-13,Delivered,Amazon,Amazon.in,KARNATAKA,Home & Kitchen,Mixer Grinder 750W,1,9493.26,UPI,B2C
AMZ-1000913,2023-05-17,Delivered,Merchant,Amazon.in,GUJARAT,Electronics,Smart Watch Series 5,1,32096.97,UPI,B2C
AMZ-1000914,2023-06-09,Delivered,Merchant,Amazon.in,TELANGANA,Home & Kitchen,Steel Water Bottle 1L,1,1729.62,COD,B2C
AMZ-1000915,2023-06-09,Shipped,Amazon,Amazon.in,KARNATAKA,Books,The Psychology of Money,1,154.56,Net Banking,B2C
AMZ-1000916,2023-03-18,Delivered,Amazon,Amazon.in,TAMIL NADU,Beauty,Beard Oil,3,2020.61,Card,B2C
AMZ-1000917,2023-04-28,Delivered,Merchant,Amazon.in,DELHI,Beauty,Hair Dryer 1600W,1,987.27,UPI,B2C
AMZ-1000918,2023-03-26,Delivered,Merchant,Amazon.in,MAHARASHTRA,Home & Kitchen,LED Table Lamp,1,6623.15,COD,B2C
AMZ-1000919,2023-06-01,Delivered,Merchant,Amazon.in,WEST BENGAL,Electronics,USB-C Fast Charger,2,62077.18,UPI,B2C
AMZ-1000920,2023-04-26,Delivered,Amazon,Amazon.in,KARNATAKA,Apparel,Sports Shorts,1,930.83,Net Banking,B2C
AMZ-1000921,2023-03-13,Shipped,Amazon,Amazon.in,KERALA,Footwear,Sports Sandals,2,11688.73,COD,B2C
AMZ-1000922,2023-03-16,Delivered,Amazon,Amazon.in,MADHYA PRADESH,Home & Kitchen,Storage Container Set,2,2785.63,UPI,B2C
AMZ-1000923,2023-06-08,Delivered,Merchant,Amazon.in,DELHI,Beauty,Beard Oil,2,798.87,UPI,B2C
AMZ-1000924,2023-05-27,Delivered,Amazon,Amazon.in,UTTAR PRADESH,Home & Kitchen,Bedsheet Double,2,18985.43,UPI,B2C
AMZ-1000925,2023-06-10,Delivered,Amazon,Amazon.in,MAHARASHTRA,Electronics,Smart Watch Series 5,2,19227.03,Card,B2C
AMZ-1000926,2023-06-09,Delivered,Amazon,Amazon.in,TELANGANA,Electronics,Bluetooth Speaker,1,20584.69,Card,B2C
AMZ-1000927,2023-05-19,Delivered,Amazon,Amazon.in,GUJARAT,Home & Kitchen,Non-Stick Cookware Set,1,8379.83,UPI,B2C
AMZ-1000928,2023-04-13,Delivered,Merchant,Amazon.in,GUJARAT,Home & Kitchen,Non-Stick Cookware Set,1,6680.75,COD,B2C
AMZ-1000929,2023-03-06,Delivered,Amazon,Amazon.in,KERALA,Home & Kitchen,Non-Stick Cookware Set,1,11707.11,Net Banking,B2C
AMZ-1000930,2023-05-26,Delivered,Amazon,Amazon.in,TELANGANA,Books,Ikigai,2,1712.63,UPI,B2C
AMZ-1000931,2023-04-11,Delivered,Amazon,Amazon.in,MAHARASHTRA,Apparel,Kurta Set,1,2948.45,UPI,B2C
AMZ-1000932,2023-04-14,Delivered,Amazon,Amazon.in,TAMIL NADU,Electronics,Power Bank 20000mAh,1,13111.3,Wallet,B2C
AMZ-1000933,2023-05-30,Shipped,Amazon,Amazon.in,PUNJAB,Beauty,Shampoo Anti-Dandruff,1,711.94,COD,B2C
AMZ-1000934,2023-05-11,Delivered,Amazon,Amazon.in,UTTAR PRADESH,Apparel,Polo T-Shirt,1,2340.13,COD,B2C
AMZ-1000935,2023-03-23,Delivered,Amazon,Amazon.in,TAMIL NADU,Sports & Fitness,Badminton Racket,1,5210.62,UPI,B2C
AMZ-1000936,2023-05-04,Delivered,Amazon,Amazon.in,MAHARASHTRA,Books,Deep Work,1,265.34,UPI,B2C
AMZ-1000937,2023-06-03,Delivered,Amazon,Amazon.in,GUJARAT,Home & Kitchen,Curtain Set 7ft,1,8486.07,UPI,B2C
AMZ-1000938,2023-03-20,Delivered,Amazon,Amazon.in,DELHI,Electronics,Smart Watch Series 5,1,17179.79,Card,B2C
AMZ-1000939,2023-03-01,Delivered,Amazon,Amazon.in,PUNJAB,Electronics,Power Bank 20000mAh,3,76730.56,UPI,B2C
AMZ-1000940,2023-04-19,Delivered,Amazon,Amazon.in,MAHARASHTRA,Apparel,Sports Shorts,3,7502.57,Wallet,B2B
AMZ-1000941,2023-04-07,Delivered,Amazon,Amazon.in,DELHI,Apparel,Winter Sweatshirt,1,2240.01,Net Banking,B2C
AMZ-1000942,2023-05-30,Cancelled,Merchant,Amazon.in,UTTAR PRADESH,Electronics,Bluetooth Speaker,1,16274.11,COD,B2C
AMZ-1000943,2023-03-29,Shipped,Merchant,Amazon.in,WEST BENGAL,Books,Sapiens,1,976.01,UPI,B2C
AMZ-1000944,2023-05-27,Delivered,Amazon,Amazon.in,KERALA,Books,Rich Dad Poor Dad,2,1808.94,Card,B2C
AMZ-1000945,2023-05-07,Delivered,Amazon,Amazon.in,GUJARAT,Sports & Fitness,Foam Roller,1,1237.19,Card,B2C
AMZ-1000946,2023-03-07,Delivered,Merchant,Amazon.in,RAJASTHAN,Electronics,Smart TV 43" 4K,1,33311.62,Card,B2C
AMZ-1000947,2023-05-23,Delivered,Merchant,Amazon.in,TELANGANA,Electronics,HDMI Cable 2m,1,22601.98,UPI,B2C
AMZ-1000948,2023-06-26,Delivered,Amazon,Amazon.in,MAHARASHTRA,Books,Rich Dad Poor Dad,1,765.9,COD,B2C
AMZ-1000949,2023-04-10,Delivered,Amazon,Amazon.in,KERALA,Books,Sapiens,1,531.05,COD,B2C
AMZ-1000950,2023-03-03,Delivered,Merchant,Amazon.in,RAJASTHAN,Apparel,Leather Belt,1,1730.36,Card,B2C
AMZ-1000951,2023-03-10,Delivered,Merchant,Amazon.in,UTTAR PRADESH,Beauty,Sunscreen SPF 50,1,849.59,COD,B2C
AMZ-1000952,2023-05-01,Shipped,Amazon,Amazon.in,TAMIL NADU,Beauty,Hair Dryer 1600W,1,626.12,UPI,B2B
AMZ-1000953,2023-05-06,Delivered,Amazon,Amazon.in,TELANGANA,Electronics,Smart Watch Series 5,2,77074.14,UPI,B2C
AMZ-1000954,2023-04-01,Delivered,Amazon,Amazon.in,TAMIL NADU,Books,The Psychology of Money,1,897.82,Net Banking,B2C
AMZ-1000955,2023-06-23,Cancelled,Merchant,Amazon.in,KARNATAKA,Electronics,Bluetooth Speaker,1,23252.94,COD,B2C
AMZ-1000956,2023-04-16,Delivered,Amazon,Amazon.in,MAHARASHTRA,Books,The Psychology of Money,1,161.13,UPI,B2C
AMZ-1000957,2023-05-11,Cancelled,Amazon,Amazon.in,KARNATAKA,Beauty,Vitamin C Face Serum,2,1113.42,COD,B2C
AMZ-1000958,2023-06-22,Shipped,Amazon,Amazon.in,KERALA,Beauty,Perfume EDT 100ml,1,645.89,Wallet,B2B
AMZ-1000959,2023-05-12,Shipped,Amazon,Amazon.in,TAMIL NADU,Beauty,Perfume EDT 100ml,2,1224.87,COD,B2C
AMZ-1000960,2023-05-20,Cancelled,Amazon,Amazon.in,UTTAR PRADESH,Books,Rich Dad Poor Dad,2,872.42,COD,B2C
AMZ-1000961,2023-05-09,Shipped,Amazon,Amazon.in,DELHI,Home & Kitchen,Steel Water Bottle 1L,1,5311.99,Card,B2C
AMZ-1000962,2023-04-01,Delivered,Amazon,Amazon.in,GUJARAT,Electronics,Power Bank 20000mAh,1,2159.02,Card,B2C
AMZ-1000963,2023-06-14,Cancelled,Merchant,Amazon.in,MAHARASHTRA,Home & Kitchen,Curtain Set 7ft,2,6987.55,UPI,B2C
AMZ-1000964,2023-06-20,Returned,Amazon,Amazon.in,TAMIL NADU,Electronics,USB-C Fast Charger,1,31582.1,UPI,B2C
AMZ-1000965,2023-04-13,Delivered,Amazon,Amazon.in,WEST BENGAL,Home & Kitchen,Bedsheet Double,1,8576.59,Card,B2C
AMZ-1000966,2023-04-13,Delivered,Amazon,Amazon.in,RAJASTHAN,Beauty,Beard Oil,1,1772.91,Net Banking,B2C
AMZ-1000967,2023-04-02,Delivered,Amazon,Amazon.in,KARNATAKA,Electronics,Wireless Earbuds Pro,1,15494.96,Net Banking,B2C
AMZ-1000968,2023-05-07,Delivered,Merchant,Amazon.in,GUJARAT,Apparel,Formal Shirt,1,3010.25,UPI,B2C
AMZ-1000969,2023-04-22,Delivered,Amazon,Amazon.in,UTTAR PRADESH,Electronics,HDMI Cable 2m,2,37772.22,COD,B2C
AMZ-1000970,2023-04-05,Delivered,Merchant,Amazon.in,MADHYA PRADESH,Electronics,Power Bank 20000mAh,2,33002.26,Net Banking,B2C
AMZ-1000971,2023-05-01,Delivered,Amazon,Amazon.in,KARNATAKA,Books,Think and Grow Rich,1,975.41,Card,B2C
AMZ-1000972,2023-03-13,Delivered,Merchant,Amazon.in,WEST BENGAL,Home & Kitchen,Non-Stick Cookware Set,3,2212.58,Wallet,B2C
AMZ-1000973,2023-05-28,Delivered,Merchant,Amazon.in,WEST BENGAL,Home & Kitchen,Vacuum Flask,1,1223.36,Card,B2C
AMZ-1000974,2023-06-21,Delivered,Merchant,Amazon.in,DELHI,Home & Kitchen,Vacuum Flask,1,8377.24,Card,B2C
AMZ-1000975,2023-06-02,Delivered,Merchant,Amazon.in,WEST BENGAL,Electronics,USB-C Fast Charger,2,55831.12,UPI,B2C
AMZ-1000976,2023-05-03,Cancelled,Amazon,Amazon.in,WEST BENGAL,Beauty,Shampoo Anti-Dandruff,1,1350.56,COD,B2C
AMZ-1000977,2023-04-04,Returned,Merchant,Amazon.in,KARNATAKA,Apparel,Cotton T-Shirt Slim Fit,2,4018.02,UPI,B2C
AMZ-1000978,2023-06-17,Delivered,Merchant,Amazon.in,TELANGANA,Sports & Fitness,Resistance Bands,1,4057.64,COD,B2C
AMZ-1000979,2023-03-07,Delivered,Amazon,Amazon.in,WEST BENGAL,Apparel,Sports Shorts,1,518.59,UPI,B2C
AMZ-1000980,2023-05-10,Delivered,Amazon,Amazon.in,GUJARAT,Apparel,Kurta Set,1,2370.82,Net Banking,B2C
AMZ-1000981,2023-03-19,Delivered,Merchant,Amazon.in,MAHARASHTRA,Beauty,Lipstick Matte Set,2,3331.77,UPI,B2C
AMZ-1000982,2023-03-21,Delivered,Amazon,Amazon.in,WEST BENGAL,Apparel,Cotton T-Shirt Slim Fit,3,9909.9,UPI,B2C
AMZ-1000983,2023-05-20,Delivered,Merchant,Amazon.in,KERALA,Electronics,Smart TV 43" 4K,1,12316.31,Wallet,B2C
AMZ-1000984,2023-05-20,Delivered,Merchant,Amazon.in,UTTAR PRADESH,Home & Kitchen,Bedsheet Double,2,12556.01,Card,B2C
AMZ-1000985,2023-04-15,Shipped,Amazon,Amazon.in,KARNATAKA,Footwear,Casual Sneakers,1,3715.39,UPI,B2C
AMZ-1000986,2023-04-19,Shipped,Amazon,Amazon.in,KERALA,Apparel,Leather Belt,1,2901.67,Net Banking,B2C
AMZ-1000987,2023-05-07,Delivered,Merchant,Amazon.in,MADHYA PRADESH,Electronics,Power Bank 20000mAh,2,30894.13,Card,B2C
AMZ-1000988,2023-06-24,Delivered,Merchant,Amazon.in,DELHI,Beauty,Shampoo Anti-Dandruff,1,893.76,Card,B2C
AMZ-1000989,2023-04-07,Cancelled,Amazon,Amazon.in,MAHARASHTRA,Home & Kitchen,Mixer Grinder 750W,1,7103.42,Wallet,B2C
AMZ-1000990,2023-05-30,Delivered,Amazon,Amazon.in,MAHARASHTRA,Sports & Fitness,Cricket Bat,1,5158.3,UPI,B2B
AMZ-1000991,2023-06-10,Delivered,Merchant,Amazon.in,TAMIL NADU,Sports & Fitness,Cricket Bat,1,1819.86,Card,B2C
AMZ-1000992,2023-05-20,Returned,Merchant,Amazon.in,HARYANA,Electronics,Smart Watch Series 5,1,19818.94,COD,B2C
AMZ-1000993,2023-04-10,Shipped,Merchant,Amazon.in,KARNATAKA,Beauty,Face Wash Neem,1,1958.13,UPI,B2C
AMZ-1000994,2023-04-10,Cancelled,Merchant,Amazon.in,MAHARASHTRA,Apparel,Sports Shorts,1,3295.76,COD,B2C
AMZ-1000995,2023-04-02,Delivered,Merchant,Amazon.in,WEST BENGAL,Electronics,HDMI Cable 2m,1,20004.63,COD,B2C
AMZ-1000996,2023-04-19,Cancelled,Amazon,Amazon.in,DELHI,Home & Kitchen,Storage Container Set,1,6907.08,UPI,B2C
AMZ-1000997,2023-03-21,Delivered,Amazon,Amazon.in,KARNATAKA,Books,The Alchemist,1,718.65,Net Banking,B2C
AMZ-1000998,2023-04-03,Delivered,Merchant,Amazon.in,MADHYA PRADESH,Home & Kitchen,Storage Container Set,2,3253.26,Card,B2C
AMZ-1000999,2023-05-09,Delivered,Amazon,Amazon.in,TAMIL NADU,Electronics,Laptop Backpack,1,13370.45,UPI,B2C
AMZ-1001000,2023-04-12,Delivered,Merchant,Amazon.in,GUJARAT,Electronics,Wireless Earbuds Pro,1,44935.54,UPI,B2C
AMZ-1001001,2023-06-16,Delivered,Merchant,Amazon.in,TELANGANA,Beauty,Vitamin C Face Serum,1,1579.74,UPI,B2C
AMZ-1001002,2023-03-02,Delivered,Merchant,Amazon.in,KARNATAKA,Home & Kitchen,Vacuum Flask,1,6065.37,UPI,B2C
AMZ-1001003,2023-05-20,Delivered,Merchant,Amazon.in,KARNATAKA,Footwear,Casual Sneakers,1,2521.23,Net Banking,B2C
AMZ-1001004,2023-05-25,Delivered,Merchant,Amazon.in,WEST BENGAL,Apparel,Sports Shorts,1,657.32,Wallet,B2C
AMZ-1001005,2023-05-09,Delivered,Amazon,Amazon.in,DELHI,Home & Kitchen,Non-Stick Cookware Set,2,1464.21,Card,B2C
AMZ-1001006,2023-03-27,Pending,Amazon,Amazon.in,RAJASTHAN,Apparel,Kurta Set,1,3341.49,UPI,B2C
AMZ-1001007,2023-04-29,Cancelled,Amazon,Amazon.in,UTTAR PRADESH,Apparel,Cotton T-Shirt Slim Fit,1,1656.9,Wallet,B2C
AMZ-1001008,2023-04-27,Delivered,Amazon,Amazon.in,RAJASTHAN,Home & Kitchen,Steel Water Bottle 1L,1,2485.59,UPI,B2C
AMZ-1001009,2023-04-08,Delivered,Merchant,Amazon.in,MADHYA PRADESH,Sports & Fitness,Badminton Racket,1,4509.03,Net Banking,B2C
AMZ-1001010,2023-06-08,Delivered,Amazon,Amazon.in,TAMIL NADU,Beauty,Shampoo Anti-Dandruff,1,2292.56,COD,B2C
AMZ-1001011,2023-04-23,Delivered,Amazon,Amazon.in,TAMIL NADU,Home & Kitchen,Storage Container Set,1,9505.64,Card,B2C
AMZ-1001012,2023-04-13,Delivered,Amazon,Amazon.in,PUNJAB,Home & Kitchen,LED Table Lamp,1,4974.15,Card,B2C
AMZ-1001013,2023-03-05,Cancelled,Amazon,Amazon.in,BIHAR,Footwear,Formal Leather Shoes,1,3155.38,Wallet,B2C
AMZ-1001014,2023-03-20,Delivered,Merchant,Amazon.in,DELHI,Electronics,Smart Watch Series 5,1,14587.8,Card,B2C
AMZ-1001015,2023-05-31,Delivered,Amazon,Amazon.in,UTTAR PRADESH,Electronics,USB-C Fast Charger,2,59241.14,UPI,B2C
AMZ-1001016,2023-05-27,Cancelled,Amazon,Amazon.in,MAHARASHTRA,Books,The Alchemist,2,888.6,COD,B2C
AMZ-1001017,2023-05-30,Delivered,Amazon,Amazon.in,BIHAR,Electronics,Smart Watch Series 5,1,14836.14,COD,B2C
AMZ-1001018,2023-03-02,Delivered,Amazon,Amazon.in,MAHARASHTRA,Electronics,Smart Watch Series 5,1,19622.92,Wallet,B2C
AMZ-1001019,2023-04-23,Delivered,Amazon,Amazon.in,TAMIL NADU,Electronics,HDMI Cable 2m,1,9689.79,UPI,B2C
AMZ-1001020,2023-06-25,Cancelled,Merchant,Amazon.in,DELHI,Books,Sapiens,1,167.47,COD,B2C
AMZ-1001021,2023-06-24,Delivered,Amazon,Amazon.in,KARNATAKA,Home & Kitchen,Non-Stick Cookware Set,1,961.03,COD,B2C
AMZ-1001022,2023-03-10,Delivered,Amazon,Amazon.in,DELHI,Home & Kitchen,LED Table Lamp,1,2028.42,UPI,B2C
AMZ-1001023,2023-05-15,Delivered,Amazon,Amazon.in,GUJARAT,Beauty,Vitamin C Face Serum,2,4512.99,Wallet,B2C
AMZ-1001024,2023-06-02,Delivered,Amazon,Amazon.in,KARNATAKA,Electronics,Smart TV 43" 4K,1,31028.98,COD,B2C
AMZ-1001025,2023-03-01,Cancelled,Merchant,Amazon.in,BIHAR,Beauty,Sunscreen SPF 50,1,2069.78,COD,B2C
AMZ-1001026,2023-06-13,Delivered,Amazon,Amazon.in,TELANGANA,Home & Kitchen,Bedsheet Double,1,7002.39,UPI,B2C
AMZ-1001027,2023-03-31,Pending,Amazon,Amazon.in,MAHARASHTRA,Electronics,Power Bank 20000mAh,2,19413.83,UPI,B2C
AMZ-1001028,2023-05-29,Delivered,Merchant,Amazon.in,TAMIL NADU,Electronics,Wireless Earbuds Pro,1,17340.31,UPI,B2C
AMZ-1001029,2023-04-14,Delivered,Merchant,Amazon.in,KERALA,Home & Kitchen,LED Table Lamp,1,7223.89,Wallet,B2C
AMZ-1001030,2023-05-20,Delivered,Merchant,Amazon.in,TAMIL NADU,Sports & Fitness,Dumbbell Set 10kg,2,2691.52,COD,B2C
AMZ-1001031,2023-03-03,Delivered,Amazon,Amazon.in,KERALA,Home & Kitchen,LED Table Lamp,1,11031.69,Net Banking,B2C
AMZ-1001032,2023-05-30,Delivered,Amazon,Amazon.in,GUJARAT,Sports & Fitness,Yoga Mat 6mm,1,1168.13,Wallet,B2C
AMZ-1001033,2023-04-20,Delivered,Merchant,Amazon.in,MAHARASHTRA,Electronics,Power Bank 20000mAh,1,12009.31,Wallet,B2C
AMZ-1001034,2023-04-16,Delivered,Amazon,Amazon.in,TELANGANA,Beauty,Beard Oil,1,2414.45,UPI,B2B
AMZ-1001035,2023-04-18,Delivered,Amazon,Amazon.in,KARNATAKA,Beauty,Lipstick Matte Set,1,2164,UPI,B2B
AMZ-1001036,2023-03-11,Returned,Amazon,Amazon.in,HARYANA,Sports & Fitness,Yoga Mat 6mm,2,8060.01,COD,B2C
AMZ-1001037,2023-06-22,Delivered,Amazon,Amazon.in,MAHARASHTRA,Apparel,Denim Jacket,2,4200.29,UPI,B2C
AMZ-1001038,2023-06-04,Delivered,Merchant,Amazon.in,TELANGANA,Electronics,Wireless Earbuds Pro,1,43084.14,Wallet,B2C
AMZ-1001039,2023-05-19,Delivered,Amazon,Amazon.in,WEST BENGAL,Footwear,Sports Sandals,1,1666.75,COD,B2C
AMZ-1001040,2023-04-30,Delivered,Amazon,Amazon.in,DELHI,Home & Kitchen,Storage Container Set,1,1307.93,Card,B2C
AMZ-1001041,2023-06-11,Delivered,Amazon,Amazon.in,RAJASTHAN,Books,Atomic Habits,2,1905.25,UPI,B2C
AMZ-1001042,2023-05-13,Delivered,Amazon,Amazon.in,DELHI,Sports & Fitness,Dumbbell Set 10kg,1,4176.71,Net Banking,B2C
AMZ-1001043,2023-05-13,Delivered,Amazon,Amazon.in,GUJARAT,Electronics,Power Bank 20000mAh,2,21259.11,COD,B2C
AMZ-1001044,2023-04-02,Delivered,Amazon,Amazon.in,WEST BENGAL,Apparel,Cotton T-Shirt Slim Fit,1,1937.46,Card,B2C
AMZ-1001045,2023-03-01,Shipped,Merchant,Amazon.in,TAMIL NADU,Footwear,Canvas Shoes,1,5236.27,UPI,B2C
AMZ-1001046,2023-04-27,Delivered,Merchant,Amazon.in,BIHAR,Apparel,Formal Shirt,2,2614.1,UPI,B2C
AMZ-1001047,2023-06-20,Delivered,Amazon,Amazon.in,MAHARASHTRA,Books,Deep Work,2,1863.89,Card,B2C
AMZ-1001048,2023-06-06,Delivered,Amazon,Amazon.in,TELANGANA,Apparel,Formal Shirt,1,2201.83,UPI,B2C
AMZ-1001049,2023-04-20,Delivered,Amazon,Amazon.in,MAHARASHTRA,Apparel,Leather Belt,1,1100.66,UPI,B2C
AMZ-1001050,2023-05-11,Delivered,Amazon,Amazon.in,KARNATAKA,Sports & Fitness,Skipping Rope,1,4595.76,Net Banking,B2C
AMZ-1001051,2023-03-08,Delivered,Amazon,Amazon.in,RAJASTHAN,Electronics,HDMI Cable 2m,1,31176.02,Wallet,B2C
AMZ-1001052,2023-05-11,Delivered,Amazon,Amazon.in,UTTAR PRADESH,Home & Kitchen,LED Table Lamp,1,5816.08,UPI,B2C
AMZ-1001053,2023-03-08,Cancelled,Amazon,Amazon.in,KARNATAKA,Beauty,Shampoo Anti-Dandruff,1,468.79,Wallet,B2C
AMZ-1001054,2023-04-24,Returned,Amazon,Amazon.in,RAJASTHAN,Electronics,HDMI Cable 2m,2,35304.84,COD,B2C
AMZ-1001055,2023-05-27,Delivered,Amazon,Amazon.in,KARNATAKA,Footwear,Canvas Shoes,1,602.87,UPI,B2C
AMZ-1001056,2023-05-21,Delivered,Amazon,Amazon.in,MAHARASHTRA,Sports & Fitness,Cricket Bat,1,4057.96,COD,B2C
AMZ-1001057,2023-04-15,Delivered,Amazon,Amazon.in,BIHAR,Books,Think and Grow Rich,2,1769.87,Wallet,B2C
AMZ-1001058,2023-05-04,Returned,Merchant,Amazon.in,MAHARASHTRA,Sports & Fitness,Yoga Mat 6mm,1,5674.7,Card,B2C
AMZ-1001059,2023-06-17,Shipped,Amazon,Amazon.in,GUJARAT,Books,The Alchemist,1,1114.28,UPI,B2C
AMZ-1001060,2023-05-14,Delivered,Amazon,Amazon.in,RAJASTHAN,Beauty,Vitamin C Face Serum,1,2440.49,UPI,B2C
AMZ-1001061,2023-06-27,Delivered,Merchant,Amazon.in,TELANGANA,Footwear,Trail Hiking Boots,2,5458.48,Card,B2C
AMZ-1001062,2023-03-03,Delivered,Amazon,Amazon.in,MAHARASHTRA,Home & Kitchen,Curtain Set 7ft,2,3979.18,UPI,B2C
AMZ-1001063,2023-04-01,Delivered,Merchant,Amazon.in,KARNATAKA,Apparel,Sports Shorts,1,2697.64,UPI,B2C
AMZ-1001064,2023-06-05,Delivered,Amazon,Amazon.in,KERALA,Books,Atomic Habits,2,1994.23,UPI,B2C
AMZ-1001065,2023-06-12,Cancelled,Merchant,Amazon.in,DELHI,Footwear,Flip Flops,1,5524.85,COD,B2C
AMZ-1001066,2023-05-22,Delivered,Merchant,Amazon.in,TAMIL NADU,Electronics,Smart TV 43" 4K,1,3273.13,Net Banking,B2C
AMZ-1001067,2023-04-01,Delivered,Amazon,Amazon.in,KERALA,Electronics,HDMI Cable 2m,1,28120.93,COD,B2C
AMZ-1001068,2023-03-02,Delivered,Amazon,Amazon.in,UTTAR PRADESH,Books,Rich Dad Poor Dad,2,2216.41,Card,B2C
AMZ-1001069,2023-05-23,Delivered,Amazon,Amazon.in,WEST BENGAL,Beauty,Sunscreen SPF 50,1,1994.96,Card,B2C
AMZ-1001070,2023-06-08,Delivered,Amazon,Amazon.in,RAJASTHAN,Apparel,Kurta Set,1,1837.69,UPI,B2B
AMZ-1001071,2023-03-29,Delivered,Amazon,Amazon.in,KERALA,Footwear,Canvas Shoes,1,5274.95,UPI,B2C
AMZ-1001072,2023-04-07,Returned,Amazon,Amazon.in,RAJASTHAN,Home & Kitchen,Non-Stick Cookware Set,1,7445.86,Card,B2C
AMZ-1001073,2023-05-19,Shipped,Amazon,Amazon.in,GUJARAT,Home & Kitchen,Vacuum Flask,1,11008.87,Card,B2C
AMZ-1001074,2023-05-02,Delivered,Amazon,Amazon.in,TELANGANA,Beauty,Beard Oil,1,640.01,UPI,B2C
AMZ-1001075,2023-06-23,Delivered,Amazon,Amazon.in,GUJARAT,Apparel,Denim Jacket,1,3090.26,COD,B2C
AMZ-1001076,2023-04-08,Returned,Amazon,Amazon.in,MAHARASHTRA,Apparel,Sports Shorts,2,3541.08,Wallet,B2C
AMZ-1001077,2023-05-01,Delivered,Merchant,Amazon.in,TAMIL NADU,Home & Kitchen,Curtain Set 7ft,2,5752.36,Card,B2C
AMZ-1001078,2023-05-21,Delivered,Amazon,Amazon.in,GUJARAT,Sports & Fitness,Badminton Racket,1,6245.99,UPI,B2C
AMZ-1001079,2023-03-27,Delivered,Amazon,Amazon.in,UTTAR PRADESH,Apparel,Denim Jacket,1,3419.18,Card,B2C
AMZ-1001080,2023-05-18,Delivered,Amazon,Amazon.in,DELHI,Books,Think and Grow Rich,1,899.7,Wallet,B2C
AMZ-1001081,2023-04-10,Delivered,Amazon,Amazon.in,GUJARAT,Electronics,Power Bank 20000mAh,3,89954.44,Card,B2C
AMZ-1001082,2023-03-06,Delivered,Amazon,Amazon.in,MAHARASHTRA,Home & Kitchen,Non-Stick Cookware Set,3,8478.19,UPI,B2C
AMZ-1001083,2023-06-09,Delivered,Amazon,Amazon.in,KARNATAKA,Books,Deep Work,1,669.31,Card,B2C
AMZ-1001084,2023-03-27,Delivered,Merchant,Amazon.in,TAMIL NADU,Electronics,Wireless Earbuds Pro,2,19183.68,COD,B2C
AMZ-1001085,2023-04-22,Delivered,Merchant,Amazon.in,MAHARASHTRA,Footwear,Casual Sneakers,2,9250.2,UPI,B2C
AMZ-1001086,2023-05-02,Delivered,Amazon,Amazon.in,TELANGANA,Electronics,Smart Watch Series 5,2,44027.69,UPI,B2C
AMZ-1001087,2023-05-07,Shipped,Amazon,Amazon.in,KARNATAKA,Footwear,Casual Sneakers,1,5952.49,COD,B2C
AMZ-1001088,2023-04-22,Delivered,Merchant,Amazon.in,UTTAR PRADESH,Footwear,Running Shoes,1,5882.44,Card,B2C
AMZ-1001089,2023-03-27,Delivered,Merchant,Amazon.in,UTTAR PRADESH,Footwear,Trail Hiking Boots,1,3946.76,Wallet,B2B
AMZ-1001090,2023-05-26,Shipped,Amazon,Amazon.in,TAMIL NADU,Home & Kitchen,Curtain Set 7ft,2,8261.81,UPI,B2C
AMZ-1001091,2023-05-27,Delivered,Amazon,Amazon.in,TELANGANA,Apparel,Denim Jacket,2,4062.85,Net Banking,B2C
AMZ-1001092,2023-05-16,Delivered,Amazon,Amazon.in,WEST BENGAL,Apparel,Denim Jacket,2,6952.67,Wallet,B2C
AMZ-1001093,2023-03-01,Delivered,Merchant,Amazon.in,WEST BENGAL,Apparel,Sports Shorts,2,2669.84,UPI,B2C
AMZ-1001094,2023-04-25,Shipped,Amazon,Amazon.in,MAHARASHTRA,Apparel,Denim Jacket,1,2150.84,UPI,B2C
AMZ-1001095,2023-03-19,Cancelled,Merchant,Amazon.in,MAHARASHTRA,Electronics,Laptop Backpack,2,78203.29,Card,B2C
AMZ-1001096,2023-05-13,Delivered,Merchant,Amazon.in,DELHI,Apparel,Polo T-Shirt,1,799.78,COD,B2C
AMZ-1001097,2023-06-24,Delivered,Amazon,Amazon.in,WEST BENGAL,Sports & Fitness,Football Size 5,3,19984.58,UPI,B2C
AMZ-1001098,2023-03-12,Cancelled,Merchant,Amazon.in,DELHI,Home & Kitchen,Storage Container Set,2,16201.26,Card,B2C
AMZ-1001099,2023-03-14,Delivered,Merchant,Amazon.in,UTTAR PRADESH,Sports & Fitness,Resistance Bands,1,2067.28,Card,B2C
AMZ-1001100,2023-06-09,Shipped,Amazon,Amazon.in,KARNATAKA,Electronics,Wireless Earbuds Pro,1,34467.2,Card,B2C
AMZ-1001101,2023-04-11,Delivered,Merchant,Amazon.in,KARNATAKA,Electronics,Smart Watch Series 5,1,2757.66,Card,B2C
AMZ-1001102,2023-06-17,Delivered,Merchant,Amazon.in,DELHI,Books,The Psychology of Money,1,989.51,UPI,B2C
AMZ-1001103,2023-04-07,Delivered,Merchant,Amazon.in,GUJARAT,Beauty,Perfume EDT 100ml,2,3144.78,UPI,B2C
AMZ-1001104,2023-06-05,Returned,Merchant,Amazon.in,MAHARASHTRA,Beauty,Sunscreen SPF 50,1,2283.43,Card,B2C
AMZ-1001105,2023-06-14,Delivered,Amazon,Amazon.in,RAJASTHAN,Electronics,Laptop Backpack,2,12298.8,Card,B2C
AMZ-1001106,2023-06-11,Delivered,Amazon,Amazon.in,TELANGANA,Books,The Psychology of Money,2,2077.48,COD,B2C
AMZ-1001107,2023-05-26,Delivered,Amazon,Amazon.in,TELANGANA,Apparel,Cotton T-Shirt Slim Fit,1,2901.22,Wallet,B2C
AMZ-1001108,2023-05-12,Delivered,Merchant,Amazon.in,PUNJAB,Electronics,HDMI Cable 2m,1,8166.32,Card,B2C
AMZ-1001109,2023-04-18,Delivered,Merchant,Amazon.in,MAHARASHTRA,Footwear,Formal Leather Shoes,3,7409.12,UPI,B2C
AMZ-1001110,2023-03-17,Returned,Merchant,Amazon.in,TAMIL NADU,Footwear,Formal Leather Shoes,1,2729.11,Card,B2C
AMZ-1001111,2023-05-25,Delivered,Amazon,Amazon.in,MAHARASHTRA,Beauty,Shampoo Anti-Dandruff,1,1224.09,UPI,B2C
AMZ-1001112,2023-05-19,Delivered,Merchant,Amazon.in,DELHI,Footwear,Formal Leather Shoes,1,4343.67,Card,B2C
AMZ-1001113,2023-03-31,Cancelled,Amazon,Amazon.in,UTTAR PRADESH,Electronics,Smart TV 43" 4K,2,55055.79,COD,B2C
AMZ-1001114,2023-04-22,Returned,Amazon,Amazon.in,WEST BENGAL,Home & Kitchen,Steel Water Bottle 1L,2,11241.87,UPI,B2C
AMZ-1001115,2023-03-24,Delivered,Amazon,Amazon.in,RAJASTHAN,Apparel,Sports Shorts,3,7861.85,Card,B2C
AMZ-1001116,2023-04-22,Delivered,Merchant,Amazon.in,TELANGANA,Electronics,Power Bank 20000mAh,1,2218.41,COD,B2C
AMZ-1001117,2023-05-15,Delivered,Amazon,Amazon.in,MAHARASHTRA,Apparel,Formal Shirt,1,1791.96,Card,B2C
AMZ-1001118,2023-05-14,Shipped,Merchant,Amazon.in,DELHI,Apparel,Polo T-Shirt,1,620.57,Card,B2C
AMZ-1001119,2023-06-01,Delivered,Amazon,Amazon.in,MAHARASHTRA,Electronics,Bluetooth Speaker,1,27572.45,Card,B2C
AMZ-1001120,2023-03-06,Delivered,Amazon,Amazon.in,GUJARAT,Apparel,Denim Jacket,1,3271.97,UPI,B2C
AMZ-1001121,2023-04-18,Delivered,Amazon,Amazon.in,TAMIL NADU,Apparel,Denim Jacket,2,3115.37,Net Banking,B2C
AMZ-1001122,2023-06-28,Delivered,Merchant,Amazon.in,TAMIL NADU,Electronics,HDMI Cable 2m,1,35501.36,UPI,B2C
AMZ-1001123,2023-06-08,Delivered,Amazon,Amazon.in,DELHI,Home & Kitchen,Vacuum Flask,1,4908.88,UPI,B2C
AMZ-1001124,2023-03-26,Delivered,Amazon,Amazon.in,RAJASTHAN,Beauty,Hair Dryer 1600W,1,1750.14,Wallet,B2C
AMZ-1001125,2023-03-29,Shipped,Amazon,Amazon.in,MAHARASHTRA,Sports & Fitness,Skipping Rope,2,7915.61,UPI,B2C
AMZ-1001126,2023-05-09,Delivered,Amazon,Amazon.in,TAMIL NADU,Sports & Fitness,Skipping Rope,1,1728.6,COD,B2C
AMZ-1001127,2023-03-05,Shipped,Merchant,Amazon.in,UTTAR PRADESH,Beauty,Perfume EDT 100ml,1,1060.67,Card,B2C
AMZ-1001128,2023-05-22,Cancelled,Amazon,Amazon.in,TELANGANA,Apparel,Leather Belt,3,8048.65,COD,B2C
AMZ-1001129,2023-03-09,Delivered,Amazon,Amazon.in,PUNJAB,Beauty,Hair Dryer 1600W,1,1422.43,Wallet,B2C
AMZ-1001130,2023-05-04,Delivered,Amazon,Amazon.in,UTTAR PRADESH,Sports & Fitness,Cricket Bat,2,1994.3,Net Banking,B2C
AMZ-1001131,2023-03-08,Delivered,Merchant,Amazon.in,MAHARASHTRA,Footwear,Running Shoes,1,5982.54,Net Banking,B2C
AMZ-1001132,2023-05-03,Delivered,Amazon,Amazon.in,WEST BENGAL,Apparel,Cotton T-Shirt Slim Fit,1,1155.46,Wallet,B2C
AMZ-1001133,2023-04-27,Delivered,Merchant,Amazon.in,DELHI,Books,Deep Work,1,396.19,UPI,B2C
AMZ-1001134,2023-04-28,Delivered,Merchant,Amazon.in,RAJASTHAN,Sports & Fitness,Yoga Mat 6mm,1,2002.29,Card,B2C
AMZ-1001135,2023-05-20,Cancelled,Merchant,Amazon.in,RAJASTHAN,Footwear,Loafers,2,8054.84,COD,B2C
AMZ-1001136,2023-03-09,Pending,Amazon,Amazon.in,MAHARASHTRA,Electronics,Power Bank 20000mAh,1,36857.85,Wallet,B2C
AMZ-1001137,2023-04-12,Delivered,Amazon,Amazon.in,GUJARAT,Apparel,Denim Jacket,1,3068.91,UPI,B2C
AMZ-1001138,2023-04-30,Delivered,Amazon,Amazon.in,UTTAR PRADESH,Apparel,Formal Shirt,1,2798.29,UPI,B2C
AMZ-1001139,2023-04-11,Delivered,Merchant,Amazon.in,PUNJAB,Footwear,Flip Flops,1,657.6,COD,B2C
AMZ-1001140,2023-05-22,Shipped,Merchant,Amazon.in,MAHARASHTRA,Footwear,Casual Sneakers,2,2386.53,Card,B2C
AMZ-1001141,2023-05-26,Pending,Amazon,Amazon.in,WEST BENGAL,Beauty,Beard Oil,2,479.38,UPI,B2C
AMZ-1001142,2023-05-19,Cancelled,Merchant,Amazon.in,RAJASTHAN,Apparel,Formal Shirt,1,692.4,COD,B2C
AMZ-1001143,2023-05-01,Shipped,Merchant,Amazon.in,KERALA,Home & Kitchen,LED Table Lamp,1,8480.45,Card,B2C
AMZ-1001144,2023-05-05,Delivered,Merchant,Amazon.in,MAHARASHTRA,Beauty,Vitamin C Face Serum,1,1350.65,COD,B2C
AMZ-1001145,2023-06-07,Delivered,Amazon,Amazon.in,MAHARASHTRA,Books,Ikigai,2,2307.06,Wallet,B2C
AMZ-1001146,2023-06-28,Delivered,Amazon,Amazon.in,MAHARASHTRA,Beauty,Beard Oil,1,874.52,COD,B2C
AMZ-1001147,2023-03-20,Delivered,Merchant,Amazon.in,DELHI,Apparel,Leather Belt,2,6809.39,UPI,B2C
AMZ-1001148,2023-05-11,Delivered,Merchant,Amazon.in,DELHI,Footwear,Running Shoes,2,8952.3,Card,B2C
AMZ-1001149,2023-03-22,Delivered,Amazon,Amazon.in,HARYANA,Electronics,HDMI Cable 2m,1,35762.32,Card,B2C
AMZ-1001150,2023-05-05,Delivered,Amazon,Amazon.in,TELANGANA,Apparel,Denim Jacket,1,2708.81,UPI,B2C
AMZ-1001151,2023-04-22,Cancelled,Amazon,Amazon.in,HARYANA,Apparel,Denim Jacket,2,1724.44,Wallet,B2C
AMZ-1001152,2023-03-25,Delivered,Merchant,Amazon.in,HARYANA,Books,Deep Work,1,321.43,COD,B2C
AMZ-1001153,2023-03-23,Delivered,Amazon,Amazon.in,KARNATAKA,Home & Kitchen,Bedsheet Double,1,7380.91,Card,B2C
AMZ-1001154,2023-05-08,Delivered,Amazon,Amazon.in,MAHARASHTRA,Beauty,Shampoo Anti-Dandruff,1,452.28,UPI,B2C
AMZ-1001155,2023-05-10,Delivered,Amazon,Amazon.in,WEST BENGAL,Sports & Fitness,Football Size 5,2,1122.03,Net Banking,B2C
AMZ-1001156,2023-05-16,Delivered,Amazon,Amazon.in,MAHARASHTRA,Electronics,Power Bank 20000mAh,1,1946.72,Card,B2C
AMZ-1001157,2023-04-23,Cancelled,Merchant,Amazon.in,RAJASTHAN,Beauty,Vitamin C Face Serum,1,670.07,COD,B2C
AMZ-1001158,2023-04-03,Delivered,Merchant,Amazon.in,TELANGANA,Electronics,HDMI Cable 2m,1,20348.43,Card,B2C
AMZ-1001159,2023-05-23,Delivered,Merchant,Amazon.in,RAJASTHAN,Apparel,Polo T-Shirt,2,1602.38,UPI,B2C
AMZ-1001160,2023-05-01,Delivered,Merchant,Amazon.in,TAMIL NADU,Apparel,Polo T-Shirt,1,3328.03,UPI,B2C
AMZ-1001161,2023-05-07,Delivered,Amazon,Amazon.in,DELHI,Beauty,Shampoo Anti-Dandruff,1,247.41,Net Banking,B2C
AMZ-1001162,2023-03-18,Delivered,Amazon,Amazon.in,KARNATAKA,Beauty,Face Wash Neem,3,3859.36,UPI,B2C
AMZ-1001163,2023-04-18,Delivered,Merchant,Amazon.in,KARNATAKA,Home & Kitchen,Non-Stick Cookware Set,1,1355.79,Wallet,B2C
AMZ-1001164,2023-04-05,Delivered,Amazon,Amazon.in,MAHARASHTRA,Home & Kitchen,Storage Container Set,1,3007.27,COD,B2C
AMZ-1001165,2023-04-27,Delivered,Merchant,Amazon.in,KERALA,Apparel,Polo T-Shirt,1,1358.09,UPI,B2C
AMZ-1001166,2023-03-12,Cancelled,Amazon,Amazon.in,MAHARASHTRA,Books,The Psychology of Money,1,571.31,COD,B2C
AMZ-1001167,2023-05-03,Delivered,Merchant,Amazon.in,MAHARASHTRA,Electronics,Smart TV 43" 4K,1,19026.53,COD,B2C
AMZ-1001168,2023-04-22,Delivered,Merchant,Amazon.in,UTTAR PRADESH,Apparel,Kurta Set,1,1632.97,UPI,B2C
AMZ-1001169,2023-03-05,Delivered,Amazon,Amazon.in,KARNATAKA,Beauty,Face Wash Neem,1,1261.23,UPI,B2C
AMZ-1001170,2023-04-29,Delivered,Amazon,Amazon.in,KERALA,Beauty,Beard Oil,1,1107.49,UPI,B2C
AMZ-1001171,2023-05-20,Shipped,Amazon,Amazon.in,UTTAR PRADESH,Footwear,Sports Sandals,2,9631.72,UPI,B2C
AMZ-1001172,2023-04-07,Delivered,Amazon,Amazon.in,MAHARASHTRA,Footwear,Casual Sneakers,1,2541.69,Card,B2C
AMZ-1001173,2023-03-25,Cancelled,Amazon,Amazon.in,UTTAR PRADESH,Sports & Fitness,Football Size 5,1,6877.74,COD,B2C
AMZ-1001174,2023-05-08,Returned,Amazon,Amazon.in,HARYANA,Beauty,Face Wash Neem,1,894.33,Wallet,B2C
AMZ-1001175,2023-05-10,Delivered,Merchant,Amazon.in,HARYANA,Home & Kitchen,Mixer Grinder 750W,1,2381.11,Card,B2C
AMZ-1001176,2023-05-11,Delivered,Amazon,Amazon.in,GUJARAT,Books,Atomic Habits,1,612.6,Wallet,B2B
AMZ-1001177,2023-06-23,Delivered,Amazon,Amazon.in,DELHI,Electronics,Laptop Backpack,2,34310.09,Card,B2C
AMZ-1001178,2023-06-23,Delivered,Amazon,Amazon.in,MAHARASHTRA,Books,The Psychology of Money,2,532.89,Card,B2C
AMZ-1001179,2023-04-27,Delivered,Amazon,Amazon.in,DELHI,Beauty,Lipstick Matte Set,1,533.2,UPI,B2C
AMZ-1001180,2023-06-03,Cancelled,Merchant,Amazon.in,RAJASTHAN,Books,Think and Grow Rich,2,1788.16,COD,B2C
AMZ-1001181,2023-05-24,Shipped,Merchant,Amazon.in,UTTAR PRADESH,Books,The Psychology of Money,3,1471.61,Card,B2C
AMZ-1001182,2023-04-11,Delivered,Amazon,Amazon.in,UTTAR PRADESH,Books,The Alchemist,1,204.86,UPI,B2C
AMZ-1001183,2023-06-26,Delivered,Amazon,Amazon.in,RAJASTHAN,Electronics,USB-C Fast Charger,2,43441.68,COD,B2C
AMZ-1001184,2023-04-20,Shipped,Merchant,Amazon.in,KARNATAKA,Apparel,Polo T-Shirt,1,473.48,COD,B2C
AMZ-1001185,2023-06-24,Delivered,Merchant,Amazon.in,UTTAR PRADESH,Beauty,Lipstick Matte Set,1,2222.72,UPI,B2C
AMZ-1001186,2023-05-14,Delivered,Amazon,Amazon.in,GUJARAT,Footwear,Casual Sneakers,1,537.31,Wallet,B2C
AMZ-1001187,2023-05-07,Delivered,Amazon,Amazon.in,MAHARASHTRA,Footwear,Flip Flops,2,9666.55,COD,B2C
AMZ-1001188,2023-04-13,Cancelled,Amazon,Amazon.in,MAHARASHTRA,Sports & Fitness,Yoga Mat 6mm,1,3409.02,Card,B2C
AMZ-1001189,2023-06-23,Returned,Amazon,Amazon.in,MAHARASHTRA,Footwear,Loafers,1,2031.97,Card,B2C
AMZ-1001190,2023-05-05,Delivered,Amazon,Amazon.in,UTTAR PRADESH,Beauty,Face Wash Neem,2,1344.8,UPI,B2C
AMZ-1001191,2023-06-15,Delivered,Amazon,Amazon.in,BIHAR,Home & Kitchen,Storage Container Set,1,8439.79,UPI,B2C
AMZ-1001192,2023-05-06,Delivered,Merchant,Amazon.in,GUJARAT,Apparel,Polo T-Shirt,1,1239.69,Card,B2C
AMZ-1001193,2023-05-28,Shipped,Amazon,Amazon.in,TAMIL NADU,Electronics,Smart Watch Series 5,2,49056.05,Net Banking,B2C
AMZ-1001194,2023-03-07,Cancelled,Amazon,Amazon.in,TAMIL NADU,Electronics,Laptop Backpack,1,5668.53,COD,B2C
AMZ-1001195,2023-03-21,Delivered,Amazon,Amazon.in,DELHI,Home & Kitchen,Non-Stick Cookware Set,1,5228.57,Card,B2C
AMZ-1001196,2023-05-10,Delivered,Amazon,Amazon.in,MAHARASHTRA,Books,Think and Grow Rich,1,414.85,UPI,B2C
AMZ-1001197,2023-03-20,Delivered,Merchant,Amazon.in,UTTAR PRADESH,Footwear,Running Shoes,1,1181.44,Card,B2C
AMZ-1001198,2023-03-05,Cancelled,Amazon,Amazon.in,KERALA,Electronics,Wireless Earbuds Pro,1,15313.18,COD,B2C
AMZ-1001199,2023-03-08,Cancelled,Merchant,Amazon.in,TAMIL NADU,Footwear,Running Shoes,2,10198.48,COD,B2C
AMZ-1001200,2023-06-20,Delivered,Merchant,Amazon.in,DELHI,Apparel,Kurta Set,2,3912.16,Card,B2C
AMZ-1001201,2023-04-01,Delivered,Amazon,Amazon.in,GUJARAT,Beauty,Beard Oil,1,993.4,Card,B2C
AMZ-1001202,2023-03-31,Delivered,Amazon,Amazon.in,TAMIL NADU,Home & Kitchen,Bedsheet Double,1,3702.86,COD,B2C
AMZ-1001203,2023-03-20,Delivered,Amazon,Amazon.in,MAHARASHTRA,Sports & Fitness,Cricket Bat,3,2190.37,COD,B2C
AMZ-1001204,2023-04-14,Delivered,Merchant,Amazon.in,RAJASTHAN,Apparel,Kurta Set,1,3352.26,Wallet,B2C
AMZ-1001205,2023-04-06,Delivered,Merchant,Amazon.in,TELANGANA,Apparel,Denim Jacket,1,1337.5,Card,B2C
AMZ-1001206,2023-03-09,Delivered,Amazon,Amazon.in,UTTAR PRADESH,Electronics,Bluetooth Speaker,1,10744.46,COD,B2C
AMZ-1001207,2023-04-15,Delivered,Amazon,Amazon.in,MADHYA PRADESH,Apparel,Winter Sweatshirt,2,4644.39,COD,B2C
AMZ-1001208,2023-04-22,Delivered,Amazon,Amazon.in,TELANGANA,Electronics,HDMI Cable 2m,1,24763.39,Card,B2C
AMZ-1001209,2023-05-01,Delivered,Amazon,Amazon.in,MADHYA PRADESH,Apparel,Kurta Set,1,1690.57,UPI,B2C
AMZ-1001210,2023-05-23,Shipped,Amazon,Amazon.in,TAMIL NADU,Books,Deep Work,1,1185.22,Wallet,B2C
AMZ-1001211,2023-06-20,Delivered,Amazon,Amazon.in,KARNATAKA,Electronics,Bluetooth Speaker,1,41487.59,UPI,B2C
AMZ-1001212,2023-04-08,Delivered,Merchant,Amazon.in,KERALA,Home & Kitchen,LED Table Lamp,1,1096.99,UPI,B2C
AMZ-1001213,2023-05-07,Delivered,Amazon,Amazon.in,KERALA,Beauty,Hair Dryer 1600W,1,589.91,UPI,B2C
AMZ-1001214,2023-03-15,Delivered,Amazon,Amazon.in,BIHAR,Apparel,Cotton T-Shirt Slim Fit,2,1630.93,Card,B2C
AMZ-1001215,2023-05-01,Delivered,Amazon,Amazon.in,MAHARASHTRA,Apparel,Formal Shirt,1,509.46,UPI,B2C
AMZ-1001216,2023-06-12,Delivered,Amazon,Amazon.in,DELHI,Beauty,Shampoo Anti-Dandruff,1,1003.34,Card,B2C
AMZ-1001217,2023-06-13,Shipped,Amazon,Amazon.in,RAJASTHAN,Books,Sapiens,1,1016.09,UPI,B2C
AMZ-1001218,2023-03-03,Delivered,Amazon,Amazon.in,TELANGANA,Sports & Fitness,Foam Roller,2,2843.77,COD,B2C
AMZ-1001219,2023-06-21,Returned,Merchant,Amazon.in,RAJASTHAN,Beauty,Sunscreen SPF 50,2,4537.84,Net Banking,B2C
AMZ-1001220,2023-05-19,Shipped,Merchant,Amazon.in,KARNATAKA,Sports & Fitness,Yoga Mat 6mm,1,605.17,COD,B2C
AMZ-1001221,2023-05-14,Delivered,Merchant,Amazon.in,KARNATAKA,Apparel,Winter Sweatshirt,1,1103.05,Card,B2C
AMZ-1001222,2023-03-15,Delivered,Amazon,Amazon.in,KARNATAKA,Footwear,Running Shoes,2,11670.58,COD,B2C
AMZ-1001223,2023-04-23,Delivered,Amazon,Amazon.in,RAJASTHAN,Books,Atomic Habits,1,578.53,COD,B2C
AMZ-1001224,2023-05-02,Delivered,Amazon,Amazon.in,KARNATAKA,Footwear,Flip Flops,2,7921.72,Card,B2C
AMZ-1001225,2023-05-19,Shipped,Amazon,Amazon.in,MAHARASHTRA,Apparel,Kurta Set,2,4308.42,Card,B2C
AMZ-1001226,2023-04-15,Shipped,Amazon,Amazon.in,DELHI,Apparel,Kurta Set,1,1323.91,Wallet,B2C
AMZ-1001227,2023-05-14,Delivered,Amazon,Amazon.in,MADHYA PRADESH,Beauty,Face Wash Neem,1,2351.87,Wallet,B2C
AMZ-1001228,2023-05-08,Delivered,Amazon,Amazon.in,RAJASTHAN,Electronics,Smart Watch Series 5,2,13419.72,Wallet,B2C
AMZ-1001229,2023-03-27,Delivered,Merchant,Amazon.in,KARNATAKA,Apparel,Polo T-Shirt,1,1794.56,Card,B2C
AMZ-1001230,2023-06-25,Delivered,Amazon,Amazon.in,MAHARASHTRA,Home & Kitchen,Mixer Grinder 750W,1,1471.28,UPI,B2C
AMZ-1001231,2023-04-09,Delivered,Merchant,Amazon.in,HARYANA,Sports & Fitness,Skipping Rope,1,4196.21,Card,B2C
AMZ-1001232,2023-04-14,Delivered,Amazon,Amazon.in,MAHARASHTRA,Electronics,Power Bank 20000mAh,1,32032.26,UPI,B2C
AMZ-1001233,2023-03-26,Delivered,Amazon,Amazon.in,MAHARASHTRA,Apparel,Formal Shirt,1,3324.85,UPI,B2C
AMZ-1001234,2023-05-15,Shipped,Amazon,Amazon.in,UTTAR PRADESH,Apparel,Formal Shirt,2,3381.26,UPI,B2C
AMZ-1001235,2023-05-05,Delivered,Merchant,Amazon.in,KERALA,Apparel,Winter Sweatshirt,1,1071.41,UPI,B2C
AMZ-1001236,2023-03-15,Delivered,Amazon,Amazon.in,WEST BENGAL,Electronics,Wireless Earbuds Pro,2,49871.45,Card,B2C
AMZ-1001237,2023-06-07,Delivered,Amazon,Amazon.in,WEST BENGAL,Footwear,Running Shoes,1,5835.39,Card,B2C
AMZ-1001238,2023-06-16,Delivered,Amazon,Amazon.in,TELANGANA,Home & Kitchen,LED Table Lamp,1,4649.09,COD,B2C
AMZ-1001239,2023-03-11,Delivered,Merchant,Amazon.in,DELHI,Beauty,Beard Oil,2,2444.73,Net Banking,B2C
AMZ-1001240,2023-06-23,Delivered,Amazon,Amazon.in,TELANGANA,Apparel,Kurta Set,1,2883.99,Net Banking,B2C
AMZ-1001241,2023-06-04,Delivered,Merchant,Amazon.in,GUJARAT,Apparel,Leather Belt,1,2652.57,Card,B2C
AMZ-1001242,2023-06-09,Delivered,Amazon,Amazon.in,GUJARAT,Home & Kitchen,Storage Container Set,2,5661.68,Card,B2C
AMZ-1001243,2023-05-17,Shipped,Amazon,Amazon.in,TELANGANA,Beauty,Perfume EDT 100ml,1,843.07,UPI,B2C
AMZ-1001244,2023-03-17,Delivered,Amazon,Amazon.in,UTTAR PRADESH,Apparel,Sports Shorts,1,539.61,UPI,B2C
AMZ-1001245,2023-04-02,Shipped,Amazon,Amazon.in,TELANGANA,Footwear,Formal Leather Shoes,1,5802.73,Card,B2C
AMZ-1001246,2023-05-24,Delivered,Amazon,Amazon.in,DELHI,Home & Kitchen,Bedsheet Double,1,7894.06,Card,B2C
AMZ-1001247,2023-05-04,Delivered,Amazon,Amazon.in,UTTAR PRADESH,Apparel,Formal Shirt,1,1254.08,Card,B2C
AMZ-1001248,2023-05-06,Delivered,Amazon,Amazon.in,UTTAR PRADESH,Electronics,HDMI Cable 2m,1,26779.65,UPI,B2C
AMZ-1001249,2023-06-22,Delivered,Merchant,Amazon.in,HARYANA,Sports & Fitness,Badminton Racket,1,3192.99,COD,B2C
AMZ-1001250,2023-05-10,Delivered,Amazon,Amazon.in,KARNATAKA,Electronics,HDMI Cable 2m,1,11848.89,Card,B2C
AMZ-1001251,2023-05-01,Delivered,Amazon,Amazon.in,TELANGANA,Footwear,Canvas Shoes,1,3320.61,Wallet,B2C
AMZ-1001252,2023-04-28,Delivered,Amazon,Amazon.in,TAMIL NADU,Electronics,Laptop Backpack,3,9639.99,COD,B2C
AMZ-1001253,2023-04-17,Delivered,Merchant,Amazon.in,KERALA,Apparel,Denim Jacket,1,1172.95,UPI,B2C
AMZ-1001254,2023-03-02,Delivered,Amazon,Amazon.in,KARNATAKA,Home & Kitchen,Curtain Set 7ft,3,24552.28,Net Banking,B2C
AMZ-1001255,2023-04-28,Delivered,Merchant,Amazon.in,UTTAR PRADESH,Footwear,Sports Sandals,2,5522.79,UPI,B2C
AMZ-1001256,2023-06-22,Delivered,Amazon,Amazon.in,KARNATAKA,Apparel,Winter Sweatshirt,1,2329.08,COD,B2C
AMZ-1001257,2023-06-16,Delivered,Amazon,Amazon.in,MAHARASHTRA,Beauty,Lipstick Matte Set,1,2400.36,Card,B2C
AMZ-1001258,2023-06-22,Delivered,Merchant,Amazon.in,KARNATAKA,Electronics,Smart Watch Series 5,2,44295.38,Wallet,B2C
AMZ-1001259,2023-03-03,Pending,Amazon,Amazon.in,WEST BENGAL,Beauty,Sunscreen SPF 50,3,4513.27,COD,B2C
AMZ-1001260,2023-03-17,Delivered,Merchant,Amazon.in,TAMIL NADU,Electronics,Bluetooth Speaker,1,39239.84,Net Banking,B2C
AMZ-1001261,2023-04-04,Delivered,Amazon,Amazon.in,BIHAR,Books,Deep Work,1,818.39,Card,B2C
AMZ-1001262,2023-05-14,Pending,Amazon,Amazon.in,MAHARASHTRA,Home & Kitchen,LED Table Lamp,1,5806.96,Net Banking,B2C
AMZ-1001263,2023-05-17,Delivered,Merchant,Amazon.in,WEST BENGAL,Beauty,Hair Dryer 1600W,1,554.3,UPI,B2C
AMZ-1001264,2023-05-11,Delivered,Amazon,Amazon.in,TAMIL NADU,Electronics,Laptop Backpack,1,44578.02,Card,B2C
AMZ-1001265,2023-05-09,Returned,Amazon,Amazon.in,MAHARASHTRA,Beauty,Sunscreen SPF 50,1,1544.45,COD,B2C
AMZ-1001266,2023-05-17,Delivered,Merchant,Amazon.in,TELANGANA,Footwear,Canvas Shoes,1,4592.37,COD,B2C
AMZ-1001267,2023-06-26,Delivered,Merchant,Amazon.in,UTTAR PRADESH,Electronics,Bluetooth Speaker,1,16053.87,Card,B2C
AMZ-1001268,2023-05-28,Delivered,Amazon,Amazon.in,BIHAR,Apparel,Leather Belt,1,702.8,Card,B2C
AMZ-1001269,2023-06-20,Delivered,Amazon,Amazon.in,KARNATAKA,Home & Kitchen,Vacuum Flask,1,7755.88,Wallet,B2C
AMZ-1001270,2023-06-04,Delivered,Amazon,Amazon.in,HARYANA,Electronics,Laptop Backpack,2,62823.22,Card,B2C
AMZ-1001271,2023-04-07,Returned,Merchant,Amazon.in,KARNATAKA,Footwear,Trail Hiking Boots,1,2909.54,Card,B2C
AMZ-1001272,2023-05-13,Delivered,Amazon,Amazon.in,UTTAR PRADESH,Apparel,Leather Belt,1,1839.61,Card,B2C
AMZ-1001273,2023-05-06,Shipped,Amazon,Amazon.in,KARNATAKA,Electronics,Smart TV 43" 4K,1,24248.71,UPI,B2C
AMZ-1001274,2023-05-07,Delivered,Amazon,Amazon.in,BIHAR,Apparel,Kurta Set,1,1253.34,UPI,B2C
AMZ-1001275,2023-05-08,Cancelled,Merchant,Amazon.in,DELHI,Books,Rich Dad Poor Dad,1,446.07,COD,B2C
AMZ-1001276,2023-03-28,Delivered,Merchant,Amazon.in,TAMIL NADU,Electronics,Bluetooth Speaker,1,9542.64,COD,B2C
AMZ-1001277,2023-04-03,Delivered,Amazon,Amazon.in,TAMIL NADU,Beauty,Shampoo Anti-Dandruff,1,504.39,COD,B2C
AMZ-1001278,2023-05-01,Delivered,Merchant,Amazon.in,HARYANA,Home & Kitchen,Curtain Set 7ft,2,11910.07,Card,B2C
AMZ-1001279,2023-05-20,Delivered,Merchant,Amazon.in,KARNATAKA,Electronics,Wireless Earbuds Pro,2,88892.87,UPI,B2C
AMZ-1001280,2023-05-25,Delivered,Amazon,Amazon.in,UTTAR PRADESH,Books,Sapiens,2,387.57,COD,B2C
AMZ-1001281,2023-03-07,Delivered,Amazon,Amazon.in,RAJASTHAN,Books,Sapiens,1,1187,UPI,B2C
AMZ-1001282,2023-06-17,Delivered,Amazon,Amazon.in,WEST BENGAL,Sports & Fitness,Badminton Racket,1,6227.79,Card,B2C
AMZ-1001283,2023-04-15,Delivered,Merchant,Amazon.in,GUJARAT,Beauty,Sunscreen SPF 50,1,1401.69,Card,B2C
AMZ-1001284,2023-03-04,Shipped,Amazon,Amazon.in,GUJARAT,Beauty,Sunscreen SPF 50,1,1504.51,UPI,B2C
AMZ-1001285,2023-04-09,Shipped,Amazon,Amazon.in,TELANGANA,Electronics,Smart TV 43" 4K,2,62712.85,Card,B2B
AMZ-1001286,2023-06-11,Delivered,Amazon,Amazon.in,MAHARASHTRA,Electronics,Power Bank 20000mAh,1,40758.86,Card,B2C
AMZ-1001287,2023-06-20,Delivered,Amazon,Amazon.in,DELHI,Electronics,Wireless Earbuds Pro,2,20535.97,UPI,B2C
AMZ-1001288,2023-04-21,Delivered,Amazon,Amazon.in,MAHARASHTRA,Apparel,Formal Shirt,2,6866.36,Card,B2C
AMZ-1001289,2023-03-13,Delivered,Amazon,Amazon.in,RAJASTHAN,Books,Sapiens,2,2288.38,UPI,B2C
AMZ-1001290,2023-03-30,Delivered,Amazon,Amazon.in,DELHI,Sports & Fitness,Football Size 5,1,4326.75,UPI,B2C
AMZ-1001291,2023-05-15,Delivered,Merchant,Amazon.in,GUJARAT,Apparel,Kurta Set,2,2092.17,Card,B2C
AMZ-1001292,2023-03-13,Shipped,Merchant,Amazon.in,TAMIL NADU,Home & Kitchen,Curtain Set 7ft,1,10246.49,Wallet,B2C
AMZ-1001293,2023-06-11,Delivered,Amazon,Amazon.in,WEST BENGAL,Books,Think and Grow Rich,1,287.35,Net Banking,B2C
AMZ-1001294,2023-05-03,Delivered,Amazon,Amazon.in,WEST BENGAL,Books,The Psychology of Money,1,505.65,Card,B2C
AMZ-1001295,2023-05-18,Delivered,Amazon,Amazon.in,TAMIL NADU,Footwear,Canvas Shoes,1,1252.44,UPI,B2C
AMZ-1001296,2023-04-25,Delivered,Amazon,Amazon.in,WEST BENGAL,Apparel,Winter Sweatshirt,3,5096.92,UPI,B2C
AMZ-1001297,2023-05-23,Delivered,Amazon,Amazon.in,TAMIL NADU,Electronics,Bluetooth Speaker,1,22006.63,UPI,B2C
AMZ-1001298,2023-04-26,Delivered,Amazon,Amazon.in,UTTAR PRADESH,Electronics,Smart TV 43" 4K,1,12179.91,Net Banking,B2C
AMZ-1001299,2023-04-12,Delivered,Merchant,Amazon.in,DELHI,Home & Kitchen,Bedsheet Double,2,7122.06,COD,B2C
AMZ-1001300,2023-04-30,Delivered,Amazon,Amazon.in,TELANGANA,Beauty,Lipstick Matte Set,1,1662.22,UPI,B2C
AMZ-1001301,2023-05-06,Shipped,Merchant,Amazon.in,KARNATAKA,Apparel,Leather Belt,1,1634.38,Card,B2C
AMZ-1001302,2023-04-21,Delivered,Merchant,Amazon.in,DELHI,Electronics,USB-C Fast Charger,1,44981.1,Card,B2C
AMZ-1001303,2023-06-19,Delivered,Amazon,Amazon.in,GUJARAT,Apparel,Formal Shirt,1,2206.65,Card,B2C
AMZ-1001304,2023-04-19,Delivered,Merchant,Amazon.in,TAMIL NADU,Footwear,Casual Sneakers,1,5691,Card,B2C
AMZ-1001305,2023-04-13,Delivered,Amazon,Amazon.in,MAHARASHTRA,Electronics,HDMI Cable 2m,1,18073.52,UPI,B2C
AMZ-1001306,2023-06-20,Delivered,Amazon,Amazon.in,MAHARASHTRA,Electronics,HDMI Cable 2m,1,36647.83,UPI,B2C
AMZ-1001307,2023-04-10,Shipped,Amazon,Amazon.in,MAHARASHTRA,Electronics,USB-C Fast Charger,1,11924.71,UPI,B2C
AMZ-1001308,2023-04-09,Delivered,Amazon,Amazon.in,TELANGANA,Apparel,Formal Shirt,2,5474.68,Card,B2C
AMZ-1001309,2023-04-02,Delivered,Amazon,Amazon.in,UTTAR PRADESH,Electronics,Wireless Earbuds Pro,1,21516.27,UPI,B2C
AMZ-1001310,2023-05-16,Returned,Amazon,Amazon.in,HARYANA,Sports & Fitness,Badminton Racket,1,4021.83,UPI,B2C
AMZ-1001311,2023-03-15,Returned,Merchant,Amazon.in,MADHYA PRADESH,Apparel,Formal Shirt,1,1214.58,UPI,B2C
AMZ-1001312,2023-05-06,Delivered,Amazon,Amazon.in,WEST BENGAL,Electronics,USB-C Fast Charger,1,40306.52,COD,B2C
AMZ-1001313,2023-05-13,Delivered,Amazon,Amazon.in,MAHARASHTRA,Footwear,Canvas Shoes,2,6694.96,Wallet,B2C
AMZ-1001314,2023-03-27,Delivered,Amazon,Amazon.in,DELHI,Books,Atomic Habits,1,483.43,Card,B2C
AMZ-1001315,2023-03-23,Delivered,Merchant,Amazon.in,PUNJAB,Apparel,Denim Jacket,2,1713.43,Card,B2C
AMZ-1001316,2023-05-05,Delivered,Merchant,Amazon.in,UTTAR PRADESH,Sports & Fitness,Football Size 5,1,3551.41,COD,B2C
AMZ-1001317,2023-03-28,Delivered,Amazon,Amazon.in,TELANGANA,Sports & Fitness,Resistance Bands,1,1414.6,Wallet,B2C
AMZ-1001318,2023-05-13,Delivered,Amazon,Amazon.in,TAMIL NADU,Home & Kitchen,Curtain Set 7ft,1,7982.64,Wallet,B2C
AMZ-1001319,2023-04-25,Delivered,Amazon,Amazon.in,KARNATAKA,Home & Kitchen,Bedsheet Double,2,17219.03,Wallet,B2C
AMZ-1001320,2023-05-01,Delivered,Amazon,Amazon.in,TAMIL NADU,Apparel,Leather Belt,2,1999.81,Wallet,B2B
AMZ-1001321,2023-03-04,Shipped,Amazon,Amazon.in,GUJARAT,Apparel,Denim Jacket,1,1767.77,UPI,B2B
AMZ-1001322,2023-06-27,Delivered,Amazon,Amazon.in,TAMIL NADU,Home & Kitchen,Steel Water Bottle 1L,1,5313.13,COD,B2C
AMZ-1001323,2023-04-05,Shipped,Amazon,Amazon.in,WEST BENGAL,Electronics,HDMI Cable 2m,2,36814.97,Net Banking,B2C
AMZ-1001324,2023-06-07,Delivered,Amazon,Amazon.in,TAMIL NADU,Electronics,Smart TV 43" 4K,1,26028.88,UPI,B2C
AMZ-1001325,2023-06-09,Shipped,Merchant,Amazon.in,BIHAR,Apparel,Winter Sweatshirt,1,3446.96,Net Banking,B2C
AMZ-1001326,2023-04-08,Returned,Amazon,Amazon.in,MAHARASHTRA,Home & Kitchen,Steel Water Bottle 1L,1,9226.09,Card,B2B
AMZ-1001327,2023-06-14,Delivered,Amazon,Amazon.in,HARYANA,Footwear,Casual Sneakers,2,11747.19,COD,B2C
AMZ-1001328,2023-04-28,Pending,Merchant,Amazon.in,TAMIL NADU,Books,The Alchemist,2,2030.95,Card,B2C
AMZ-1001329,2023-06-22,Delivered,Merchant,Amazon.in,DELHI,Books,Think and Grow Rich,1,509.85,Card,B2C
AMZ-1001330,2023-05-10,Cancelled,Amazon,Amazon.in,DELHI,Electronics,USB-C Fast Charger,1,13409.66,COD,B2C
AMZ-1001331,2023-05-30,Delivered,Amazon,Amazon.in,PUNJAB,Electronics,Smart TV 43" 4K,1,39285.34,UPI,B2C
AMZ-1001332,2023-03-11,Delivered,Merchant,Amazon.in,MAHARASHTRA,Beauty,Beard Oil,1,1067.27,UPI,B2C
AMZ-1001333,2023-06-19,Delivered,Amazon,Amazon.in,KARNATAKA,Electronics,Wireless Earbuds Pro,1,19274.32,UPI,B2C
AMZ-1001334,2023-03-16,Cancelled,Amazon,Amazon.in,TAMIL NADU,Home & Kitchen,Mixer Grinder 750W,1,10869.24,COD,B2C
AMZ-1001335,2023-04-12,Shipped,Merchant,Amazon.in,DELHI,Home & Kitchen,LED Table Lamp,1,8251.01,Wallet,B2C
AMZ-1001336,2023-04-14,Delivered,Merchant,Amazon.in,KARNATAKA,Electronics,Wireless Earbuds Pro,2,20601.68,COD,B2C
AMZ-1001337,2023-04-14,Delivered,Amazon,Amazon.in,BIHAR,Electronics,Power Bank 20000mAh,2,88528,Card,B2C
AMZ-1001338,2023-05-29,Delivered,Merchant,Amazon.in,GUJARAT,Home & Kitchen,Non-Stick Cookware Set,1,2244.24,Wallet,B2C
AMZ-1001339,2023-05-15,Delivered,Merchant,Amazon.in,KARNATAKA,Sports & Fitness,Dumbbell Set 10kg,1,5019.61,UPI,B2C
AMZ-1001340,2023-04-17,Delivered,Merchant,Amazon.in,MAHARASHTRA,Apparel,Winter Sweatshirt,1,2554.3,COD,B2C
AMZ-1001341,2023-05-04,Delivered,Amazon,Amazon.in,UTTAR PRADESH,Beauty,Vitamin C Face Serum,2,4306.26,UPI,B2C
AMZ-1001342,2023-04-06,Pending,Amazon,Amazon.in,HARYANA,Books,Atomic Habits,1,1182.64,UPI,B2C
AMZ-1001343,2023-04-29,Delivered,Amazon,Amazon.in,GUJARAT,Apparel,Sports Shorts,1,1298.87,Card,B2C
AMZ-1001344,2023-04-29,Delivered,Amazon,Amazon.in,KARNATAKA,Footwear,Trail Hiking Boots,1,853.78,UPI,B2C
AMZ-1001345,2023-05-28,Delivered,Merchant,Amazon.in,KARNATAKA,Apparel,Denim Jacket,1,781.64,UPI,B2C
AMZ-1001346,2023-04-07,Delivered,Amazon,Amazon.in,DELHI,Books,Atomic Habits,1,753.13,Card,B2C
AMZ-1001347,2023-06-23,Delivered,Amazon,Amazon.in,TAMIL NADU,Apparel,Sports Shorts,1,755.21,UPI,B2C
AMZ-1001348,2023-05-04,Delivered,Amazon,Amazon.in,UTTAR PRADESH,Apparel,Leather Belt,2,6737.14,UPI,B2C
AMZ-1001349,2023-05-17,Delivered,Merchant,Amazon.in,DELHI,Apparel,Formal Shirt,1,2411.89,UPI,B2C
AMZ-1001350,2023-03-12,Delivered,Amazon,Amazon.in,DELHI,Beauty,Sunscreen SPF 50,1,505.87,Wallet,B2C
AMZ-1001351,2023-04-22,Cancelled,Merchant,Amazon.in,KARNATAKA,Home & Kitchen,LED Table Lamp,2,3041.92,COD,B2C
AMZ-1001352,2023-06-23,Delivered,Merchant,Amazon.in,TAMIL NADU,Beauty,Vitamin C Face Serum,2,4943.73,UPI,B2C
AMZ-1001353,2023-03-20,Shipped,Merchant,Amazon.in,MAHARASHTRA,Electronics,HDMI Cable 2m,1,3679.66,Card,B2C
AMZ-1001354,2023-05-02,Delivered,Amazon,Amazon.in,WEST BENGAL,Electronics,Power Bank 20000mAh,1,44046.64,UPI,B2C
AMZ-1001355,2023-06-04,Delivered,Amazon,Amazon.in,UTTAR PRADESH,Electronics,HDMI Cable 2m,2,79639.16,UPI,B2C
AMZ-1001356,2023-04-29,Shipped,Amazon,Amazon.in,KARNATAKA,Home & Kitchen,Curtain Set 7ft,1,2459.08,COD,B2C
AMZ-1001357,2023-05-20,Delivered,Merchant,Amazon.in,KERALA,Beauty,Lipstick Matte Set,2,3053.62,Net Banking,B2C
AMZ-1001358,2023-03-20,Delivered,Amazon,Amazon.in,UTTAR PRADESH,Home & Kitchen,Bedsheet Double,2,3734.64,UPI,B2C
AMZ-1001359,2023-04-22,Cancelled,Amazon,Amazon.in,TAMIL NADU,Electronics,Bluetooth Speaker,1,25257.47,COD,B2C
AMZ-1001360,2023-05-04,Delivered,Amazon,Amazon.in,RAJASTHAN,Home & Kitchen,Steel Water Bottle 1L,1,6646.32,Net Banking,B2C
AMZ-1001361,2023-06-21,Delivered,Amazon,Amazon.in,MADHYA PRADESH,Electronics,HDMI Cable 2m,2,13252.19,Card,B2C
AMZ-1001362,2023-05-09,Delivered,Amazon,Amazon.in,TAMIL NADU,Home & Kitchen,Curtain Set 7ft,1,1229.42,COD,B2C
AMZ-1001363,2023-03-05,Delivered,Amazon,Amazon.in,DELHI,Sports & Fitness,Dumbbell Set 10kg,1,7986,Card,B2C
AMZ-1001364,2023-04-04,Delivered,Merchant,Amazon.in,TAMIL NADU,Books,The Psychology of Money,1,352.08,UPI,B2C
AMZ-1001365,2023-05-30,Delivered,Amazon,Amazon.in,UTTAR PRADESH,Books,Atomic Habits,2,2091.12,UPI,B2C
AMZ-1001366,2023-05-20,Delivered,Amazon,Amazon.in,PUNJAB,Electronics,Wireless Earbuds Pro,2,38874.18,Card,B2C
AMZ-1001367,2023-04-10,Returned,Amazon,Amazon.in,HARYANA,Sports & Fitness,Skipping Rope,1,1989.03,Card,B2C
AMZ-1001368,2023-03-22,Delivered,Amazon,Amazon.in,KARNATAKA,Footwear,Formal Leather Shoes,1,3714.87,Card,B2C
AMZ-1001369,2023-05-07,Delivered,Amazon,Amazon.in,MAHARASHTRA,Apparel,Denim Jacket,1,1745.9,UPI,B2C
AMZ-1001370,2023-06-12,Shipped,Amazon,Amazon.in,KARNATAKA,Electronics,HDMI Cable 2m,1,13260.02,UPI,B2C
AMZ-1001371,2023-03-26,Delivered,Merchant,Amazon.in,WEST BENGAL,Beauty,Sunscreen SPF 50,2,2913.45,UPI,B2C
AMZ-1001372,2023-04-06,Delivered,Amazon,Amazon.in,KARNATAKA,Electronics,Smart TV 43" 4K,2,63182.75,Card,B2C
AMZ-1001373,2023-06-03,Delivered,Amazon,Amazon.in,TELANGANA,Sports & Fitness,Dumbbell Set 10kg,1,4774.21,Card,B2C
AMZ-1001374,2023-04-10,Returned,Amazon,Amazon.in,KARNATAKA,Home & Kitchen,LED Table Lamp,1,8882.67,Net Banking,B2C
AMZ-1001375,2023-03-30,Shipped,Amazon,Amazon.in,RAJASTHAN,Beauty,Beard Oil,1,257.01,COD,B2C
AMZ-1001376,2023-04-14,Delivered,Amazon,Amazon.in,MAHARASHTRA,Apparel,Denim Jacket,1,3006.47,COD,B2C
AMZ-1001377,2023-03-23,Delivered,Amazon,Amazon.in,KERALA,Home & Kitchen,Bedsheet Double,2,20505.48,UPI,B2C
AMZ-1001378,2023-05-27,Delivered,Amazon,Amazon.in,UTTAR PRADESH,Home & Kitchen,Vacuum Flask,3,17650.85,Wallet,B2C
AMZ-1001379,2023-03-11,Delivered,Merchant,Amazon.in,MAHARASHTRA,Electronics,Power Bank 20000mAh,2,17962.19,Card,B2C
AMZ-1001380,2023-04-04,Delivered,Amazon,Amazon.in,RAJASTHAN,Footwear,Flip Flops,2,8153.48,UPI,B2B
AMZ-1001381,2023-03-27,Delivered,Amazon,Amazon.in,WEST BENGAL,Footwear,Sports Sandals,1,4634.07,Card,B2C
AMZ-1001382,2023-04-16,Delivered,Merchant,Amazon.in,TAMIL NADU,Books,Sapiens,1,408.54,Net Banking,B2C
AMZ-1001383,2023-06-06,Delivered,Merchant,Amazon.in,KARNATAKA,Electronics,Bluetooth Speaker,1,25074.78,Card,B2C
AMZ-1001384,2023-05-18,Delivered,Merchant,Amazon.in,MAHARASHTRA,Electronics,Laptop Backpack,1,32023.64,Wallet,B2C
AMZ-1001385,2023-06-06,Delivered,Amazon,Amazon.in,TAMIL NADU,Beauty,Lipstick Matte Set,1,1812.04,Net Banking,B2C
AMZ-1001386,2023-03-04,Pending,Amazon,Amazon.in,MAHARASHTRA,Electronics,USB-C Fast Charger,2,77884.07,COD,B2C
AMZ-1001387,2023-03-10,Delivered,Amazon,Amazon.in,MAHARASHTRA,Books,The Psychology of Money,1,353.25,UPI,B2C
AMZ-1001388,2023-05-30,Delivered,Amazon,Amazon.in,KARNATAKA,Home & Kitchen,Non-Stick Cookware Set,2,8511.05,UPI,B2C
AMZ-1001389,2023-03-22,Delivered,Merchant,Amazon.in,HARYANA,Apparel,Winter Sweatshirt,1,1248.11,UPI,B2C
AMZ-1001390,2023-05-08,Delivered,Amazon,Amazon.in,KARNATAKA,Apparel,Sports Shorts,1,2552.3,COD,B2C
AMZ-1001391,2023-06-05,Shipped,Amazon,Amazon.in,DELHI,Home & Kitchen,Curtain Set 7ft,1,2933,Card,B2C
AMZ-1001392,2023-06-02,Delivered,Amazon,Amazon.in,DELHI,Electronics,Bluetooth Speaker,1,28831.3,Net Banking,B2C
AMZ-1001393,2023-05-21,Delivered,Merchant,Amazon.in,UTTAR PRADESH,Electronics,Smart Watch Series 5,1,27351.27,COD,B2C
AMZ-1001394,2023-03-11,Shipped,Merchant,Amazon.in,TAMIL NADU,Apparel,Polo T-Shirt,1,3289.74,UPI,B2C
AMZ-1001395,2023-04-21,Delivered,Amazon,Amazon.in,GUJARAT,Footwear,Loafers,2,9645.2,UPI,B2C
AMZ-1001396,2023-05-30,Delivered,Amazon,Amazon.in,UTTAR PRADESH,Sports & Fitness,Dumbbell Set 10kg,1,805.74,Card,B2C
AMZ-1001397,2023-03-16,Delivered,Merchant,Amazon.in,WEST BENGAL,Home & Kitchen,Bedsheet Double,1,9625.79,UPI,B2C
AMZ-1001398,2023-04-25,Delivered,Merchant,Amazon.in,KERALA,Books,Rich Dad Poor Dad,2,504.72,Card,B2C
AMZ-1001399,2023-04-28,Returned,Amazon,Amazon.in,MAHARASHTRA,Apparel,Winter Sweatshirt,1,2082.25,UPI,B2C
AMZ-1001400,2023-05-24,Delivered,Merchant,Amazon.in,UTTAR PRADESH,Books,Deep Work,3,475.57,UPI,B2C
AMZ-1001401,2023-06-23,Delivered,Amazon,Amazon.in,MAHARASHTRA,Sports & Fitness,Badminton Racket,1,1602.14,UPI,B2C
AMZ-1001402,2023-03-30,Delivered,Amazon,Amazon.in,PUNJAB,Beauty,Sunscreen SPF 50,2,4228.95,Wallet,B2C
AMZ-1001403,2023-03-16,Delivered,Amazon,Amazon.in,MAHARASHTRA,Books,Rich Dad Poor Dad,1,186.06,UPI,B2C
AMZ-1001404,2023-06-26,Delivered,Amazon,Amazon.in,KARNATAKA,Electronics,Laptop Backpack,1,22686.32,Net Banking,B2C
AMZ-1001405,2023-03-11,Returned,Amazon,Amazon.in,PUNJAB,Electronics,HDMI Cable 2m,2,19821.56,Wallet,B2C
AMZ-1001406,2023-06-23,Pending,Amazon,Amazon.in,TAMIL NADU,Books,Atomic Habits,1,1160.7,UPI,B2C
AMZ-1001407,2023-04-15,Delivered,Amazon,Amazon.in,KARNATAKA,Electronics,Laptop Backpack,1,8484.81,UPI,B2C
AMZ-1001408,2023-06-28,Delivered,Amazon,Amazon.in,MAHARASHTRA,Apparel,Kurta Set,2,1775.08,Card,B2C
AMZ-1001409,2023-05-10,Delivered,Amazon,Amazon.in,HARYANA,Home & Kitchen,Curtain Set 7ft,1,9055.96,UPI,B2C
AMZ-1001410,2023-05-19,Delivered,Amazon,Amazon.in,GUJARAT,Books,Atomic Habits,2,324.22,Wallet,B2C
AMZ-1001411,2023-04-01,Delivered,Merchant,Amazon.in,KARNATAKA,Sports & Fitness,Resistance Bands,1,3116.72,Net Banking,B2C
AMZ-1001412,2023-06-01,Delivered,Amazon,Amazon.in,TAMIL NADU,Apparel,Sports Shorts,1,911.4,Net Banking,B2C
AMZ-1001413,2023-06-28,Delivered,Amazon,Amazon.in,KERALA,Apparel,Denim Jacket,1,3155.71,UPI,B2C
AMZ-1001414,2023-03-05,Delivered,Amazon,Amazon.in,GUJARAT,Apparel,Polo T-Shirt,2,1912.85,UPI,B2C
AMZ-1001415,2023-04-28,Returned,Merchant,Amazon.in,MAHARASHTRA,Beauty,Hair Dryer 1600W,2,1625.41,UPI,B2C
AMZ-1001416,2023-05-11,Shipped,Merchant,Amazon.in,HARYANA,Apparel,Leather Belt,2,1828.92,UPI,B2C
AMZ-1001417,2023-06-20,Cancelled,Merchant,Amazon.in,GUJARAT,Apparel,Cotton T-Shirt Slim Fit,1,1679.96,COD,B2C
AMZ-1001418,2023-05-29,Cancelled,Amazon,Amazon.in,MAHARASHTRA,Beauty,Beard Oil,2,3472.08,Card,B2C
AMZ-1001419,2023-05-30,Delivered,Merchant,Amazon.in,UTTAR PRADESH,Beauty,Vitamin C Face Serum,1,1522.51,Card,B2C
AMZ-1001420,2023-05-01,Delivered,Amazon,Amazon.in,RAJASTHAN,Sports & Fitness,Foam Roller,2,10263.12,UPI,B2C
AMZ-1001421,2023-05-11,Delivered,Amazon,Amazon.in,RAJASTHAN,Sports & Fitness,Skipping Rope,1,1647.38,Card,B2C
AMZ-1001422,2023-05-14,Returned,Amazon,Amazon.in,DELHI,Electronics,HDMI Cable 2m,2,34522.26,Wallet,B2C
AMZ-1001423,2023-03-11,Delivered,Amazon,Amazon.in,MAHARASHTRA,Home & Kitchen,LED Table Lamp,1,10968.09,UPI,B2C
AMZ-1001424,2023-06-04,Delivered,Amazon,Amazon.in,TAMIL NADU,Sports & Fitness,Badminton Racket,1,2593.16,Wallet,B2C
AMZ-1001425,2023-05-08,Delivered,Merchant,Amazon.in,DELHI,Electronics,HDMI Cable 2m,1,22613.38,UPI,B2C
AMZ-1001426,2023-03-05,Returned,Amazon,Amazon.in,DELHI,Sports & Fitness,Skipping Rope,1,2759.15,UPI,B2C
AMZ-1001427,2023-05-05,Cancelled,Merchant,Amazon.in,KARNATAKA,Home & Kitchen,Bedsheet Double,2,12903.7,UPI,B2C
AMZ-1001428,2023-04-08,Delivered,Amazon,Amazon.in,TAMIL NADU,Beauty,Beard Oil,1,361.89,UPI,B2C
AMZ-1001429,2023-04-08,Cancelled,Amazon,Amazon.in,MAHARASHTRA,Beauty,Lipstick Matte Set,1,2076.92,COD,B2C
AMZ-1001430,2023-05-08,Delivered,Amazon,Amazon.in,DELHI,Sports & Fitness,Resistance Bands,1,1055.43,Wallet,B2C
AMZ-1001431,2023-05-29,Delivered,Amazon,Amazon.in,TAMIL NADU,Apparel,Leather Belt,1,2962.93,Card,B2C
AMZ-1001432,2023-05-18,Delivered,Amazon,Amazon.in,RAJASTHAN,Home & Kitchen,Storage Container Set,2,6840.91,COD,B2C
AMZ-1001433,2023-04-14,Cancelled,Amazon,Amazon.in,WEST BENGAL,Electronics,Bluetooth Speaker,1,42293.2,COD,B2C
AMZ-1001434,2023-06-12,Delivered,Merchant,Amazon.in,RAJASTHAN,Books,Atomic Habits,1,1118.78,UPI,B2C
AMZ-1001435,2023-03-28,Delivered,Merchant,Amazon.in,GUJARAT,Electronics,USB-C Fast Charger,2,9487.48,COD,B2C
AMZ-1001436,2023-04-08,Delivered,Amazon,Amazon.in,MAHARASHTRA,Sports & Fitness,Foam Roller,1,2516.32,UPI,B2C
AMZ-1001437,2023-03-26,Delivered,Merchant,Amazon.in,WEST BENGAL,Electronics,Laptop Backpack,2,59149.51,Card,B2C
AMZ-1001438,2023-05-20,Delivered,Amazon,Amazon.in,TELANGANA,Apparel,Formal Shirt,2,4273.94,Card,B2C
AMZ-1001439,2023-05-26,Delivered,Amazon,Amazon.in,KARNATAKA,Apparel,Winter Sweatshirt,3,9488.59,UPI,B2C
AMZ-1001440,2023-05-27,Delivered,Amazon,Amazon.in,UTTAR PRADESH,Footwear,Running Shoes,2,7789.93,Wallet,B2C
AMZ-1001441,2023-05-25,Delivered,Amazon,Amazon.in,KARNATAKA,Electronics,Laptop Backpack,1,30149.77,Card,B2C
AMZ-1001442,2023-06-29,Delivered,Amazon,Amazon.in,GUJARAT,Footwear,Formal Leather Shoes,1,4632.34,Net Banking,B2C
AMZ-1001443,2023-03-18,Returned,Amazon,Amazon.in,MAHARASHTRA,Books,The Alchemist,1,1183.67,Wallet,B2C
AMZ-1001444,2023-05-01,Delivered,Amazon,Amazon.in,WEST BENGAL,Electronics,Wireless Earbuds Pro,1,12914.12,Card,B2C
AMZ-1001445,2023-04-14,Shipped,Merchant,Amazon.in,DELHI,Books,Rich Dad Poor Dad,1,917.4,Card,B2C
AMZ-1001446,2023-05-19,Pending,Merchant,Amazon.in,DELHI,Electronics,Power Bank 20000mAh,1,18407.43,UPI,B2C
AMZ-1001447,2023-03-04,Delivered,Amazon,Amazon.in,MAHARASHTRA,Footwear,Running Shoes,1,4752.72,Wallet,B2C
AMZ-1001448,2023-06-16,Delivered,Amazon,Amazon.in,TAMIL NADU,Apparel,Leather Belt,2,4139.75,UPI,B2C
AMZ-1001449,2023-03-05,Delivered,Amazon,Amazon.in,GUJARAT,Home & Kitchen,Bedsheet Double,1,5659.85,Net Banking,B2C
AMZ-1001450,2023-04-28,Cancelled,Amazon,Amazon.in,DELHI,Beauty,Shampoo Anti-Dandruff,1,1024.88,UPI,B2C
AMZ-1001451,2023-04-01,Delivered,Merchant,Amazon.in,MAHARASHTRA,Apparel,Formal Shirt,1,1307.8,Net Banking,B2B
AMZ-1001452,2023-04-10,Delivered,Amazon,Amazon.in,TELANGANA,Sports & Fitness,Cricket Bat,1,2374.59,UPI,B2C
AMZ-1001453,2023-03-11,Delivered,Amazon,Amazon.in,MAHARASHTRA,Beauty,Vitamin C Face Serum,1,1050.46,UPI,B2C
AMZ-1001454,2023-03-16,Delivered,Amazon,Amazon.in,UTTAR PRADESH,Books,Rich Dad Poor Dad,1,584.88,Net Banking,B2C
AMZ-1001455,2023-04-14,Delivered,Merchant,Amazon.in,KARNATAKA,Home & Kitchen,Non-Stick Cookware Set,1,11072.5,Wallet,B2C
AMZ-1001456,2023-03-07,Delivered,Amazon,Amazon.in,TELANGANA,Sports & Fitness,Yoga Mat 6mm,1,5974.58,UPI,B2C
AMZ-1001457,2023-03-11,Shipped,Amazon,Amazon.in,MAHARASHTRA,Beauty,Perfume EDT 100ml,3,7141.16,Card,B2C
AMZ-1001458,2023-04-09,Delivered,Amazon,Amazon.in,MAHARASHTRA,Beauty,Vitamin C Face Serum,1,1733.87,UPI,B2C
AMZ-1001459,2023-04-15,Shipped,Amazon,Amazon.in,TAMIL NADU,Electronics,Power Bank 20000mAh,2,17280.27,Card,B2C
AMZ-1001460,2023-06-02,Delivered,Amazon,Amazon.in,KARNATAKA,Apparel,Polo T-Shirt,2,4740.04,UPI,B2C
AMZ-1001461,2023-03-01,Delivered,Amazon,Amazon.in,KARNATAKA,Electronics,HDMI Cable 2m,2,50426.17,UPI,B2C
AMZ-1001462,2023-04-28,Cancelled,Amazon,Amazon.in,TELANGANA,Apparel,Cotton T-Shirt Slim Fit,2,1617.51,COD,B2C
AMZ-1001463,2023-06-25,Delivered,Amazon,Amazon.in,UTTAR PRADESH,Home & Kitchen,Curtain Set 7ft,1,8207.09,COD,B2C
AMZ-1001464,2023-06-05,Delivered,Amazon,Amazon.in,MAHARASHTRA,Beauty,Face Wash Neem,1,533.42,UPI,B2C
AMZ-1001465,2023-06-28,Delivered,Amazon,Amazon.in,TELANGANA,Sports & Fitness,Foam Roller,2,1874.53,Card,B2C
AMZ-1001466,2023-05-21,Returned,Merchant,Amazon.in,KARNATAKA,Books,Think and Grow Rich,1,1111.59,Wallet,B2C
AMZ-1001467,2023-03-22,Delivered,Merchant,Amazon.in,HARYANA,Electronics,USB-C Fast Charger,1,30459.04,COD,B2C
AMZ-1001468,2023-03-19,Delivered,Amazon,Amazon.in,BIHAR,Home & Kitchen,Non-Stick Cookware Set,1,9945.66,Net Banking,B2C
AMZ-1001469,2023-05-16,Delivered,Amazon,Amazon.in,KERALA,Footwear,Canvas Shoes,1,1814.17,Card,B2C
AMZ-1001470,2023-03-09,Delivered,Amazon,Amazon.in,TAMIL NADU,Apparel,Cotton T-Shirt Slim Fit,1,2009.92,UPI,B2C
AMZ-1001471,2023-05-23,Delivered,Amazon,Amazon.in,TELANGANA,Electronics,Bluetooth Speaker,1,24101.28,Card,B2C
AMZ-1001472,2023-05-25,Returned,Amazon,Amazon.in,WEST BENGAL,Books,Ikigai,2,1490.61,UPI,B2C
AMZ-1001473,2023-04-06,Delivered,Amazon,Amazon.in,GUJARAT,Apparel,Sports Shorts,1,1851.66,Card,B2C
AMZ-1001474,2023-03-07,Delivered,Amazon,Amazon.in,MAHARASHTRA,Beauty,Hair Dryer 1600W,1,601.41,COD,B2C
AMZ-1001475,2023-05-04,Delivered,Amazon,Amazon.in,HARYANA,Apparel,Formal Shirt,1,1282.26,Card,B2C
AMZ-1001476,2023-05-07,Shipped,Amazon,Amazon.in,KARNATAKA,Apparel,Formal Shirt,2,3944.32,UPI,B2C
AMZ-1001477,2023-05-14,Cancelled,Amazon,Amazon.in,RAJASTHAN,Footwear,Casual Sneakers,1,2673.06,Net Banking,B2B
AMZ-1001478,2023-06-16,Delivered,Amazon,Amazon.in,UTTAR PRADESH,Electronics,Wireless Earbuds Pro,1,44812.73,UPI,B2C
AMZ-1001479,2023-06-19,Delivered,Amazon,Amazon.in,TELANGANA,Apparel,Leather Belt,1,3372.44,UPI,B2B
AMZ-1001480,2023-05-04,Delivered,Amazon,Amazon.in,TAMIL NADU,Apparel,Formal Shirt,2,5198.44,UPI,B2C
AMZ-1001481,2023-05-08,Delivered,Merchant,Amazon.in,KARNATAKA,Apparel,Leather Belt,1,3013.41,Card,B2C
AMZ-1001482,2023-03-12,Delivered,Merchant,Amazon.in,MAHARASHTRA,Footwear,Casual Sneakers,1,1651.37,Card,B2C
AMZ-1001483,2023-03-20,Delivered,Amazon,Amazon.in,HARYANA,Apparel,Formal Shirt,1,1118.22,Card,B2C
AMZ-1001484,2023-03-10,Delivered,Amazon,Amazon.in,TAMIL NADU,Apparel,Kurta Set,1,2223.59,Card,B2C
AMZ-1001485,2023-06-28,Delivered,Amazon,Amazon.in,WEST BENGAL,Apparel,Winter Sweatshirt,1,3134.96,Card,B2C
AMZ-1001486,2023-05-27,Delivered,Merchant,Amazon.in,MAHARASHTRA,Footwear,Sports Sandals,1,795.69,Wallet,B2C
AMZ-1001487,2023-06-29,Delivered,Amazon,Amazon.in,TAMIL NADU,Sports & Fitness,Dumbbell Set 10kg,2,10679.47,Card,B2C
AMZ-1001488,2023-05-27,Delivered,Amazon,Amazon.in,MAHARASHTRA,Electronics,HDMI Cable 2m,1,42241.62,Net Banking,B2C
AMZ-1001489,2023-04-18,Returned,Merchant,Amazon.in,KERALA,Electronics,Laptop Backpack,1,25190.87,Wallet,B2C
AMZ-1001490,2023-05-23,Delivered,Amazon,Amazon.in,TELANGANA,Beauty,Hair Dryer 1600W,1,1242.87,UPI,B2C
AMZ-1001491,2023-04-10,Delivered,Amazon,Amazon.in,DELHI,Home & Kitchen,Non-Stick Cookware Set,1,7988.22,UPI,B2C
AMZ-1001492,2023-03-07,Delivered,Merchant,Amazon.in,MAHARASHTRA,Beauty,Lipstick Matte Set,2,482.59,Card,B2C
AMZ-1001493,2023-05-14,Delivered,Amazon,Amazon.in,DELHI,Electronics,Laptop Backpack,1,42232.08,Net Banking,B2C
AMZ-1001494,2023-03-15,Delivered,Amazon,Amazon.in,KARNATAKA,Home & Kitchen,Curtain Set 7ft,1,9914.37,Wallet,B2C
AMZ-1001495,2023-05-12,Delivered,Amazon,Amazon.in,HARYANA,Books,Think and Grow Rich,1,384.52,Net Banking,B2C
AMZ-1001496,2023-05-05,Delivered,Merchant,Amazon.in,MADHYA PRADESH,Home & Kitchen,Mixer Grinder 750W,1,945.27,UPI,B2C
AMZ-1001497,2023-06-01,Cancelled,Amazon,Amazon.in,RAJASTHAN,Sports & Fitness,Cricket Bat,1,3027.97,COD,B2C
AMZ-1001498,2023-06-23,Cancelled,Amazon,Amazon.in,MADHYA PRADESH,Apparel,Kurta Set,2,4049.96,COD,B2C
AMZ-1001499,2023-04-22,Delivered,Merchant,Amazon.in,TELANGANA,Sports & Fitness,Football Size 5,1,6277.33,COD,B2C
AMZ-1001500,2023-06-18,Delivered,Amazon,Amazon.in,TELANGANA,Books,Rich Dad Poor Dad,1,736.93,Wallet,B2C
AMZ-1001501,2023-06-11,Delivered,Amazon,Amazon.in,DELHI,Home & Kitchen,Vacuum Flask,1,2918.83,UPI,B2C
AMZ-1001502,2023-03-14,Delivered,Amazon,Amazon.in,PUNJAB,Electronics,HDMI Cable 2m,1,42374.68,COD,B2C
AMZ-1001503,2023-05-05,Delivered,Amazon,Amazon.in,WEST BENGAL,Electronics,Smart Watch Series 5,1,14989.18,Card,B2C
AMZ-1001504,2023-05-06,Cancelled,Amazon,Amazon.in,MAHARASHTRA,Apparel,Denim Jacket,1,2078.86,COD,B2C
AMZ-1001505,2023-05-01,Delivered,Amazon,Amazon.in,TAMIL NADU,Electronics,Smart TV 43" 4K,2,44785.65,Card,B2C
AMZ-1001506,2023-03-25,Delivered,Amazon,Amazon.in,TAMIL NADU,Beauty,Beard Oil,1,1184.74,Wallet,B2C
AMZ-1001507,2023-03-31,Delivered,Amazon,Amazon.in,DELHI,Electronics,Smart Watch Series 5,2,25538.76,Card,B2C
AMZ-1001508,2023-05-06,Delivered,Merchant,Amazon.in,TELANGANA,Electronics,Laptop Backpack,2,69250.78,UPI,B2C
AMZ-1001509,2023-03-14,Delivered,Amazon,Amazon.in,MAHARASHTRA,Books,The Alchemist,1,751.44,UPI,B2C
AMZ-1001510,2023-03-02,Delivered,Amazon,Amazon.in,GUJARAT,Apparel,Winter Sweatshirt,2,6365.94,COD,B2C
AMZ-1001511,2023-06-19,Cancelled,Amazon,Amazon.in,DELHI,Electronics,Smart TV 43" 4K,1,23209.41,COD,B2C
AMZ-1001512,2023-03-21,Delivered,Amazon,Amazon.in,MAHARASHTRA,Books,Think and Grow Rich,1,484.12,UPI,B2C
AMZ-1001513,2023-04-19,Delivered,Amazon,Amazon.in,RAJASTHAN,Apparel,Sports Shorts,2,1149.36,UPI,B2C
AMZ-1001514,2023-06-06,Pending,Merchant,Amazon.in,RAJASTHAN,Footwear,Canvas Shoes,1,3797.59,Card,B2C
AMZ-1001515,2023-03-14,Delivered,Amazon,Amazon.in,UTTAR PRADESH,Home & Kitchen,Non-Stick Cookware Set,3,13857.06,COD,B2C
AMZ-1001516,2023-06-25,Shipped,Amazon,Amazon.in,TELANGANA,Sports & Fitness,Dumbbell Set 10kg,2,5411.64,Card,B2C
AMZ-1001517,2023-04-13,Cancelled,Merchant,Amazon.in,KARNATAKA,Electronics,Smart Watch Series 5,1,10529.49,COD,B2C
AMZ-1001518,2023-06-29,Delivered,Amazon,Amazon.in,HARYANA,Electronics,Laptop Backpack,2,38535.85,COD,B2C
AMZ-1001519,2023-03-27,Shipped,Merchant,Amazon.in,PUNJAB,Electronics,USB-C Fast Charger,1,29176.12,Card,B2C
AMZ-1001520,2023-04-11,Shipped,Merchant,Amazon.in,KARNATAKA,Footwear,Flip Flops,1,2430.37,Net Banking,B2C
AMZ-1001521,2023-04-04,Delivered,Merchant,Amazon.in,KERALA,Home & Kitchen,Storage Container Set,1,9711.66,Wallet,B2C
AMZ-1001522,2023-04-22,Delivered,Amazon,Amazon.in,GUJARAT,Books,Think and Grow Rich,1,211.84,Net Banking,B2C
AMZ-1001523,2023-04-11,Delivered,Merchant,Amazon.in,TAMIL NADU,Sports & Fitness,Dumbbell Set 10kg,2,1230.27,Wallet,B2C
AMZ-1001524,2023-05-12,Delivered,Amazon,Amazon.in,GUJARAT,Electronics,Smart Watch Series 5,2,15265.54,Card,B2C
AMZ-1001525,2023-06-21,Delivered,Amazon,Amazon.in,TELANGANA,Apparel,Winter Sweatshirt,2,3622.41,Net Banking,B2B
AMZ-1001526,2023-05-14,Delivered,Merchant,Amazon.in,WEST BENGAL,Footwear,Sports Sandals,1,1335.46,UPI,B2C
AMZ-1001527,2023-05-16,Delivered,Amazon,Amazon.in,RAJASTHAN,Electronics,Laptop Backpack,1,20474.71,Card,B2C
AMZ-1001528,2023-05-25,Delivered,Amazon,Amazon.in,MADHYA PRADESH,Electronics,Wireless Earbuds Pro,1,35306.42,UPI,B2C
AMZ-1001529,2023-05-07,Delivered,Amazon,Amazon.in,TAMIL NADU,Electronics,HDMI Cable 2m,1,32546.56,Card,B2C
AMZ-1001530,2023-05-15,Pending,Merchant,Amazon.in,TAMIL NADU,Apparel,Sports Shorts,3,5421.48,Card,B2C
AMZ-1001531,2023-06-19,Delivered,Amazon,Amazon.in,WEST BENGAL,Beauty,Vitamin C Face Serum,1,2423.31,UPI,B2C
AMZ-1001532,2023-03-26,Delivered,Amazon,Amazon.in,WEST BENGAL,Home & Kitchen,Steel Water Bottle 1L,3,12252.69,Card,B2C
AMZ-1001533,2023-06-18,Delivered,Amazon,Amazon.in,BIHAR,Footwear,Sports Sandals,1,5972.07,Wallet,B2C
AMZ-1001534,2023-03-19,Pending,Amazon,Amazon.in,PUNJAB,Apparel,Denim Jacket,2,1564.33,COD,B2B
AMZ-1001535,2023-06-21,Cancelled,Amazon,Amazon.in,WEST BENGAL,Apparel,Cotton T-Shirt Slim Fit,1,492.55,COD,B2C
AMZ-1001536,2023-06-07,Delivered,Amazon,Amazon.in,PUNJAB,Home & Kitchen,Bedsheet Double,1,11878.4,COD,B2C
AMZ-1001537,2023-05-19,Delivered,Amazon,Amazon.in,KARNATAKA,Apparel,Kurta Set,1,2806.73,Card,B2C
AMZ-1001538,2023-06-07,Delivered,Merchant,Amazon.in,MAHARASHTRA,Apparel,Sports Shorts,2,1638.17,UPI,B2C
AMZ-1001539,2023-05-22,Delivered,Amazon,Amazon.in,KARNATAKA,Apparel,Formal Shirt,1,1232.13,Wallet,B2C
AMZ-1001540,2023-05-21,Delivered,Amazon,Amazon.in,MAHARASHTRA,Apparel,Formal Shirt,2,3445.06,COD,B2C
AMZ-1001541,2023-06-22,Cancelled,Merchant,Amazon.in,WEST BENGAL,Home & Kitchen,Non-Stick Cookware Set,1,5003.06,COD,B2C
AMZ-1001542,2023-04-17,Delivered,Amazon,Amazon.in,KARNATAKA,Footwear,Loafers,1,4049.71,UPI,B2C
AMZ-1001543,2023-05-15,Returned,Merchant,Amazon.in,MADHYA PRADESH,Footwear,Sports Sandals,1,3195.18,UPI,B2C
AMZ-1001544,2023-05-14,Shipped,Merchant,Amazon.in,GUJARAT,Electronics,USB-C Fast Charger,1,34089.55,COD,B2C
AMZ-1001545,2023-05-23,Cancelled,Amazon,Amazon.in,MAHARASHTRA,Apparel,Kurta Set,1,1354.25,COD,B2C
AMZ-1001546,2023-05-04,Delivered,Merchant,Amazon.in,KARNATAKA,Footwear,Loafers,1,1997.05,COD,B2C
AMZ-1001547,2023-06-29,Shipped,Amazon,Amazon.in,TAMIL NADU,Apparel,Denim Jacket,2,1865.96,UPI,B2C
AMZ-1001548,2023-05-02,Delivered,Merchant,Amazon.in,GUJARAT,Electronics,Smart Watch Series 5,2,43464.41,UPI,B2B
AMZ-1001549,2023-06-15,Delivered,Merchant,Amazon.in,TAMIL NADU,Books,Atomic Habits,3,1546.56,COD,B2C
AMZ-1001550,2023-05-21,Delivered,Merchant,Amazon.in,TELANGANA,Footwear,Flip Flops,1,1631.59,UPI,B2C
AMZ-1001551,2023-05-01,Shipped,Amazon,Amazon.in,TAMIL NADU,Beauty,Lipstick Matte Set,2,3236.03,Card,B2C
AMZ-1001552,2023-04-10,Pending,Amazon,Amazon.in,UTTAR PRADESH,Apparel,Leather Belt,1,2097.28,Card,B2C
AMZ-1001553,2023-03-20,Shipped,Amazon,Amazon.in,KARNATAKA,Apparel,Kurta Set,2,2591.01,COD,B2C
AMZ-1001554,2023-03-27,Delivered,Amazon,Amazon.in,DELHI,Sports & Fitness,Badminton Racket,1,6393.33,COD,B2C
AMZ-1001555,2023-06-02,Delivered,Amazon,Amazon.in,MADHYA PRADESH,Books,Think and Grow Rich,1,776.65,Wallet,B2C
AMZ-1001556,2023-04-30,Delivered,Amazon,Amazon.in,GUJARAT,Footwear,Flip Flops,1,754.32,UPI,B2C
AMZ-1001557,2023-06-20,Delivered,Merchant,Amazon.in,KARNATAKA,Footwear,Canvas Shoes,3,9365.77,Card,B2C
AMZ-1001558,2023-05-10,Delivered,Merchant,Amazon.in,KARNATAKA,Beauty,Shampoo Anti-Dandruff,1,1985.71,UPI,B2C
AMZ-1001559,2023-05-29,Delivered,Amazon,Amazon.in,MAHARASHTRA,Home & Kitchen,Bedsheet Double,1,5819.99,UPI,B2C
AMZ-1001560,2023-06-24,Delivered,Amazon,Amazon.in,TAMIL NADU,Footwear,Formal Leather Shoes,1,2349.95,Card,B2C
AMZ-1001561,2023-05-02,Returned,Merchant,Amazon.in,MAHARASHTRA,Home & Kitchen,Curtain Set 7ft,1,2851.82,COD,B2C
AMZ-1001562,2023-04-27,Delivered,Amazon,Amazon.in,MAHARASHTRA,Footwear,Trail Hiking Boots,1,4458.58,UPI,B2C
AMZ-1001563,2023-03-16,Delivered,Amazon,Amazon.in,MAHARASHTRA,Electronics,HDMI Cable 2m,1,35528,Wallet,B2C
AMZ-1001564,2023-04-18,Returned,Amazon,Amazon.in,KARNATAKA,Electronics,Power Bank 20000mAh,1,10355.61,UPI,B2C
AMZ-1001565,2023-04-30,Delivered,Amazon,Amazon.in,DELHI,Home & Kitchen,Non-Stick Cookware Set,2,1271.69,UPI,B2C
AMZ-1001566,2023-04-03,Delivered,Amazon,Amazon.in,MAHARASHTRA,Footwear,Running Shoes,1,3745.77,Wallet,B2C
AMZ-1001567,2023-04-23,Returned,Amazon,Amazon.in,RAJASTHAN,Home & Kitchen,Storage Container Set,2,3223.68,Card,B2C
AMZ-1001568,2023-04-01,Delivered,Merchant,Amazon.in,KERALA,Home & Kitchen,Mixer Grinder 750W,1,10024.47,Card,B2C
AMZ-1001569,2023-05-29,Delivered,Merchant,Amazon.in,PUNJAB,Electronics,Power Bank 20000mAh,2,43616.88,UPI,B2C
AMZ-1001570,2023-06-03,Delivered,Amazon,Amazon.in,DELHI,Apparel,Leather Belt,1,2158.4,UPI,B2C
AMZ-1001571,2023-04-15,Delivered,Amazon,Amazon.in,DELHI,Books,Think and Grow Rich,3,3523.92,Net Banking,B2C
AMZ-1001572,2023-03-15,Delivered,Merchant,Amazon.in,MAHARASHTRA,Electronics,Wireless Earbuds Pro,1,6520.62,Card,B2C
AMZ-1001573,2023-05-01,Delivered,Merchant,Amazon.in,PUNJAB,Apparel,Winter Sweatshirt,1,589.66,Net Banking,B2C
AMZ-1001574,2023-05-26,Cancelled,Amazon,Amazon.in,RAJASTHAN,Electronics,Smart Watch Series 5,2,66294.22,COD,B2C
AMZ-1001575,2023-04-27,Delivered,Merchant,Amazon.in,DELHI,Electronics,Power Bank 20000mAh,1,23764.12,COD,B2B
AMZ-1001576,2023-05-24,Delivered,Amazon,Amazon.in,GUJARAT,Apparel,Denim Jacket,1,567.76,UPI,B2C
AMZ-1001577,2023-04-20,Delivered,Amazon,Amazon.in,TAMIL NADU,Apparel,Formal Shirt,1,847.18,Card,B2C
AMZ-1001578,2023-06-18,Shipped,Amazon,Amazon.in,TAMIL NADU,Footwear,Loafers,1,4329.28,UPI,B2C
AMZ-1001579,2023-05-22,Delivered,Merchant,Amazon.in,PUNJAB,Beauty,Beard Oil,2,1956.5,UPI,B2C
AMZ-1001580,2023-05-31,Cancelled,Merchant,Amazon.in,GUJARAT,Electronics,USB-C Fast Charger,1,24208.6,COD,B2C
AMZ-1001581,2023-04-10,Delivered,Merchant,Amazon.in,DELHI,Electronics,Laptop Backpack,1,25640.9,COD,B2C
AMZ-1001582,2023-06-26,Delivered,Merchant,Amazon.in,TAMIL NADU,Electronics,Power Bank 20000mAh,2,8687.27,UPI,B2C
AMZ-1001583,2023-04-30,Delivered,Amazon,Amazon.in,TAMIL NADU,Electronics,Smart Watch Series 5,1,44213.88,UPI,B2C
AMZ-1001584,2023-06-27,Shipped,Amazon,Amazon.in,DELHI,Apparel,Sports Shorts,1,1796.24,UPI,B2C
AMZ-1001585,2023-05-12,Pending,Amazon,Amazon.in,TELANGANA,Electronics,Bluetooth Speaker,2,27048.86,Card,B2C
AMZ-1001586,2023-05-13,Delivered,Merchant,Amazon.in,KARNATAKA,Home & Kitchen,Vacuum Flask,1,8452.45,COD,B2C
AMZ-1001587,2023-05-01,Shipped,Amazon,Amazon.in,DELHI,Beauty,Hair Dryer 1600W,1,237.68,Card,B2C
AMZ-1001588,2023-06-07,Delivered,Amazon,Amazon.in,MAHARASHTRA,Books,Ikigai,1,935.86,UPI,B2C
AMZ-1001589,2023-05-05,Delivered,Merchant,Amazon.in,KERALA,Beauty,Sunscreen SPF 50,3,669.41,Net Banking,B2C
AMZ-1001590,2023-05-11,Delivered,Merchant,Amazon.in,WEST BENGAL,Home & Kitchen,Curtain Set 7ft,1,4231.47,UPI,B2C
AMZ-1001591,2023-03-05,Delivered,Amazon,Amazon.in,MAHARASHTRA,Beauty,Lipstick Matte Set,2,2473.14,Card,B2C
AMZ-1001592,2023-05-31,Delivered,Amazon,Amazon.in,KARNATAKA,Beauty,Sunscreen SPF 50,2,3006.06,Net Banking,B2C
AMZ-1001593,2023-06-16,Shipped,Merchant,Amazon.in,MAHARASHTRA,Beauty,Lipstick Matte Set,2,4079.45,UPI,B2C
AMZ-1001594,2023-04-14,Pending,Amazon,Amazon.in,KARNATAKA,Apparel,Formal Shirt,1,583.46,Wallet,B2C
AMZ-1001595,2023-06-25,Delivered,Amazon,Amazon.in,DELHI,Sports & Fitness,Cricket Bat,1,1363.32,COD,B2C
AMZ-1001596,2023-03-06,Delivered,Amazon,Amazon.in,TAMIL NADU,Beauty,Beard Oil,1,1763.84,UPI,B2C
AMZ-1001597,2023-05-24,Delivered,Amazon,Amazon.in,MAHARASHTRA,Electronics,Smart TV 43" 4K,2,14523.04,Wallet,B2C
AMZ-1001598,2023-05-20,Delivered,Merchant,Amazon.in,GUJARAT,Apparel,Winter Sweatshirt,1,2087.19,UPI,B2B
AMZ-1001599,2023-06-28,Delivered,Merchant,Amazon.in,MAHARASHTRA,Electronics,Smart TV 43" 4K,2,79458.49,Card,B2C
AMZ-1001600,2023-05-27,Delivered,Amazon,Amazon.in,GUJARAT,Electronics,Laptop Backpack,2,26111.7,UPI,B2C
AMZ-1001601,2023-06-21,Delivered,Amazon,Amazon.in,TELANGANA,Sports & Fitness,Football Size 5,1,4895.42,Card,B2C
AMZ-1001602,2023-06-29,Delivered,Amazon,Amazon.in,WEST BENGAL,Beauty,Lipstick Matte Set,1,1590.4,UPI,B2C
AMZ-1001603,2023-06-02,Cancelled,Amazon,Amazon.in,HARYANA,Sports & Fitness,Football Size 5,1,4044.08,COD,B2C
AMZ-1001604,2023-03-06,Delivered,Amazon,Amazon.in,MAHARASHTRA,Home & Kitchen,Steel Water Bottle 1L,2,22752.69,UPI,B2C
AMZ-1001605,2023-05-20,Delivered,Amazon,Amazon.in,KARNATAKA,Electronics,Smart Watch Series 5,1,40816.06,UPI,B2B
AMZ-1001606,2023-05-09,Returned,Amazon,Amazon.in,RAJASTHAN,Footwear,Running Shoes,1,902.84,Wallet,B2C
AMZ-1001607,2023-05-02,Delivered,Merchant,Amazon.in,DELHI,Sports & Fitness,Resistance Bands,1,2754.24,Wallet,B2C
AMZ-1001608,2023-04-01,Delivered,Amazon,Amazon.in,MAHARASHTRA,Beauty,Perfume EDT 100ml,1,956.54,UPI,B2C
AMZ-1001609,2023-06-23,Delivered,Amazon,Amazon.in,TAMIL NADU,Electronics,Smart TV 43" 4K,1,38581.02,Card,B2C
AMZ-1001610,2023-04-12,Cancelled,Merchant,Amazon.in,MAHARASHTRA,Home & Kitchen,Storage Container Set,2,8349.74,COD,B2C
AMZ-1001611,2023-05-29,Delivered,Amazon,Amazon.in,PUNJAB,Apparel,Polo T-Shirt,1,2829.12,COD,B2C
AMZ-1001612,2023-05-19,Delivered,Amazon,Amazon.in,RAJASTHAN,Apparel,Sports Shorts,1,1856.29,COD,B2C
AMZ-1001613,2023-05-16,Delivered,Amazon,Amazon.in,KARNATAKA,Home & Kitchen,Steel Water Bottle 1L,3,33578.77,UPI,B2C
AMZ-1001614,2023-05-11,Delivered,Amazon,Amazon.in,MAHARASHTRA,Electronics,Laptop Backpack,1,43639,Card,B2C
AMZ-1001615,2023-04-26,Delivered,Amazon,Amazon.in,TAMIL NADU,Apparel,Cotton T-Shirt Slim Fit,2,884.16,COD,B2C
AMZ-1001616,2023-05-22,Delivered,Amazon,Amazon.in,DELHI,Electronics,Smart Watch Series 5,1,2242.03,Wallet,B2C
AMZ-1001617,2023-06-23,Delivered,Merchant,Amazon.in,KARNATAKA,Sports & Fitness,Cricket Bat,1,1227.28,Card,B2C
AMZ-1001618,2023-03-08,Delivered,Merchant,Amazon.in,DELHI,Electronics,Power Bank 20000mAh,2,27163.59,COD,B2C
AMZ-1001619,2023-05-20,Delivered,Amazon,Amazon.in,KARNATAKA,Electronics,Smart TV 43" 4K,1,19552.1,Card,B2C
AMZ-1001620,2023-05-22,Cancelled,Amazon,Amazon.in,KARNATAKA,Footwear,Loafers,2,2900.49,COD,B2C
AMZ-1001621,2023-03-29,Delivered,Amazon,Amazon.in,GUJARAT,Apparel,Denim Jacket,2,6390.04,Card,B2C
AMZ-1001622,2023-03-11,Cancelled,Merchant,Amazon.in,TAMIL NADU,Apparel,Leather Belt,1,2317.86,COD,B2C
AMZ-1001623,2023-05-22,Delivered,Amazon,Amazon.in,HARYANA,Home & Kitchen,Bedsheet Double,1,10297.41,UPI,B2C
AMZ-1001624,2023-03-24,Shipped,Amazon,Amazon.in,MAHARASHTRA,Electronics,Power Bank 20000mAh,1,36720.76,Card,B2C
AMZ-1001625,2023-05-26,Delivered,Amazon,Amazon.in,UTTAR PRADESH,Home & Kitchen,Non-Stick Cookware Set,1,843.63,UPI,B2C
AMZ-1001626,2023-06-05,Cancelled,Merchant,Amazon.in,DELHI,Sports & Fitness,Skipping Rope,2,6988.22,COD,B2C
AMZ-1001627,2023-03-10,Delivered,Merchant,Amazon.in,UTTAR PRADESH,Apparel,Formal Shirt,1,777.94,Net Banking,B2C
AMZ-1001628,2023-03-22,Delivered,Amazon,Amazon.in,MAHARASHTRA,Electronics,Bluetooth Speaker,1,22301.26,UPI,B2C
AMZ-1001629,2023-04-20,Cancelled,Amazon,Amazon.in,KERALA,Sports & Fitness,Cricket Bat,2,6855.74,COD,B2C
AMZ-1001630,2023-06-04,Delivered,Amazon,Amazon.in,TAMIL NADU,Electronics,HDMI Cable 2m,1,44023.29,Net Banking,B2C
AMZ-1001631,2023-05-11,Delivered,Amazon,Amazon.in,MAHARASHTRA,Sports & Fitness,Foam Roller,1,6284.52,UPI,B2C
AMZ-1001632,2023-06-18,Cancelled,Merchant,Amazon.in,UTTAR PRADESH,Electronics,Smart TV 43" 4K,1,25612.96,COD,B2C
AMZ-1001633,2023-05-05,Returned,Merchant,Amazon.in,GUJARAT,Apparel,Formal Shirt,2,3066.04,UPI,B2C
AMZ-1001634,2023-06-15,Delivered,Amazon,Amazon.in,TAMIL NADU,Beauty,Lipstick Matte Set,1,482.36,UPI,B2C
AMZ-1001635,2023-06-06,Delivered,Merchant,Amazon.in,WEST BENGAL,Beauty,Hair Dryer 1600W,2,1413.39,Card,B2C
AMZ-1001636,2023-06-25,Delivered,Merchant,Amazon.in,TELANGANA,Apparel,Denim Jacket,1,645.74,Net Banking,B2C
AMZ-1001637,2023-03-07,Cancelled,Amazon,Amazon.in,HARYANA,Electronics,Power Bank 20000mAh,1,9516.95,COD,B2C
AMZ-1001638,2023-05-08,Cancelled,Amazon,Amazon.in,TELANGANA,Beauty,Shampoo Anti-Dandruff,1,940.74,UPI,B2C
AMZ-1001639,2023-05-08,Delivered,Amazon,Amazon.in,DELHI,Books,Sapiens,1,313.83,COD,B2C
AMZ-1001640,2023-05-28,Shipped,Amazon,Amazon.in,WEST BENGAL,Books,The Alchemist,1,162.6,Card,B2C
AMZ-1001641,2023-06-25,Delivered,Amazon,Amazon.in,TELANGANA,Apparel,Formal Shirt,1,1516.53,UPI,B2C
AMZ-1001642,2023-03-13,Delivered,Merchant,Amazon.in,TELANGANA,Electronics,USB-C Fast Charger,1,9189.2,UPI,B2C
AMZ-1001643,2023-04-22,Delivered,Amazon,Amazon.in,DELHI,Apparel,Sports Shorts,1,1876.39,Wallet,B2C
AMZ-1001644,2023-03-22,Delivered,Merchant,Amazon.in,DELHI,Books,Think and Grow Rich,2,1246.64,Card,B2B
AMZ-1001645,2023-06-22,Shipped,Amazon,Amazon.in,DELHI,Apparel,Denim Jacket,1,3160.84,UPI,B2C
AMZ-1001646,2023-03-06,Delivered,Merchant,Amazon.in,DELHI,Apparel,Leather Belt,1,473.16,Wallet,B2C
AMZ-1001647,2023-04-20,Delivered,Merchant,Amazon.in,MAHARASHTRA,Electronics,USB-C Fast Charger,1,43700.09,COD,B2C
AMZ-1001648,2023-04-06,Delivered,Merchant,Amazon.in,HARYANA,Sports & Fitness,Resistance Bands,2,13791.13,UPI,B2C
AMZ-1001649,2023-04-15,Delivered,Merchant,Amazon.in,UTTAR PRADESH,Home & Kitchen,Steel Water Bottle 1L,1,1067.24,COD,B2C
AMZ-1001650,2023-05-08,Delivered,Amazon,Amazon.in,WEST BENGAL,Electronics,Smart TV 43" 4K,1,44321.85,UPI,B2C
AMZ-1001651,2023-05-25,Shipped,Merchant,Amazon.in,KARNATAKA,Electronics,Smart Watch Series 5,1,12191.26,UPI,B2C
AMZ-1001652,2023-05-16,Delivered,Amazon,Amazon.in,DELHI,Beauty,Beard Oil,3,3810.18,UPI,B2C
AMZ-1001653,2023-06-12,Delivered,Amazon,Amazon.in,KARNATAKA,Electronics,Smart Watch Series 5,1,41988.35,Wallet,B2C
AMZ-1001654,2023-05-31,Delivered,Amazon,Amazon.in,TELANGANA,Apparel,Leather Belt,1,584.46,Wallet,B2C
AMZ-1001655,2023-06-09,Delivered,Merchant,Amazon.in,WEST BENGAL,Apparel,Leather Belt,2,6379.87,UPI,B2C
AMZ-1001656,2023-03-21,Delivered,Amazon,Amazon.in,TAMIL NADU,Electronics,Laptop Backpack,1,43284.67,Card,B2C
AMZ-1001657,2023-03-02,Delivered,Amazon,Amazon.in,KARNATAKA,Apparel,Winter Sweatshirt,1,2615.42,UPI,B2C
AMZ-1001658,2023-05-14,Delivered,Amazon,Amazon.in,RAJASTHAN,Apparel,Denim Jacket,1,1432.41,COD,B2C
AMZ-1001659,2023-06-17,Delivered,Merchant,Amazon.in,MAHARASHTRA,Electronics,Bluetooth Speaker,2,52539.44,COD,B2C
AMZ-1001660,2023-04-05,Cancelled,Amazon,Amazon.in,BIHAR,Home & Kitchen,LED Table Lamp,1,11165.88,COD,B2C
AMZ-1001661,2023-04-11,Delivered,Merchant,Amazon.in,GUJARAT,Books,Rich Dad Poor Dad,1,935.13,COD,B2C
AMZ-1001662,2023-04-06,Delivered,Merchant,Amazon.in,KARNATAKA,Home & Kitchen,Storage Container Set,1,4591.84,COD,B2C
AMZ-1001663,2023-05-10,Delivered,Amazon,Amazon.in,MAHARASHTRA,Beauty,Face Wash Neem,3,1343.52,COD,B2C
AMZ-1001664,2023-05-25,Delivered,Merchant,Amazon.in,MAHARASHTRA,Beauty,Vitamin C Face Serum,1,1312.78,Card,B2C
AMZ-1001665,2023-06-01,Delivered,Amazon,Amazon.in,TAMIL NADU,Beauty,Beard Oil,1,344.09,UPI,B2C
AMZ-1001666,2023-06-01,Delivered,Amazon,Amazon.in,BIHAR,Apparel,Denim Jacket,3,6635.92,Card,B2C
AMZ-1001667,2023-05-03,Delivered,Merchant,Amazon.in,HARYANA,Apparel,Polo T-Shirt,1,3235.43,UPI,B2C
AMZ-1001668,2023-05-07,Delivered,Amazon,Amazon.in,MADHYA PRADESH,Apparel,Leather Belt,1,1227.22,Card,B2C
AMZ-1001669,2023-05-19,Delivered,Merchant,Amazon.in,TELANGANA,Footwear,Formal Leather Shoes,1,3974.27,Net Banking,B2C
AMZ-1001670,2023-03-13,Delivered,Amazon,Amazon.in,UTTAR PRADESH,Electronics,Power Bank 20000mAh,1,16652.06,Wallet,B2C
AMZ-1001671,2023-04-19,Cancelled,Merchant,Amazon.in,DELHI,Home & Kitchen,Mixer Grinder 750W,2,5706.46,COD,B2C
AMZ-1001672,2023-04-18,Shipped,Amazon,Amazon.in,TAMIL NADU,Books,Ikigai,2,2091.85,Card,B2C
AMZ-1001673,2023-03-16,Delivered,Merchant,Amazon.in,TAMIL NADU,Sports & Fitness,Skipping Rope,1,6421.08,Wallet,B2B
AMZ-1001674,2023-03-26,Delivered,Merchant,Amazon.in,KARNATAKA,Apparel,Cotton T-Shirt Slim Fit,1,2287.72,UPI,B2C
AMZ-1001675,2023-06-23,Delivered,Merchant,Amazon.in,UTTAR PRADESH,Electronics,Power Bank 20000mAh,1,9421.51,COD,B2C
AMZ-1001676,2023-05-09,Cancelled,Amazon,Amazon.in,UTTAR PRADESH,Books,Think and Grow Rich,2,1368.62,COD,B2C
AMZ-1001677,2023-06-29,Delivered,Merchant,Amazon.in,MAHARASHTRA,Electronics,Laptop Backpack,1,4827.4,UPI,B2B
AMZ-1001678,2023-03-14,Delivered,Amazon,Amazon.in,TAMIL NADU,Books,Atomic Habits,1,528.4,Wallet,B2C
AMZ-1001679,2023-05-05,Delivered,Amazon,Amazon.in,RAJASTHAN,Home & Kitchen,LED Table Lamp,1,8107.2,Wallet,B2C
AMZ-1001680,2023-06-01,Cancelled,Amazon,Amazon.in,TAMIL NADU,Beauty,Perfume EDT 100ml,1,1888.58,COD,B2C
AMZ-1001681,2023-04-11,Delivered,Amazon,Amazon.in,MAHARASHTRA,Home & Kitchen,Vacuum Flask,1,1608.81,Net Banking,B2C
AMZ-1001682,2023-03-16,Delivered,Amazon,Amazon.in,RAJASTHAN,Footwear,Trail Hiking Boots,1,5001.73,UPI,B2C
AMZ-1001683,2023-06-22,Delivered,Amazon,Amazon.in,GUJARAT,Books,Atomic Habits,1,386.29,UPI,B2C
AMZ-1001684,2023-04-01,Delivered,Amazon,Amazon.in,MAHARASHTRA,Electronics,Smart TV 43" 4K,1,31728.68,Net Banking,B2C
AMZ-1001685,2023-05-24,Delivered,Merchant,Amazon.in,MAHARASHTRA,Electronics,HDMI Cable 2m,1,21968.2,UPI,B2C
AMZ-1001686,2023-03-07,Delivered,Amazon,Amazon.in,TELANGANA,Apparel,Denim Jacket,3,5226.54,Card,B2C
AMZ-1001687,2023-04-07,Delivered,Merchant,Amazon.in,MAHARASHTRA,Sports & Fitness,Skipping Rope,1,1057.44,Card,B2C
AMZ-1001688,2023-05-08,Delivered,Merchant,Amazon.in,KARNATAKA,Home & Kitchen,Non-Stick Cookware Set,1,4149.17,Card,B2C
AMZ-1001689,2023-06-29,Returned,Amazon,Amazon.in,DELHI,Beauty,Lipstick Matte Set,1,835,COD,B2C
AMZ-1001690,2023-03-27,Shipped,Merchant,Amazon.in,HARYANA,Footwear,Trail Hiking Boots,1,755.97,UPI,B2C
AMZ-1001691,2023-05-05,Delivered,Merchant,Amazon.in,UTTAR PRADESH,Sports & Fitness,Skipping Rope,2,3317.23,UPI,B2C
AMZ-1001692,2023-05-20,Delivered,Merchant,Amazon.in,MAHARASHTRA,Beauty,Face Wash Neem,1,1954.58,Net Banking,B2C
AMZ-1001693,2023-04-15,Delivered,Amazon,Amazon.in,KERALA,Books,Think and Grow Rich,1,790.82,Card,B2C
AMZ-1001694,2023-05-22,Delivered,Amazon,Amazon.in,TAMIL NADU,Apparel,Kurta Set,3,3239.5,COD,B2C
AMZ-1001695,2023-04-07,Delivered,Amazon,Amazon.in,WEST BENGAL,Home & Kitchen,Vacuum Flask,1,2933.49,Card,B2C
AMZ-1001696,2023-04-21,Delivered,Amazon,Amazon.in,GUJARAT,Apparel,Formal Shirt,1,1560.55,UPI,B2C
AMZ-1001697,2023-03-20,Delivered,Amazon,Amazon.in,MAHARASHTRA,Sports & Fitness,Skipping Rope,1,7338.2,Net Banking,B2C
AMZ-1001698,2023-05-05,Delivered,Merchant,Amazon.in,RAJASTHAN,Electronics,HDMI Cable 2m,1,6508.8,Net Banking,B2C
AMZ-1001699,2023-05-10,Cancelled,Amazon,Amazon.in,WEST BENGAL,Home & Kitchen,Curtain Set 7ft,1,4832.16,Net Banking,B2C
AMZ-1001700,2023-04-13,Delivered,Merchant,Amazon.in,RAJASTHAN,Electronics,HDMI Cable 2m,2,36961.82,Card,B2C
AMZ-1001701,2023-04-06,Delivered,Amazon,Amazon.in,MAHARASHTRA,Electronics,Bluetooth Speaker,1,14786.54,Card,B2C
AMZ-1001702,2023-06-18,Delivered,Merchant,Amazon.in,KERALA,Footwear,Running Shoes,1,3688.52,COD,B2C
AMZ-1001703,2023-05-18,Delivered,Amazon,Amazon.in,TAMIL NADU,Books,Think and Grow Rich,1,642.48,COD,B2C
AMZ-1001704,2023-03-13,Delivered,Amazon,Amazon.in,KARNATAKA,Sports & Fitness,Badminton Racket,3,7201.41,COD,B2C
AMZ-1001705,2023-03-29,Shipped,Amazon,Amazon.in,TAMIL NADU,Electronics,Power Bank 20000mAh,2,76673.9,Card,B2C
AMZ-1001706,2023-03-12,Shipped,Amazon,Amazon.in,MAHARASHTRA,Electronics,Smart TV 43" 4K,1,16500.1,UPI,B2C
AMZ-1001707,2023-05-04,Delivered,Amazon,Amazon.in,MAHARASHTRA,Books,Deep Work,1,790.48,Net Banking,B2C
AMZ-1001708,2023-06-19,Delivered,Amazon,Amazon.in,BIHAR,Electronics,Power Bank 20000mAh,1,11791.42,UPI,B2C
AMZ-1001709,2023-06-17,Delivered,Amazon,Amazon.in,GUJARAT,Home & Kitchen,Vacuum Flask,1,10609.3,Card,B2C
AMZ-1001710,2023-04-07,Returned,Amazon,Amazon.in,UTTAR PRADESH,Apparel,Cotton T-Shirt Slim Fit,1,505.81,COD,B2C
AMZ-1001711,2023-04-10,Delivered,Merchant,Amazon.in,HARYANA,Footwear,Casual Sneakers,1,2043.25,UPI,B2C
AMZ-1001712,2023-06-14,Shipped,Merchant,Amazon.in,PUNJAB,Apparel,Cotton T-Shirt Slim Fit,1,1573.69,Wallet,B2C
AMZ-1001713,2023-05-16,Delivered,Amazon,Amazon.in,TELANGANA,Footwear,Sports Sandals,1,5465.91,Card,B2C
AMZ-1001714,2023-04-15,Cancelled,Merchant,Amazon.in,UTTAR PRADESH,Sports & Fitness,Badminton Racket,3,20844.18,COD,B2C
AMZ-1001715,2023-04-02,Delivered,Merchant,Amazon.in,PUNJAB,Electronics,USB-C Fast Charger,1,35028.54,UPI,B2C
AMZ-1001716,2023-04-28,Delivered,Merchant,Amazon.in,GUJARAT,Apparel,Denim Jacket,1,1424.21,COD,B2C
AMZ-1001717,2023-06-14,Delivered,Amazon,Amazon.in,MAHARASHTRA,Home & Kitchen,Bedsheet Double,2,23990.42,COD,B2C
AMZ-1001718,2023-05-21,Delivered,Amazon,Amazon.in,MAHARASHTRA,Home & Kitchen,Bedsheet Double,1,9961.64,Net Banking,B2C
AMZ-1001719,2023-05-20,Cancelled,Amazon,Amazon.in,KARNATAKA,Home & Kitchen,Steel Water Bottle 1L,1,4787.45,COD,B2C
AMZ-1001720,2023-03-09,Delivered,Amazon,Amazon.in,TAMIL NADU,Sports & Fitness,Cricket Bat,1,7828.39,Card,B2C
AMZ-1001721,2023-03-19,Delivered,Amazon,Amazon.in,KERALA,Home & Kitchen,Storage Container Set,1,1423.61,UPI,B2C
AMZ-1001722,2023-04-29,Delivered,Merchant,Amazon.in,UTTAR PRADESH,Apparel,Winter Sweatshirt,1,1141.93,Card,B2C
AMZ-1001723,2023-03-24,Delivered,Merchant,Amazon.in,TAMIL NADU,Electronics,Smart Watch Series 5,1,35777.91,Card,B2C
AMZ-1001724,2023-03-26,Cancelled,Amazon,Amazon.in,MAHARASHTRA,Electronics,USB-C Fast Charger,2,67599.54,UPI,B2C
AMZ-1001725,2023-04-15,Delivered,Merchant,Amazon.in,KARNATAKA,Beauty,Shampoo Anti-Dandruff,1,458.19,UPI,B2C
AMZ-1001726,2023-06-13,Shipped,Merchant,Amazon.in,MAHARASHTRA,Apparel,Winter Sweatshirt,1,3282.57,UPI,B2C
AMZ-1001727,2023-05-09,Delivered,Merchant,Amazon.in,GUJARAT,Footwear,Loafers,1,5248.3,UPI,B2C
AMZ-1001728,2023-05-26,Shipped,Merchant,Amazon.in,MAHARASHTRA,Home & Kitchen,Vacuum Flask,1,1897.59,UPI,B2C
AMZ-1001729,2023-05-08,Delivered,Amazon,Amazon.in,GUJARAT,Footwear,Loafers,1,2980.18,UPI,B2C
AMZ-1001730,2023-05-17,Returned,Amazon,Amazon.in,DELHI,Electronics,Laptop Backpack,2,15730.84,UPI,B2C
AMZ-1001731,2023-05-25,Delivered,Amazon,Amazon.in,UTTAR PRADESH,Apparel,Sports Shorts,2,4135.06,Card,B2C
AMZ-1001732,2023-05-19,Shipped,Amazon,Amazon.in,BIHAR,Footwear,Loafers,1,4591.09,UPI,B2C
AMZ-1001733,2023-03-08,Delivered,Merchant,Amazon.in,KARNATAKA,Home & Kitchen,Mixer Grinder 750W,1,1601,UPI,B2C
AMZ-1001734,2023-04-06,Delivered,Amazon,Amazon.in,UTTAR PRADESH,Electronics,Laptop Backpack,1,42755.46,UPI,B2C
AMZ-1001735,2023-05-25,Shipped,Amazon,Amazon.in,TELANGANA,Beauty,Lipstick Matte Set,1,2459.06,COD,B2C
AMZ-1001736,2023-05-22,Delivered,Merchant,Amazon.in,BIHAR,Sports & Fitness,Resistance Bands,1,4446.49,UPI,B2C
AMZ-1001737,2023-06-07,Delivered,Merchant,Amazon.in,DELHI,Beauty,Sunscreen SPF 50,1,686.6,UPI,B2C
AMZ-1001738,2023-03-19,Delivered,Merchant,Amazon.in,KARNATAKA,Apparel,Kurta Set,1,3264.86,Card,B2B
AMZ-1001739,2023-04-29,Delivered,Merchant,Amazon.in,DELHI,Beauty,Hair Dryer 1600W,1,1338.14,Card,B2C
AMZ-1001740,2023-05-19,Delivered,Amazon,Amazon.in,TELANGANA,Apparel,Kurta Set,1,1872.66,COD,B2C
AMZ-1001741,2023-05-23,Delivered,Merchant,Amazon.in,KARNATAKA,Home & Kitchen,Curtain Set 7ft,1,10502.7,Wallet,B2C
AMZ-1001742,2023-04-28,Pending,Amazon,Amazon.in,KARNATAKA,Footwear,Loafers,1,3739.31,Net Banking,B2C
AMZ-1001743,2023-04-12,Delivered,Merchant,Amazon.in,HARYANA,Electronics,Wireless Earbuds Pro,2,62890.21,UPI,B2C
AMZ-1001744,2023-05-11,Delivered,Amazon,Amazon.in,TELANGANA,Sports & Fitness,Foam Roller,1,1387.28,Card,B2C
AMZ-1001745,2023-05-22,Returned,Merchant,Amazon.in,KARNATAKA,Books,Deep Work,1,194.67,Card,B2C
AMZ-1001746,2023-06-16,Delivered,Amazon,Amazon.in,TAMIL NADU,Beauty,Hair Dryer 1600W,2,3003.59,Wallet,B2C
AMZ-1001747,2023-03-18,Returned,Amazon,Amazon.in,WEST BENGAL,Electronics,Power Bank 20000mAh,1,10321.56,COD,B2C
AMZ-1001748,2023-03-31,Delivered,Merchant,Amazon.in,MAHARASHTRA,Apparel,Denim Jacket,1,582.76,UPI,B2C
AMZ-1001749,2023-05-05,Delivered,Amazon,Amazon.in,TAMIL NADU,Beauty,Sunscreen SPF 50,1,1756.22,UPI,B2C
AMZ-1001750,2023-04-15,Delivered,Amazon,Amazon.in,TAMIL NADU,Books,Rich Dad Poor Dad,1,635.4,Wallet,B2C
AMZ-1001751,2023-05-19,Delivered,Merchant,Amazon.in,WEST BENGAL,Apparel,Polo T-Shirt,2,2680.93,Wallet,B2C
AMZ-1001752,2023-04-28,Delivered,Amazon,Amazon.in,GUJARAT,Electronics,Bluetooth Speaker,1,7316.29,Card,B2C
AMZ-1001753,2023-04-15,Shipped,Amazon,Amazon.in,KARNATAKA,Home & Kitchen,Curtain Set 7ft,1,11078.75,Card,B2C
AMZ-1001754,2023-05-05,Delivered,Amazon,Amazon.in,UTTAR PRADESH,Home & Kitchen,Mixer Grinder 750W,1,3765.54,UPI,B2C
AMZ-1001755,2023-03-06,Delivered,Merchant,Amazon.in,TAMIL NADU,Sports & Fitness,Cricket Bat,1,7201.47,UPI,B2C
AMZ-1001756,2023-06-08,Cancelled,Amazon,Amazon.in,KARNATAKA,Electronics,Wireless Earbuds Pro,1,32013.83,COD,B2C
AMZ-1001757,2023-03-21,Cancelled,Amazon,Amazon.in,DELHI,Footwear,Running Shoes,1,1296.57,COD,B2C
AMZ-1001758,2023-04-07,Delivered,Merchant,Amazon.in,DELHI,Beauty,Shampoo Anti-Dandruff,1,1051.93,Card,B2C
AMZ-1001759,2023-05-24,Delivered,Merchant,Amazon.in,MAHARASHTRA,Beauty,Shampoo Anti-Dandruff,1,442.39,Card,B2C
AMZ-1001760,2023-05-15,Delivered,Amazon,Amazon.in,DELHI,Electronics,Wireless Earbuds Pro,1,1932.5,Card,B2C
AMZ-1001761,2023-06-24,Cancelled,Amazon,Amazon.in,KARNATAKA,Electronics,Power Bank 20000mAh,1,38024.37,COD,B2C
AMZ-1001762,2023-04-09,Delivered,Amazon,Amazon.in,DELHI,Footwear,Canvas Shoes,2,3453.94,UPI,B2C
AMZ-1001763,2023-05-31,Delivered,Merchant,Amazon.in,KARNATAKA,Apparel,Kurta Set,1,2889.83,Net Banking,B2B
AMZ-1001764,2023-05-05,Cancelled,Amazon,Amazon.in,KERALA,Books,Rich Dad Poor Dad,1,900.87,Wallet,B2C
AMZ-1001765,2023-04-07,Delivered,Amazon,Amazon.in,MAHARASHTRA,Sports & Fitness,Dumbbell Set 10kg,1,1869.68,UPI,B2C
AMZ-1001766,2023-05-21,Delivered,Amazon,Amazon.in,MAHARASHTRA,Sports & Fitness,Cricket Bat,1,711.91,UPI,B2C
AMZ-1001767,2023-05-16,Delivered,Merchant,Amazon.in,KARNATAKA,Electronics,Bluetooth Speaker,1,43197.94,Card,B2C
AMZ-1001768,2023-04-24,Delivered,Amazon,Amazon.in,MADHYA PRADESH,Apparel,Denim Jacket,1,3410.71,Wallet,B2C
AMZ-1001769,2023-05-21,Delivered,Amazon,Amazon.in,GUJARAT,Footwear,Casual Sneakers,2,3748.11,UPI,B2C
AMZ-1001770,2023-04-13,Returned,Amazon,Amazon.in,MAHARASHTRA,Apparel,Denim Jacket,1,578.26,Card,B2C
AMZ-1001771,2023-04-20,Shipped,Amazon,Amazon.in,WEST BENGAL,Electronics,HDMI Cable 2m,1,35821.43,UPI,B2C
AMZ-1001772,2023-05-30,Delivered,Amazon,Amazon.in,UTTAR PRADESH,Apparel,Winter Sweatshirt,1,2484.18,UPI,B2C
AMZ-1001773,2023-06-11,Cancelled,Amazon,Amazon.in,TAMIL NADU,Electronics,Wireless Earbuds Pro,1,3494.53,COD,B2C
AMZ-1001774,2023-03-02,Delivered,Amazon,Amazon.in,TELANGANA,Books,Atomic Habits,2,945.62,UPI,B2C
AMZ-1001775,2023-06-28,Delivered,Amazon,Amazon.in,TELANGANA,Electronics,Laptop Backpack,1,36872.29,UPI,B2B
AMZ-1001776,2023-05-02,Delivered,Merchant,Amazon.in,UTTAR PRADESH,Apparel,Denim Jacket,3,2887.53,COD,B2C
AMZ-1001777,2023-05-14,Cancelled,Amazon,Amazon.in,MAHARASHTRA,Beauty,Lipstick Matte Set,1,1695.76,Card,B2C
AMZ-1001778,2023-03-17,Delivered,Amazon,Amazon.in,MAHARASHTRA,Beauty,Face Wash Neem,1,1257.01,UPI,B2C
AMZ-1001779,2023-04-13,Delivered,Amazon,Amazon.in,HARYANA,Electronics,Laptop Backpack,2,53446.1,Card,B2C
AMZ-1001780,2023-06-27,Cancelled,Merchant,Amazon.in,KARNATAKA,Electronics,Laptop Backpack,1,33658.12,COD,B2C
AMZ-1001781,2023-04-01,Cancelled,Amazon,Amazon.in,TELANGANA,Apparel,Cotton T-Shirt Slim Fit,1,2778.51,COD,B2C
AMZ-1001782,2023-06-08,Delivered,Amazon,Amazon.in,TAMIL NADU,Home & Kitchen,LED Table Lamp,1,5781.97,Net Banking,B2B
AMZ-1001783,2023-06-20,Delivered,Merchant,Amazon.in,KARNATAKA,Footwear,Trail Hiking Boots,1,2426.62,Card,B2C
AMZ-1001784,2023-05-27,Delivered,Amazon,Amazon.in,MAHARASHTRA,Footwear,Casual Sneakers,2,11598.71,UPI,B2C
AMZ-1001785,2023-05-28,Delivered,Amazon,Amazon.in,PUNJAB,Apparel,Polo T-Shirt,1,3396.51,COD,B2C
AMZ-1001786,2023-04-06,Delivered,Amazon,Amazon.in,TAMIL NADU,Home & Kitchen,LED Table Lamp,1,11273.48,UPI,B2C
AMZ-1001787,2023-04-27,Delivered,Merchant,Amazon.in,KARNATAKA,Electronics,Bluetooth Speaker,1,43600.64,COD,B2C
AMZ-1001788,2023-05-01,Delivered,Amazon,Amazon.in,GUJARAT,Electronics,Smart Watch Series 5,1,42778.36,Card,B2C
AMZ-1001789,2023-05-01,Delivered,Amazon,Amazon.in,UTTAR PRADESH,Sports & Fitness,Yoga Mat 6mm,1,6583.95,COD,B2C
AMZ-1001790,2023-06-04,Cancelled,Merchant,Amazon.in,WEST BENGAL,Apparel,Denim Jacket,2,4772.89,COD,B2C
AMZ-1001791,2023-05-16,Delivered,Amazon,Amazon.in,DELHI,Electronics,Power Bank 20000mAh,3,127917.68,Net Banking,B2C
AMZ-1001792,2023-05-16,Cancelled,Amazon,Amazon.in,MAHARASHTRA,Electronics,Bluetooth Speaker,3,53806.49,COD,B2C
AMZ-1001793,2023-05-31,Delivered,Amazon,Amazon.in,MAHARASHTRA,Home & Kitchen,Bedsheet Double,1,1123.58,COD,B2B
AMZ-1001794,2023-06-22,Delivered,Amazon,Amazon.in,WEST BENGAL,Electronics,Power Bank 20000mAh,1,11682.26,UPI,B2C
AMZ-1001795,2023-03-11,Pending,Amazon,Amazon.in,TAMIL NADU,Sports & Fitness,Cricket Bat,2,3494.69,Card,B2C
AMZ-1001796,2023-04-13,Delivered,Amazon,Amazon.in,TAMIL NADU,Footwear,Loafers,2,5054.07,Card,B2C
AMZ-1001797,2023-03-02,Delivered,Amazon,Amazon.in,TAMIL NADU,Footwear,Casual Sneakers,1,1765.46,Card,B2C
AMZ-1001798,2023-05-08,Returned,Amazon,Amazon.in,MAHARASHTRA,Electronics,HDMI Cable 2m,2,29194.27,COD,B2C
AMZ-1001799,2023-05-07,Delivered,Merchant,Amazon.in,KARNATAKA,Sports & Fitness,Badminton Racket,2,13255.23,Wallet,B2C
AMZ-1001800,2023-05-31,Delivered,Merchant,Amazon.in,MAHARASHTRA,Electronics,USB-C Fast Charger,2,28655.52,Card,B2C
AMZ-1001801,2023-04-15,Delivered,Amazon,Amazon.in,HARYANA,Apparel,Sports Shorts,1,1289.45,COD,B2C
AMZ-1001802,2023-06-11,Delivered,Amazon,Amazon.in,KARNATAKA,Beauty,Lipstick Matte Set,1,687.68,COD,B2C
AMZ-1001803,2023-05-26,Delivered,Amazon,Amazon.in,WEST BENGAL,Beauty,Face Wash Neem,1,1505.59,Wallet,B2C
AMZ-1001804,2023-05-10,Delivered,Merchant,Amazon.in,WEST BENGAL,Electronics,HDMI Cable 2m,2,15772.63,COD,B2C
AMZ-1001805,2023-05-15,Shipped,Merchant,Amazon.in,TAMIL NADU,Sports & Fitness,Yoga Mat 6mm,1,2199.92,Card,B2C
AMZ-1001806,2023-03-30,Delivered,Merchant,Amazon.in,KARNATAKA,Beauty,Shampoo Anti-Dandruff,1,528.2,Card,B2C
AMZ-1001807,2023-04-09,Delivered,Merchant,Amazon.in,GUJARAT,Books,The Psychology of Money,1,1044.52,Card,B2C
AMZ-1001808,2023-03-17,Delivered,Amazon,Amazon.in,KARNATAKA,Home & Kitchen,Storage Container Set,1,3276.42,UPI,B2B
AMZ-1001809,2023-05-19,Delivered,Amazon,Amazon.in,TAMIL NADU,Home & Kitchen,Non-Stick Cookware Set,1,8396.64,Net Banking,B2C
AMZ-1001810,2023-06-13,Delivered,Amazon,Amazon.in,GUJARAT,Electronics,Smart TV 43" 4K,1,42294.27,Wallet,B2C
AMZ-1001811,2023-06-04,Delivered,Amazon,Amazon.in,KARNATAKA,Books,The Alchemist,1,611.75,UPI,B2C
AMZ-1001812,2023-04-10,Delivered,Amazon,Amazon.in,RAJASTHAN,Electronics,Laptop Backpack,1,24077.23,Net Banking,B2C
AMZ-1001813,2023-03-22,Delivered,Amazon,Amazon.in,KARNATAKA,Electronics,Smart Watch Series 5,1,18477.73,Net Banking,B2C
AMZ-1001814,2023-03-01,Shipped,Merchant,Amazon.in,UTTAR PRADESH,Home & Kitchen,Steel Water Bottle 1L,2,7155.22,Card,B2C
AMZ-1001815,2023-05-15,Delivered,Amazon,Amazon.in,KARNATAKA,Apparel,Sports Shorts,1,525.58,COD,B2C
AMZ-1001816,2023-04-29,Delivered,Amazon,Amazon.in,TAMIL NADU,Apparel,Polo T-Shirt,1,1944.33,Net Banking,B2C
AMZ-1001817,2023-03-09,Returned,Amazon,Amazon.in,MADHYA PRADESH,Home & Kitchen,Non-Stick Cookware Set,1,2660.81,COD,B2C
AMZ-1001818,2023-03-11,Shipped,Amazon,Amazon.in,KARNATAKA,Electronics,Smart TV 43" 4K,1,14339.08,UPI,B2C
AMZ-1001819,2023-06-19,Delivered,Amazon,Amazon.in,TAMIL NADU,Beauty,Perfume EDT 100ml,1,1558.36,Card,B2B
AMZ-1001820,2023-06-15,Delivered,Merchant,Amazon.in,UTTAR PRADESH,Footwear,Loafers,1,4839.6,UPI,B2C
AMZ-1001821,2023-04-10,Delivered,Amazon,Amazon.in,UTTAR PRADESH,Sports & Fitness,Foam Roller,2,4398.67,Card,B2C
AMZ-1001822,2023-05-05,Delivered,Amazon,Amazon.in,UTTAR PRADESH,Electronics,Smart Watch Series 5,1,12681.56,UPI,B2C
AMZ-1001823,2023-06-08,Delivered,Merchant,Amazon.in,TAMIL NADU,Home & Kitchen,Non-Stick Cookware Set,1,11506.85,UPI,B2C
AMZ-1001824,2023-06-22,Delivered,Amazon,Amazon.in,MAHARASHTRA,Electronics,Power Bank 20000mAh,1,1976.35,Card,B2C
AMZ-1001825,2023-04-29,Cancelled,Amazon,Amazon.in,TAMIL NADU,Apparel,Winter Sweatshirt,3,10276.53,COD,B2C
AMZ-1001826,2023-05-04,Shipped,Merchant,Amazon.in,MAHARASHTRA,Apparel,Denim Jacket,1,1814.37,COD,B2C
AMZ-1001827,2023-04-09,Cancelled,Merchant,Amazon.in,WEST BENGAL,Home & Kitchen,Non-Stick Cookware Set,1,4539.64,COD,B2C
AMZ-1001828,2023-04-23,Delivered,Merchant,Amazon.in,RAJASTHAN,Electronics,Bluetooth Speaker,1,26544.05,Card,B2C
AMZ-1001829,2023-05-05,Delivered,Merchant,Amazon.in,TAMIL NADU,Electronics,Bluetooth Speaker,1,43768.41,COD,B2C
AMZ-1001830,2023-04-11,Shipped,Amazon,Amazon.in,KERALA,Sports & Fitness,Dumbbell Set 10kg,1,7695.83,Card,B2C
AMZ-1001831,2023-05-03,Delivered,Merchant,Amazon.in,UTTAR PRADESH,Electronics,HDMI Cable 2m,1,11762.2,Net Banking,B2C
AMZ-1001832,2023-04-26,Delivered,Amazon,Amazon.in,MADHYA PRADESH,Home & Kitchen,Storage Container Set,2,23384.64,COD,B2C
AMZ-1001833,2023-05-15,Delivered,Amazon,Amazon.in,MAHARASHTRA,Home & Kitchen,Mixer Grinder 750W,1,2731.5,Card,B2B
AMZ-1001834,2023-04-29,Delivered,Amazon,Amazon.in,TELANGANA,Electronics,HDMI Cable 2m,1,11509.23,COD,B2C
AMZ-1001835,2023-04-26,Delivered,Merchant,Amazon.in,DELHI,Electronics,Power Bank 20000mAh,2,6883.35,UPI,B2C
AMZ-1001836,2023-04-30,Cancelled,Amazon,Amazon.in,MAHARASHTRA,Books,The Alchemist,1,766.9,COD,B2C
AMZ-1001837,2023-06-13,Delivered,Amazon,Amazon.in,KARNATAKA,Home & Kitchen,Mixer Grinder 750W,1,9493.26,UPI,B2C
AMZ-1001838,2023-05-17,Delivered,Merchant,Amazon.in,GUJARAT,Electronics,Smart Watch Series 5,1,32096.97,UPI,B2C
AMZ-1001839,2023-06-09,Delivered,Merchant,Amazon.in,TELANGANA,Home & Kitchen,Steel Water Bottle 1L,1,1729.62,COD,B2C
AMZ-1001840,2023-06-09,Shipped,Amazon,Amazon.in,KARNATAKA,Books,The Psychology of Money,1,154.56,Net Banking,B2C
AMZ-1001841,2023-03-18,Delivered,Amazon,Amazon.in,TAMIL NADU,Beauty,Beard Oil,3,2020.61,Card,B2C
AMZ-1001842,2023-04-28,Delivered,Merchant,Amazon.in,DELHI,Beauty,Hair Dryer 1600W,1,987.27,UPI,B2C
AMZ-1001843,2023-03-26,Delivered,Merchant,Amazon.in,MAHARASHTRA,Home & Kitchen,LED Table Lamp,1,6623.15,COD,B2C
AMZ-1001844,2023-06-01,Delivered,Merchant,Amazon.in,WEST BENGAL,Electronics,USB-C Fast Charger,2,62077.18,UPI,B2C
AMZ-1001845,2023-04-26,Delivered,Amazon,Amazon.in,KARNATAKA,Apparel,Sports Shorts,1,930.83,Net Banking,B2C
AMZ-1001846,2023-03-13,Shipped,Amazon,Amazon.in,KERALA,Footwear,Sports Sandals,2,11688.73,COD,B2C
AMZ-1001847,2023-03-16,Delivered,Amazon,Amazon.in,MADHYA PRADESH,Home & Kitchen,Storage Container Set,2,2785.63,UPI,B2C
AMZ-1001848,2023-06-08,Delivered,Merchant,Amazon.in,DELHI,Beauty,Beard Oil,2,798.87,UPI,B2C
AMZ-1001849,2023-05-27,Delivered,Amazon,Amazon.in,UTTAR PRADESH,Home & Kitchen,Bedsheet Double,2,18985.43,UPI,B2C
AMZ-1001850,2023-06-10,Delivered,Amazon,Amazon.in,MAHARASHTRA,Electronics,Smart Watch Series 5,2,19227.03,Card,B2C
AMZ-1001851,2023-06-09,Delivered,Amazon,Amazon.in,TELANGANA,Electronics,Bluetooth Speaker,1,20584.69,Card,B2C
AMZ-1001852,2023-05-19,Delivered,Amazon,Amazon.in,GUJARAT,Home & Kitchen,Non-Stick Cookware Set,1,8379.83,UPI,B2C
AMZ-1001853,2023-04-13,Delivered,Merchant,Amazon.in,GUJARAT,Home & Kitchen,Non-Stick Cookware Set,1,6680.75,COD,B2C
AMZ-1001854,2023-03-06,Delivered,Amazon,Amazon.in,KERALA,Home & Kitchen,Non-Stick Cookware Set,1,11707.11,Net Banking,B2C
AMZ-1001855,2023-05-26,Delivered,Amazon,Amazon.in,TELANGANA,Books,Ikigai,2,1712.63,UPI,B2C
AMZ-1001856,2023-04-11,Delivered,Amazon,Amazon.in,MAHARASHTRA,Apparel,Kurta Set,1,2948.45,UPI,B2C
AMZ-1001857,2023-04-14,Delivered,Amazon,Amazon.in,TAMIL NADU,Electronics,Power Bank 20000mAh,1,13111.3,Wallet,B2C
AMZ-1001858,2023-05-30,Shipped,Amazon,Amazon.in,PUNJAB,Beauty,Shampoo Anti-Dandruff,1,711.94,COD,B2C
AMZ-1001859,2023-05-11,Delivered,Amazon,Amazon.in,UTTAR PRADESH,Apparel,Polo T-Shirt,1,2340.13,COD,B2C
AMZ-1001860,2023-03-23,Delivered,Amazon,Amazon.in,TAMIL NADU,Sports & Fitness,Badminton Racket,1,5210.62,UPI,B2C
AMZ-1001861,2023-05-04,Delivered,Amazon,Amazon.in,MAHARASHTRA,Books,Deep Work,1,265.34,UPI,B2C
AMZ-1001862,2023-06-03,Delivered,Amazon,Amazon.in,GUJARAT,Home & Kitchen,Curtain Set 7ft,1,8486.07,UPI,B2C
AMZ-1001863,2023-03-20,Delivered,Amazon,Amazon.in,DELHI,Electronics,Smart Watch Series 5,1,17179.79,Card,B2C
AMZ-1001864,2023-03-01,Delivered,Amazon,Amazon.in,PUNJAB,Electronics,Power Bank 20000mAh,3,76730.56,UPI,B2C
AMZ-1001865,2023-04-19,Delivered,Amazon,Amazon.in,MAHARASHTRA,Apparel,Sports Shorts,3,7502.57,Wallet,B2B
AMZ-1001866,2023-04-07,Delivered,Amazon,Amazon.in,DELHI,Apparel,Winter Sweatshirt,1,2240.01,Net Banking,B2C
AMZ-1001867,2023-05-30,Cancelled,Merchant,Amazon.in,UTTAR PRADESH,Electronics,Bluetooth Speaker,1,16274.11,COD,B2C
AMZ-1001868,2023-03-29,Shipped,Merchant,Amazon.in,WEST BENGAL,Books,Sapiens,1,976.01,UPI,B2C
AMZ-1001869,2023-05-27,Delivered,Amazon,Amazon.in,KERALA,Books,Rich Dad Poor Dad,2,1808.94,Card,B2C
AMZ-1001870,2023-05-07,Delivered,Amazon,Amazon.in,GUJARAT,Sports & Fitness,Foam Roller,1,1237.19,Card,B2C
AMZ-1001871,2023-03-07,Delivered,Merchant,Amazon.in,RAJASTHAN,Electronics,Smart TV 43" 4K,1,33311.62,Card,B2C
AMZ-1001872,2023-05-23,Delivered,Merchant,Amazon.in,TELANGANA,Electronics,HDMI Cable 2m,1,22601.98,UPI,B2C
AMZ-1001873,2023-06-26,Delivered,Amazon,Amazon.in,MAHARASHTRA,Books,Rich Dad Poor Dad,1,765.9,COD,B2C
AMZ-1001874,2023-04-10,Delivered,Amazon,Amazon.in,KERALA,Books,Sapiens,1,531.05,COD,B2C
AMZ-1001875,2023-03-03,Delivered,Merchant,Amazon.in,RAJASTHAN,Apparel,Leather Belt,1,1730.36,Card,B2C
AMZ-1001876,2023-03-10,Delivered,Merchant,Amazon.in,UTTAR PRADESH,Beauty,Sunscreen SPF 50,1,849.59,COD,B2C
AMZ-1001877,2023-05-01,Shipped,Amazon,Amazon.in,TAMIL NADU,Beauty,Hair Dryer 1600W,1,626.12,UPI,B2B
AMZ-1001878,2023-05-06,Delivered,Amazon,Amazon.in,TELANGANA,Electronics,Smart Watch Series 5,2,77074.14,UPI,B2C
AMZ-1001879,2023-04-01,Delivered,Amazon,Amazon.in,TAMIL NADU,Books,The Psychology of Money,1,897.82,Net Banking,B2C
AMZ-1001880,2023-06-23,Cancelled,Merchant,Amazon.in,KARNATAKA,Electronics,Bluetooth Speaker,1,23252.94,COD,B2C
AMZ-1001881,2023-04-16,Delivered,Amazon,Amazon.in,MAHARASHTRA,Books,The Psychology of Money,1,161.13,UPI,B2C
AMZ-1001882,2023-05-11,Cancelled,Amazon,Amazon.in,KARNATAKA,Beauty,Vitamin C Face Serum,2,1113.42,COD,B2C
AMZ-1001883,2023-06-22,Shipped,Amazon,Amazon.in,KERALA,Beauty,Perfume EDT 100ml,1,645.89,Wallet,B2B
AMZ-1001884,2023-05-12,Shipped,Amazon,Amazon.in,TAMIL NADU,Beauty,Perfume EDT 100ml,2,1224.87,COD,B2C
AMZ-1001885,2023-05-20,Cancelled,Amazon,Amazon.in,UTTAR PRADESH,Books,Rich Dad Poor Dad,2,872.42,COD,B2C
AMZ-1001886,2023-05-09,Shipped,Amazon,Amazon.in,DELHI,Home & Kitchen,Steel Water Bottle 1L,1,5311.99,Card,B2C
AMZ-1001887,2023-04-01,Delivered,Amazon,Amazon.in,GUJARAT,Electronics,Power Bank 20000mAh,1,2159.02,Card,B2C
AMZ-1001888,2023-06-14,Cancelled,Merchant,Amazon.in,MAHARASHTRA,Home & Kitchen,Curtain Set 7ft,2,6987.55,UPI,B2C
AMZ-1001889,2023-06-20,Returned,Amazon,Amazon.in,TAMIL NADU,Electronics,USB-C Fast Charger,1,31582.1,UPI,B2C
AMZ-1001890,2023-04-13,Delivered,Amazon,Amazon.in,WEST BENGAL,Home & Kitchen,Bedsheet Double,1,8576.59,Card,B2C
AMZ-1001891,2023-04-13,Delivered,Amazon,Amazon.in,RAJASTHAN,Beauty,Beard Oil,1,1772.91,Net Banking,B2C
AMZ-1001892,2023-04-02,Delivered,Amazon,Amazon.in,KARNATAKA,Electronics,Wireless Earbuds Pro,1,15494.96,Net Banking,B2C
AMZ-1001893,2023-05-07,Delivered,Merchant,Amazon.in,GUJARAT,Apparel,Formal Shirt,1,3010.25,UPI,B2C
AMZ-1001894,2023-04-22,Delivered,Amazon,Amazon.in,UTTAR PRADESH,Electronics,HDMI Cable 2m,2,37772.22,COD,B2C
AMZ-1001895,2023-04-05,Delivered,Merchant,Amazon.in,MADHYA PRADESH,Electronics,Power Bank 20000mAh,2,33002.26,Net Banking,B2C
AMZ-1001896,2023-05-01,Delivered,Amazon,Amazon.in,KARNATAKA,Books,Think and Grow Rich,1,975.41,Card,B2C
AMZ-1001897,2023-03-13,Delivered,Merchant,Amazon.in,WEST BENGAL,Home & Kitchen,Non-Stick Cookware Set,3,2212.58,Wallet,B2C
AMZ-1001898,2023-05-28,Delivered,Merchant,Amazon.in,WEST BENGAL,Home & Kitchen,Vacuum Flask,1,1223.36,Card,B2C
AMZ-1001899,2023-06-21,Delivered,Merchant,Amazon.in,DELHI,Home & Kitchen,Vacuum Flask,1,8377.24,Card,B2C
AMZ-1001900,2023-06-02,Delivered,Merchant,Amazon.in,WEST BENGAL,Electronics,USB-C Fast Charger,2,55831.12,UPI,B2C
AMZ-1001901,2023-05-03,Cancelled,Amazon,Amazon.in,WEST BENGAL,Beauty,Shampoo Anti-Dandruff,1,1350.56,COD,B2C
AMZ-1001902,2023-04-04,Returned,Merchant,Amazon.in,KARNATAKA,Apparel,Cotton T-Shirt Slim Fit,2,4018.02,UPI,B2C
AMZ-1001903,2023-06-17,Delivered,Merchant,Amazon.in,TELANGANA,Sports & Fitness,Resistance Bands,1,4057.64,COD,B2C
AMZ-1001904,2023-03-07,Delivered,Amazon,Amazon.in,WEST BENGAL,Apparel,Sports Shorts,1,518.59,UPI,B2C
AMZ-1001905,2023-05-10,Delivered,Amazon,Amazon.in,GUJARAT,Apparel,Kurta Set,1,2370.82,Net Banking,B2C
AMZ-1001906,2023-03-19,Delivered,Merchant,Amazon.in,MAHARASHTRA,Beauty,Lipstick Matte Set,2,3331.77,UPI,B2C
AMZ-1001907,2023-03-21,Delivered,Amazon,Amazon.in,WEST BENGAL,Apparel,Cotton T-Shirt Slim Fit,3,9909.9,UPI,B2C
AMZ-1001908,2023-05-20,Delivered,Merchant,Amazon.in,KERALA,Electronics,Smart TV 43" 4K,1,12316.31,Wallet,B2C
AMZ-1001909,2023-05-20,Delivered,Merchant,Amazon.in,UTTAR PRADESH,Home & Kitchen,Bedsheet Double,2,12556.01,Card,B2C
AMZ-1001910,2023-04-15,Shipped,Amazon,Amazon.in,KARNATAKA,Footwear,Casual Sneakers,1,3715.39,UPI,B2C
AMZ-1001911,2023-04-19,Shipped,Amazon,Amazon.in,KERALA,Apparel,Leather Belt,1,2901.67,Net Banking,B2C
AMZ-1001912,2023-05-07,Delivered,Merchant,Amazon.in,MADHYA PRADESH,Electronics,Power Bank 20000mAh,2,30894.13,Card,B2C
AMZ-1001913,2023-06-24,Delivered,Merchant,Amazon.in,DELHI,Beauty,Shampoo Anti-Dandruff,1,893.76,Card,B2C
AMZ-1001914,2023-04-07,Cancelled,Amazon,Amazon.in,MAHARASHTRA,Home & Kitchen,Mixer Grinder 750W,1,7103.42,Wallet,B2C
AMZ-1001915,2023-05-30,Delivered,Amazon,Amazon.in,MAHARASHTRA,Sports & Fitness,Cricket Bat,1,5158.3,UPI,B2B
AMZ-1001916,2023-06-10,Delivered,Merchant,Amazon.in,TAMIL NADU,Sports & Fitness,Cricket Bat,1,1819.86,Card,B2C
AMZ-1001917,2023-05-20,Returned,Merchant,Amazon.in,HARYANA,Electronics,Smart Watch Series 5,1,19818.94,COD,B2C
AMZ-1001918,2023-04-10,Shipped,Merchant,Amazon.in,KARNATAKA,Beauty,Face Wash Neem,1,1958.13,UPI,B2C
AMZ-1001919,2023-04-10,Cancelled,Merchant,Amazon.in,MAHARASHTRA,Apparel,Sports Shorts,1,3295.76,COD,B2C
AMZ-1001920,2023-04-02,Delivered,Merchant,Amazon.in,WEST BENGAL,Electronics,HDMI Cable 2m,1,20004.63,COD,B2C
AMZ-1001921,2023-04-19,Cancelled,Amazon,Amazon.in,DELHI,Home & Kitchen,Storage Container Set,1,6907.08,UPI,B2C
AMZ-1001922,2023-03-21,Delivered,Amazon,Amazon.in,KARNATAKA,Books,The Alchemist,1,718.65,Net Banking,B2C
AMZ-1001923,2023-04-03,Delivered,Merchant,Amazon.in,MADHYA PRADESH,Home & Kitchen,Storage Container Set,2,3253.26,Card,B2C
AMZ-1001924,2023-05-09,Delivered,Amazon,Amazon.in,TAMIL NADU,Electronics,Laptop Backpack,1,13370.45,UPI,B2C
AMZ-1001925,2023-04-12,Delivered,Merchant,Amazon.in,GUJARAT,Electronics,Wireless Earbuds Pro,1,44935.54,UPI,B2C
AMZ-1001926,2023-06-16,Delivered,Merchant,Amazon.in,TELANGANA,Beauty,Vitamin C Face Serum,1,1579.74,UPI,B2C
AMZ-1001927,2023-03-02,Delivered,Merchant,Amazon.in,KARNATAKA,Home & Kitchen,Vacuum Flask,1,6065.37,UPI,B2C
AMZ-1001928,2023-05-20,Delivered,Merchant,Amazon.in,KARNATAKA,Footwear,Casual Sneakers,1,2521.23,Net Banking,B2C
AMZ-1001929,2023-05-25,Delivered,Merchant,Amazon.in,WEST BENGAL,Apparel,Sports Shorts,1,657.32,Wallet,B2C
AMZ-1001930,2023-05-09,Delivered,Amazon,Amazon.in,DELHI,Home & Kitchen,Non-Stick Cookware Set,2,1464.21,Card,B2C
AMZ-1001931,2023-03-27,Pending,Amazon,Amazon.in,RAJASTHAN,Apparel,Kurta Set,1,3341.49,UPI,B2C
AMZ-1001932,2023-04-29,Cancelled,Amazon,Amazon.in,UTTAR PRADESH,Apparel,Cotton T-Shirt Slim Fit,1,1656.9,Wallet,B2C
AMZ-1001933,2023-04-27,Delivered,Amazon,Amazon.in,RAJASTHAN,Home & Kitchen,Steel Water Bottle 1L,1,2485.59,UPI,B2C
AMZ-1001934,2023-04-08,Delivered,Merchant,Amazon.in,MADHYA PRADESH,Sports & Fitness,Badminton Racket,1,4509.03,Net Banking,B2C
AMZ-1001935,2023-06-08,Delivered,Amazon,Amazon.in,TAMIL NADU,Beauty,Shampoo Anti-Dandruff,1,2292.56,COD,B2C
AMZ-1001936,2023-04-23,Delivered,Amazon,Amazon.in,TAMIL NADU,Home & Kitchen,Storage Container Set,1,9505.64,Card,B2C
AMZ-1001937,2023-04-13,Delivered,Amazon,Amazon.in,PUNJAB,Home & Kitchen,LED Table Lamp,1,4974.15,Card,B2C
AMZ-1001938,2023-03-05,Cancelled,Amazon,Amazon.in,BIHAR,Footwear,Formal Leather Shoes,1,3155.38,Wallet,B2C
AMZ-1001939,2023-03-20,Delivered,Merchant,Amazon.in,DELHI,Electronics,Smart Watch Series 5,1,14587.8,Card,B2C
AMZ-1001940,2023-05-31,Delivered,Amazon,Amazon.in,UTTAR PRADESH,Electronics,USB-C Fast Charger,2,59241.14,UPI,B2C
AMZ-1001941,2023-05-27,Cancelled,Amazon,Amazon.in,MAHARASHTRA,Books,The Alchemist,2,888.6,COD,B2C
AMZ-1001942,2023-05-30,Delivered,Amazon,Amazon.in,BIHAR,Electronics,Smart Watch Series 5,1,14836.14,COD,B2C
AMZ-1001943,2023-03-02,Delivered,Amazon,Amazon.in,MAHARASHTRA,Electronics,Smart Watch Series 5,1,19622.92,Wallet,B2C
AMZ-1001944,2023-04-23,Delivered,Amazon,Amazon.in,TAMIL NADU,Electronics,HDMI Cable 2m,1,9689.79,UPI,B2C
AMZ-1001945,2023-06-25,Cancelled,Merchant,Amazon.in,DELHI,Books,Sapiens,1,167.47,COD,B2C
AMZ-1001946,2023-06-24,Delivered,Amazon,Amazon.in,KARNATAKA,Home & Kitchen,Non-Stick Cookware Set,1,961.03,COD,B2C
AMZ-1001947,2023-03-10,Delivered,Amazon,Amazon.in,DELHI,Home & Kitchen,LED Table Lamp,1,2028.42,UPI,B2C
AMZ-1001948,2023-05-15,Delivered,Amazon,Amazon.in,GUJARAT,Beauty,Vitamin C Face Serum,2,4512.99,Wallet,B2C
AMZ-1001949,2023-06-02,Delivered,Amazon,Amazon.in,KARNATAKA,Electronics,Smart TV 43" 4K,1,31028.98,COD,B2C
AMZ-1001950,2023-03-01,Cancelled,Merchant,Amazon.in,BIHAR,Beauty,Sunscreen SPF 50,1,2069.78,COD,B2C
AMZ-1001951,2023-06-13,Delivered,Amazon,Amazon.in,TELANGANA,Home & Kitchen,Bedsheet Double,1,7002.39,UPI,B2C
AMZ-1001952,2023-03-31,Pending,Amazon,Amazon.in,MAHARASHTRA,Electronics,Power Bank 20000mAh,2,19413.83,UPI,B2C
AMZ-1001953,2023-05-29,Delivered,Merchant,Amazon.in,TAMIL NADU,Electronics,Wireless Earbuds Pro,1,17340.31,UPI,B2C
AMZ-1001954,2023-04-14,Delivered,Merchant,Amazon.in,KERALA,Home & Kitchen,LED Table Lamp,1,7223.89,Wallet,B2C
AMZ-1001955,2023-05-20,Delivered,Merchant,Amazon.in,TAMIL NADU,Sports & Fitness,Dumbbell Set 10kg,2,2691.52,COD,B2C
AMZ-1001956,2023-03-03,Delivered,Amazon,Amazon.in,KERALA,Home & Kitchen,LED Table Lamp,1,11031.69,Net Banking,B2C
AMZ-1001957,2023-05-30,Delivered,Amazon,Amazon.in,GUJARAT,Sports & Fitness,Yoga Mat 6mm,1,1168.13,Wallet,B2C
AMZ-1001958,2023-04-20,Delivered,Merchant,Amazon.in,MAHARASHTRA,Electronics,Power Bank 20000mAh,1,12009.31,Wallet,B2C
AMZ-1001959,2023-04-16,Delivered,Amazon,Amazon.in,TELANGANA,Beauty,Beard Oil,1,2414.45,UPI,B2B
AMZ-1001960,2023-04-18,Delivered,Amazon,Amazon.in,KARNATAKA,Beauty,Lipstick Matte Set,1,2164,UPI,B2B
AMZ-1001961,2023-03-11,Returned,Amazon,Amazon.in,HARYANA,Sports & Fitness,Yoga Mat 6mm,2,8060.01,COD,B2C
AMZ-1001962,2023-06-22,Delivered,Amazon,Amazon.in,MAHARASHTRA,Apparel,Denim Jacket,2,4200.29,UPI,B2C
AMZ-1001963,2023-06-04,Delivered,Merchant,Amazon.in,TELANGANA,Electronics,Wireless Earbuds Pro,1,43084.14,Wallet,B2C
AMZ-1001964,2023-05-19,Delivered,Amazon,Amazon.in,WEST BENGAL,Footwear,Sports Sandals,1,1666.75,COD,B2C
AMZ-1001965,2023-04-30,Delivered,Amazon,Amazon.in,DELHI,Home & Kitchen,Storage Container Set,1,1307.93,Card,B2C
AMZ-1001966,2023-06-11,Delivered,Amazon,Amazon.in,RAJASTHAN,Books,Atomic Habits,2,1905.25,UPI,B2C
AMZ-1001967,2023-05-13,Delivered,Amazon,Amazon.in,DELHI,Sports & Fitness,Dumbbell Set 10kg,1,4176.71,Net Banking,B2C
AMZ-1001968,2023-05-13,Delivered,Amazon,Amazon.in,GUJARAT,Electronics,Power Bank 20000mAh,2,21259.11,COD,B2C
AMZ-1001969,2023-04-02,Delivered,Amazon,Amazon.in,WEST BENGAL,Apparel,Cotton T-Shirt Slim Fit,1,1937.46,Card,B2C
AMZ-1001970,2023-03-01,Shipped,Merchant,Amazon.in,TAMIL NADU,Footwear,Canvas Shoes,1,5236.27,UPI,B2C
AMZ-1001971,2023-04-27,Delivered,Merchant,Amazon.in,BIHAR,Apparel,Formal Shirt,2,2614.1,UPI,B2C
AMZ-1001972,2023-06-20,Delivered,Amazon,Amazon.in,MAHARASHTRA,Books,Deep Work,2,1863.89,Card,B2C
AMZ-1001973,2023-06-06,Delivered,Amazon,Amazon.in,TELANGANA,Apparel,Formal Shirt,1,2201.83,UPI,B2C
AMZ-1001974,2023-04-20,Delivered,Amazon,Amazon.in,MAHARASHTRA,Apparel,Leather Belt,1,1100.66,UPI,B2C
AMZ-1001975,2023-05-11,Delivered,Amazon,Amazon.in,KARNATAKA,Sports & Fitness,Skipping Rope,1,4595.76,Net Banking,B2C
AMZ-1001976,2023-03-08,Delivered,Amazon,Amazon.in,RAJASTHAN,Electronics,HDMI Cable 2m,1,31176.02,Wallet,B2C
AMZ-1001977,2023-05-11,Delivered,Amazon,Amazon.in,UTTAR PRADESH,Home & Kitchen,LED Table Lamp,1,5816.08,UPI,B2C
AMZ-1001978,2023-03-08,Cancelled,Amazon,Amazon.in,KARNATAKA,Beauty,Shampoo Anti-Dandruff,1,468.79,Wallet,B2C
AMZ-1001979,2023-04-24,Returned,Amazon,Amazon.in,RAJASTHAN,Electronics,HDMI Cable 2m,2,35304.84,COD,B2C
AMZ-1001980,2023-05-27,Delivered,Amazon,Amazon.in,KARNATAKA,Footwear,Canvas Shoes,1,602.87,UPI,B2C
AMZ-1001981,2023-05-21,Delivered,Amazon,Amazon.in,MAHARASHTRA,Sports & Fitness,Cricket Bat,1,4057.96,COD,B2C
AMZ-1001982,2023-04-15,Delivered,Amazon,Amazon.in,BIHAR,Books,Think and Grow Rich,2,1769.87,Wallet,B2C
AMZ-1001983,2023-05-04,Returned,Merchant,Amazon.in,MAHARASHTRA,Sports & Fitness,Yoga Mat 6mm,1,5674.7,Card,B2C
AMZ-1001984,2023-06-17,Shipped,Amazon,Amazon.in,GUJARAT,Books,The Alchemist,1,1114.28,UPI,B2C
AMZ-1001985,2023-05-14,Delivered,Amazon,Amazon.in,RAJASTHAN,Beauty,Vitamin C Face Serum,1,2440.49,UPI,B2C
AMZ-1001986,2023-06-27,Delivered,Merchant,Amazon.in,TELANGANA,Footwear,Trail Hiking Boots,2,5458.48,Card,B2C
AMZ-1001987,2023-03-03,Delivered,Amazon,Amazon.in,MAHARASHTRA,Home & Kitchen,Curtain Set 7ft,2,3979.18,UPI,B2C
AMZ-1001988,2023-04-01,Delivered,Merchant,Amazon.in,KARNATAKA,Apparel,Sports Shorts,1,2697.64,UPI,B2C
AMZ-1001989,2023-06-05,Delivered,Amazon,Amazon.in,KERALA,Books,Atomic Habits,2,1994.23,UPI,B2C
AMZ-1001990,2023-06-12,Cancelled,Merchant,Amazon.in,DELHI,Footwear,Flip Flops,1,5524.85,COD,B2C
AMZ-1001991,2023-05-22,Delivered,Merchant,Amazon.in,TAMIL NADU,Electronics,Smart TV 43" 4K,1,3273.13,Net Banking,B2C
AMZ-1001992,2023-04-01,Delivered,Amazon,Amazon.in,KERALA,Electronics,HDMI Cable 2m,1,28120.93,COD,B2C
AMZ-1001993,2023-03-02,Delivered,Amazon,Amazon.in,UTTAR PRADESH,Books,Rich Dad Poor Dad,2,2216.41,Card,B2C
AMZ-1001994,2023-05-23,Delivered,Amazon,Amazon.in,WEST BENGAL,Beauty,Sunscreen SPF 50,1,1994.96,Card,B2C
AMZ-1001995,2023-06-08,Delivered,Amazon,Amazon.in,RAJASTHAN,Apparel,Kurta Set,1,1837.69,UPI,B2B
AMZ-1001996,2023-03-29,Delivered,Amazon,Amazon.in,KERALA,Footwear,Canvas Shoes,1,5274.95,UPI,B2C
AMZ-1001997,2023-04-07,Returned,Amazon,Amazon.in,RAJASTHAN,Home & Kitchen,Non-Stick Cookware Set,1,7445.86,Card,B2C
AMZ-1001998,2023-05-19,Shipped,Amazon,Amazon.in,GUJARAT,Home & Kitchen,Vacuum Flask,1,11008.87,Card,B2C
AMZ-1001999,2023-05-02,Delivered,Amazon,Amazon.in,TELANGANA,Beauty,Beard Oil,1,640.01,UPI,B2C
AMZ-1002000,2023-06-23,Delivered,Amazon,Amazon.in,GUJARAT,Apparel,Denim Jacket,1,3090.26,COD,B2C
AMZ-1002001,2023-04-08,Returned,Amazon,Amazon.in,MAHARASHTRA,Apparel,Sports Shorts,2,3541.08,Wallet,B2C
AMZ-1002002,2023-05-01,Delivered,Merchant,Amazon.in,TAMIL NADU,Home & Kitchen,Curtain Set 7ft,2,5752.36,Card,B2C
AMZ-1002003,2023-05-21,Delivered,Amazon,Amazon.in,GUJARAT,Sports & Fitness,Badminton Racket,1,6245.99,UPI,B2C
AMZ-1002004,2023-03-27,Delivered,Amazon,Amazon.in,UTTAR PRADESH,Apparel,Denim Jacket,1,3419.18,Card,B2C
AMZ-1002005,2023-05-18,Delivered,Amazon,Amazon.in,DELHI,Books,Think and Grow Rich,1,899.7,Wallet,B2C
AMZ-1002006,2023-04-10,Delivered,Amazon,Amazon.in,GUJARAT,Electronics,Power Bank 20000mAh,3,89954.44,Card,B2C
AMZ-1002007,2023-03-06,Delivered,Amazon,Amazon.in,MAHARASHTRA,Home & Kitchen,Non-Stick Cookware Set,3,8478.19,UPI,B2C
AMZ-1002008,2023-06-09,Delivered,Amazon,Amazon.in,KARNATAKA,Books,Deep Work,1,669.31,Card,B2C
AMZ-1002009,2023-03-27,Delivered,Merchant,Amazon.in,TAMIL NADU,Electronics,Wireless Earbuds Pro,2,19183.68,COD,B2C
AMZ-1002010,2023-04-22,Delivered,Merchant,Amazon.in,MAHARASHTRA,Footwear,Casual Sneakers,2,9250.2,UPI,B2C
AMZ-1002011,2023-05-02,Delivered,Amazon,Amazon.in,TELANGANA,Electronics,Smart Watch Series 5,2,44027.69,UPI,B2C
AMZ-1002012,2023-05-07,Shipped,Amazon,Amazon.in,KARNATAKA,Footwear,Casual Sneakers,1,5952.49,COD,B2C
AMZ-1002013,2023-04-22,Delivered,Merchant,Amazon.in,UTTAR PRADESH,Footwear,Running Shoes,1,5882.44,Card,B2C
AMZ-1002014,2023-03-27,Delivered,Merchant,Amazon.in,UTTAR PRADESH,Footwear,Trail Hiking Boots,1,3946.76,Wallet,B2B
AMZ-1002015,2023-05-26,Shipped,Amazon,Amazon.in,TAMIL NADU,Home & Kitchen,Curtain Set 7ft,2,8261.81,UPI,B2C
AMZ-1002016,2023-05-27,Delivered,Amazon,Amazon.in,TELANGANA,Apparel,Denim Jacket,2,4062.85,Net Banking,B2C
AMZ-1002017,2023-05-16,Delivered,Amazon,Amazon.in,WEST BENGAL,Apparel,Denim Jacket,2,6952.67,Wallet,B2C
AMZ-1002018,2023-03-01,Delivered,Merchant,Amazon.in,WEST BENGAL,Apparel,Sports Shorts,2,2669.84,UPI,B2C
AMZ-1002019,2023-04-25,Shipped,Amazon,Amazon.in,MAHARASHTRA,Apparel,Denim Jacket,1,2150.84,UPI,B2C
AMZ-1002020,2023-03-19,Cancelled,Merchant,Amazon.in,MAHARASHTRA,Electronics,Laptop Backpack,2,78203.29,Card,B2C
AMZ-1002021,2023-05-13,Delivered,Merchant,Amazon.in,DELHI,Apparel,Polo T-Shirt,1,799.78,COD,B2C
AMZ-1002022,2023-06-24,Delivered,Amazon,Amazon.in,WEST BENGAL,Sports & Fitness,Football Size 5,3,19984.58,UPI,B2C
AMZ-1002023,2023-03-12,Cancelled,Merchant,Amazon.in,DELHI,Home & Kitchen,Storage Container Set,2,16201.26,Card,B2C
AMZ-1002024,2023-03-14,Delivered,Merchant,Amazon.in,UTTAR PRADESH,Sports & Fitness,Resistance Bands,1,2067.28,Card,B2C
AMZ-1002025,2023-06-09,Shipped,Amazon,Amazon.in,KARNATAKA,Electronics,Wireless Earbuds Pro,1,34467.2,Card,B2C
AMZ-1002026,2023-04-11,Delivered,Merchant,Amazon.in,KARNATAKA,Electronics,Smart Watch Series 5,1,2757.66,Card,B2C
AMZ-1002027,2023-06-17,Delivered,Merchant,Amazon.in,DELHI,Books,The Psychology of Money,1,989.51,UPI,B2C
AMZ-1002028,2023-04-07,Delivered,Merchant,Amazon.in,GUJARAT,Beauty,Perfume EDT 100ml,2,3144.78,UPI,B2C
AMZ-1002029,2023-06-05,Returned,Merchant,Amazon.in,MAHARASHTRA,Beauty,Sunscreen SPF 50,1,2283.43,Card,B2C
AMZ-1002030,2023-06-14,Delivered,Amazon,Amazon.in,RAJASTHAN,Electronics,Laptop Backpack,2,12298.8,Card,B2C
AMZ-1002031,2023-06-11,Delivered,Amazon,Amazon.in,TELANGANA,Books,The Psychology of Money,2,2077.48,COD,B2C
AMZ-1002032,2023-05-26,Delivered,Amazon,Amazon.in,TELANGANA,Apparel,Cotton T-Shirt Slim Fit,1,2901.22,Wallet,B2C
AMZ-1002033,2023-05-12,Delivered,Merchant,Amazon.in,PUNJAB,Electronics,HDMI Cable 2m,1,8166.32,Card,B2C
AMZ-1002034,2023-04-18,Delivered,Merchant,Amazon.in,MAHARASHTRA,Footwear,Formal Leather Shoes,3,7409.12,UPI,B2C
AMZ-1002035,2023-03-17,Returned,Merchant,Amazon.in,TAMIL NADU,Footwear,Formal Leather Shoes,1,2729.11,Card,B2C
AMZ-1002036,2023-05-25,Delivered,Amazon,Amazon.in,MAHARASHTRA,Beauty,Shampoo Anti-Dandruff,1,1224.09,UPI,B2C
AMZ-1002037,2023-05-19,Delivered,Merchant,Amazon.in,DELHI,Footwear,Formal Leather Shoes,1,4343.67,Card,B2C
AMZ-1002038,2023-03-31,Cancelled,Amazon,Amazon.in,UTTAR PRADESH,Electronics,Smart TV 43" 4K,2,55055.79,COD,B2C
AMZ-1002039,2023-04-22,Returned,Amazon,Amazon.in,WEST BENGAL,Home & Kitchen,Steel Water Bottle 1L,2,11241.87,UPI,B2C
AMZ-1002040,2023-03-24,Delivered,Amazon,Amazon.in,RAJASTHAN,Apparel,Sports Shorts,3,7861.85,Card,B2C
AMZ-1002041,2023-04-22,Delivered,Merchant,Amazon.in,TELANGANA,Electronics,Power Bank 20000mAh,1,2218.41,COD,B2C
AMZ-1002042,2023-05-15,Delivered,Amazon,Amazon.in,MAHARASHTRA,Apparel,Formal Shirt,1,1791.96,Card,B2C
AMZ-1002043,2023-05-14,Shipped,Merchant,Amazon.in,DELHI,Apparel,Polo T-Shirt,1,620.57,Card,B2C
AMZ-1002044,2023-06-01,Delivered,Amazon,Amazon.in,MAHARASHTRA,Electronics,Bluetooth Speaker,1,27572.45,Card,B2C
AMZ-1002045,2023-03-06,Delivered,Amazon,Amazon.in,GUJARAT,Apparel,Denim Jacket,1,3271.97,UPI,B2C
AMZ-1002046,2023-04-18,Delivered,Amazon,Amazon.in,TAMIL NADU,Apparel,Denim Jacket,2,3115.37,Net Banking,B2C
AMZ-1002047,2023-06-28,Delivered,Merchant,Amazon.in,TAMIL NADU,Electronics,HDMI Cable 2m,1,35501.36,UPI,B2C
AMZ-1002048,2023-06-08,Delivered,Amazon,Amazon.in,DELHI,Home & Kitchen,Vacuum Flask,1,4908.88,UPI,B2C
AMZ-1002049,2023-03-26,Delivered,Amazon,Amazon.in,RAJASTHAN,Beauty,Hair Dryer 1600W,1,1750.14,Wallet,B2C
AMZ-1002050,2023-03-29,Shipped,Amazon,Amazon.in,MAHARASHTRA,Sports & Fitness,Skipping Rope,2,7915.61,UPI,B2C
AMZ-1002051,2023-05-09,Delivered,Amazon,Amazon.in,TAMIL NADU,Sports & Fitness,Skipping Rope,1,1728.6,COD,B2C
AMZ-1002052,2023-03-05,Shipped,Merchant,Amazon.in,UTTAR PRADESH,Beauty,Perfume EDT 100ml,1,1060.67,Card,B2C
AMZ-1002053,2023-05-22,Cancelled,Amazon,Amazon.in,TELANGANA,Apparel,Leather Belt,3,8048.65,COD,B2C
AMZ-1002054,2023-03-09,Delivered,Amazon,Amazon.in,PUNJAB,Beauty,Hair Dryer 1600W,1,1422.43,Wallet,B2C
AMZ-1002055,2023-05-04,Delivered,Amazon,Amazon.in,UTTAR PRADESH,Sports & Fitness,Cricket Bat,2,1994.3,Net Banking,B2C
AMZ-1002056,2023-03-08,Delivered,Merchant,Amazon.in,MAHARASHTRA,Footwear,Running Shoes,1,5982.54,Net Banking,B2C
AMZ-1002057,2023-05-03,Delivered,Amazon,Amazon.in,WEST BENGAL,Apparel,Cotton T-Shirt Slim Fit,1,1155.46,Wallet,B2C
AMZ-1002058,2023-04-27,Delivered,Merchant,Amazon.in,DELHI,Books,Deep Work,1,396.19,UPI,B2C
AMZ-1002059,2023-04-28,Delivered,Merchant,Amazon.in,RAJASTHAN,Sports & Fitness,Yoga Mat 6mm,1,2002.29,Card,B2C
AMZ-1002060,2023-05-20,Cancelled,Merchant,Amazon.in,RAJASTHAN,Footwear,Loafers,2,8054.84,COD,B2C
AMZ-1002061,2023-03-09,Pending,Amazon,Amazon.in,MAHARASHTRA,Electronics,Power Bank 20000mAh,1,36857.85,Wallet,B2C
AMZ-1002062,2023-04-12,Delivered,Amazon,Amazon.in,GUJARAT,Apparel,Denim Jacket,1,3068.91,UPI,B2C
AMZ-1002063,2023-04-30,Delivered,Amazon,Amazon.in,UTTAR PRADESH,Apparel,Formal Shirt,1,2798.29,UPI,B2C
AMZ-1002064,2023-04-11,Delivered,Merchant,Amazon.in,PUNJAB,Footwear,Flip Flops,1,657.6,COD,B2C
AMZ-1002065,2023-05-22,Shipped,Merchant,Amazon.in,MAHARASHTRA,Footwear,Casual Sneakers,2,2386.53,Card,B2C
AMZ-1002066,2023-05-26,Pending,Amazon,Amazon.in,WEST BENGAL,Beauty,Beard Oil,2,479.38,UPI,B2C
AMZ-1002067,2023-05-19,Cancelled,Merchant,Amazon.in,RAJASTHAN,Apparel,Formal Shirt,1,692.4,COD,B2C
AMZ-1002068,2023-05-01,Shipped,Merchant,Amazon.in,KERALA,Home & Kitchen,LED Table Lamp,1,8480.45,Card,B2C
AMZ-1002069,2023-05-05,Delivered,Merchant,Amazon.in,MAHARASHTRA,Beauty,Vitamin C Face Serum,1,1350.65,COD,B2C
AMZ-1002070,2023-06-07,Delivered,Amazon,Amazon.in,MAHARASHTRA,Books,Ikigai,2,2307.06,Wallet,B2C
AMZ-1002071,2023-06-28,Delivered,Amazon,Amazon.in,MAHARASHTRA,Beauty,Beard Oil,1,874.52,COD,B2C
AMZ-1002072,2023-03-20,Delivered,Merchant,Amazon.in,DELHI,Apparel,Leather Belt,2,6809.39,UPI,B2C
AMZ-1002073,2023-05-11,Delivered,Merchant,Amazon.in,DELHI,Footwear,Running Shoes,2,8952.3,Card,B2C
AMZ-1002074,2023-03-22,Delivered,Amazon,Amazon.in,HARYANA,Electronics,HDMI Cable 2m,1,35762.32,Card,B2C
AMZ-1002075,2023-05-05,Delivered,Amazon,Amazon.in,TELANGANA,Apparel,Denim Jacket,1,2708.81,UPI,B2C
AMZ-1002076,2023-04-22,Cancelled,Amazon,Amazon.in,HARYANA,Apparel,Denim Jacket,2,1724.44,Wallet,B2C
AMZ-1002077,2023-03-25,Delivered,Merchant,Amazon.in,HARYANA,Books,Deep Work,1,321.43,COD,B2C
AMZ-1002078,2023-03-23,Delivered,Amazon,Amazon.in,KARNATAKA,Home & Kitchen,Bedsheet Double,1,7380.91,Card,B2C
AMZ-1002079,2023-05-08,Delivered,Amazon,Amazon.in,MAHARASHTRA,Beauty,Shampoo Anti-Dandruff,1,452.28,UPI,B2C
AMZ-1002080,2023-05-10,Delivered,Amazon,Amazon.in,WEST BENGAL,Sports & Fitness,Football Size 5,2,1122.03,Net Banking,B2C
AMZ-1002081,2023-05-16,Delivered,Amazon,Amazon.in,MAHARASHTRA,Electronics,Power Bank 20000mAh,1,1946.72,Card,B2C
AMZ-1002082,2023-04-23,Cancelled,Merchant,Amazon.in,RAJASTHAN,Beauty,Vitamin C Face Serum,1,670.07,COD,B2C
AMZ-1002083,2023-04-03,Delivered,Merchant,Amazon.in,TELANGANA,Electronics,HDMI Cable 2m,1,20348.43,Card,B2C
AMZ-1002084,2023-05-23,Delivered,Merchant,Amazon.in,RAJASTHAN,Apparel,Polo T-Shirt,2,1602.38,UPI,B2C
AMZ-1002085,2023-05-01,Delivered,Merchant,Amazon.in,TAMIL NADU,Apparel,Polo T-Shirt,1,3328.03,UPI,B2C
AMZ-1002086,2023-05-07,Delivered,Amazon,Amazon.in,DELHI,Beauty,Shampoo Anti-Dandruff,1,247.41,Net Banking,B2C
AMZ-1002087,2023-03-18,Delivered,Amazon,Amazon.in,KARNATAKA,Beauty,Face Wash Neem,3,3859.36,UPI,B2C
AMZ-1002088,2023-04-18,Delivered,Merchant,Amazon.in,KARNATAKA,Home & Kitchen,Non-Stick Cookware Set,1,1355.79,Wallet,B2C
AMZ-1002089,2023-04-05,Delivered,Amazon,Amazon.in,MAHARASHTRA,Home & Kitchen,Storage Container Set,1,3007.27,COD,B2C
AMZ-1002090,2023-04-27,Delivered,Merchant,Amazon.in,KERALA,Apparel,Polo T-Shirt,1,1358.09,UPI,B2C
AMZ-1002091,2023-03-12,Cancelled,Amazon,Amazon.in,MAHARASHTRA,Books,The Psychology of Money,1,571.31,COD,B2C
AMZ-1002092,2023-05-03,Delivered,Merchant,Amazon.in,MAHARASHTRA,Electronics,Smart TV 43" 4K,1,19026.53,COD,B2C
AMZ-1002093,2023-04-22,Delivered,Merchant,Amazon.in,UTTAR PRADESH,Apparel,Kurta Set,1,1632.97,UPI,B2C
AMZ-1002094,2023-03-05,Delivered,Amazon,Amazon.in,KARNATAKA,Beauty,Face Wash Neem,1,1261.23,UPI,B2C
AMZ-1002095,2023-04-29,Delivered,Amazon,Amazon.in,KERALA,Beauty,Beard Oil,1,1107.49,UPI,B2C
AMZ-1002096,2023-05-20,Shipped,Amazon,Amazon.in,UTTAR PRADESH,Footwear,Sports Sandals,2,9631.72,UPI,B2C
AMZ-1002097,2023-04-07,Delivered,Amazon,Amazon.in,MAHARASHTRA,Footwear,Casual Sneakers,1,2541.69,Card,B2C
AMZ-1002098,2023-03-25,Cancelled,Amazon,Amazon.in,UTTAR PRADESH,Sports & Fitness,Football Size 5,1,6877.74,COD,B2C
AMZ-1002099,2023-05-08,Returned,Amazon,Amazon.in,HARYANA,Beauty,Face Wash Neem,1,894.33,Wallet,B2C
AMZ-1002100,2023-05-10,Delivered,Merchant,Amazon.in,HARYANA,Home & Kitchen,Mixer Grinder 750W,1,2381.11,Card,B2C
AMZ-1002101,2023-05-11,Delivered,Amazon,Amazon.in,GUJARAT,Books,Atomic Habits,1,612.6,Wallet,B2B
AMZ-1002102,2023-06-23,Delivered,Amazon,Amazon.in,DELHI,Electronics,Laptop Backpack,2,34310.09,Card,B2C
AMZ-1002103,2023-06-23,Delivered,Amazon,Amazon.in,MAHARASHTRA,Books,The Psychology of Money,2,532.89,Card,B2C
AMZ-1002104,2023-04-27,Delivered,Amazon,Amazon.in,DELHI,Beauty,Lipstick Matte Set,1,533.2,UPI,B2C
AMZ-1002105,2023-06-03,Cancelled,Merchant,Amazon.in,RAJASTHAN,Books,Think and Grow Rich,2,1788.16,COD,B2C
AMZ-1002106,2023-05-24,Shipped,Merchant,Amazon.in,UTTAR PRADESH,Books,The Psychology of Money,3,1471.61,Card,B2C
AMZ-1002107,2023-04-11,Delivered,Amazon,Amazon.in,UTTAR PRADESH,Books,The Alchemist,1,204.86,UPI,B2C
AMZ-1002108,2023-06-26,Delivered,Amazon,Amazon.in,RAJASTHAN,Electronics,USB-C Fast Charger,2,43441.68,COD,B2C
AMZ-1002109,2023-04-20,Shipped,Merchant,Amazon.in,KARNATAKA,Apparel,Polo T-Shirt,1,473.48,COD,B2C
AMZ-1002110,2023-06-24,Delivered,Merchant,Amazon.in,UTTAR PRADESH,Beauty,Lipstick Matte Set,1,2222.72,UPI,B2C
AMZ-1002111,2023-05-14,Delivered,Amazon,Amazon.in,GUJARAT,Footwear,Casual Sneakers,1,537.31,Wallet,B2C
AMZ-1002112,2023-05-07,Delivered,Amazon,Amazon.in,MAHARASHTRA,Footwear,Flip Flops,2,9666.55,COD,B2C
AMZ-1002113,2023-04-13,Cancelled,Amazon,Amazon.in,MAHARASHTRA,Sports & Fitness,Yoga Mat 6mm,1,3409.02,Card,B2C
AMZ-1002114,2023-06-23,Returned,Amazon,Amazon.in,MAHARASHTRA,Footwear,Loafers,1,2031.97,Card,B2C
AMZ-1002115,2023-05-05,Delivered,Amazon,Amazon.in,UTTAR PRADESH,Beauty,Face Wash Neem,2,1344.8,UPI,B2C
AMZ-1002116,2023-06-15,Delivered,Amazon,Amazon.in,BIHAR,Home & Kitchen,Storage Container Set,1,8439.79,UPI,B2C
AMZ-1002117,2023-05-06,Delivered,Merchant,Amazon.in,GUJARAT,Apparel,Polo T-Shirt,1,1239.69,Card,B2C
AMZ-1002118,2023-05-28,Shipped,Amazon,Amazon.in,TAMIL NADU,Electronics,Smart Watch Series 5,2,49056.05,Net Banking,B2C
AMZ-1002119,2023-03-07,Cancelled,Amazon,Amazon.in,TAMIL NADU,Electronics,Laptop Backpack,1,5668.53,COD,B2C
AMZ-1002120,2023-03-21,Delivered,Amazon,Amazon.in,DELHI,Home & Kitchen,Non-Stick Cookware Set,1,5228.57,Card,B2C
AMZ-1002121,2023-05-10,Delivered,Amazon,Amazon.in,MAHARASHTRA,Books,Think and Grow Rich,1,414.85,UPI,B2C
AMZ-1002122,2023-03-20,Delivered,Merchant,Amazon.in,UTTAR PRADESH,Footwear,Running Shoes,1,1181.44,Card,B2C
AMZ-1002123,2023-03-05,Cancelled,Amazon,Amazon.in,KERALA,Electronics,Wireless Earbuds Pro,1,15313.18,COD,B2C
AMZ-1002124,2023-03-08,Cancelled,Merchant,Amazon.in,TAMIL NADU,Footwear,Running Shoes,2,10198.48,COD,B2C
AMZ-1002125,2023-06-20,Delivered,Merchant,Amazon.in,DELHI,Apparel,Kurta Set,2,3912.16,Card,B2C
AMZ-1002126,2023-04-01,Delivered,Amazon,Amazon.in,GUJARAT,Beauty,Beard Oil,1,993.4,Card,B2C
AMZ-1002127,2023-03-31,Delivered,Amazon,Amazon.in,TAMIL NADU,Home & Kitchen,Bedsheet Double,1,3702.86,COD,B2C
AMZ-1002128,2023-03-20,Delivered,Amazon,Amazon.in,MAHARASHTRA,Sports & Fitness,Cricket Bat,3,2190.37,COD,B2C
AMZ-1002129,2023-04-14,Delivered,Merchant,Amazon.in,RAJASTHAN,Apparel,Kurta Set,1,3352.26,Wallet,B2C
AMZ-1002130,2023-04-06,Delivered,Merchant,Amazon.in,TELANGANA,Apparel,Denim Jacket,1,1337.5,Card,B2C
AMZ-1002131,2023-03-09,Delivered,Amazon,Amazon.in,UTTAR PRADESH,Electronics,Bluetooth Speaker,1,10744.46,COD,B2C
AMZ-1002132,2023-04-15,Delivered,Amazon,Amazon.in,MADHYA PRADESH,Apparel,Winter Sweatshirt,2,4644.39,COD,B2C
AMZ-1002133,2023-04-22,Delivered,Amazon,Amazon.in,TELANGANA,Electronics,HDMI Cable 2m,1,24763.39,Card,B2C
AMZ-1002134,2023-05-01,Delivered,Amazon,Amazon.in,MADHYA PRADESH,Apparel,Kurta Set,1,1690.57,UPI,B2C
AMZ-1002135,2023-05-23,Shipped,Amazon,Amazon.in,TAMIL NADU,Books,Deep Work,1,1185.22,Wallet,B2C
AMZ-1002136,2023-06-20,Delivered,Amazon,Amazon.in,KARNATAKA,Electronics,Bluetooth Speaker,1,41487.59,UPI,B2C
AMZ-1002137,2023-04-08,Delivered,Merchant,Amazon.in,KERALA,Home & Kitchen,LED Table Lamp,1,1096.99,UPI,B2C
AMZ-1002138,2023-05-07,Delivered,Amazon,Amazon.in,KERALA,Beauty,Hair Dryer 1600W,1,589.91,UPI,B2C
AMZ-1002139,2023-03-15,Delivered,Amazon,Amazon.in,BIHAR,Apparel,Cotton T-Shirt Slim Fit,2,1630.93,Card,B2C
AMZ-1002140,2023-05-01,Delivered,Amazon,Amazon.in,MAHARASHTRA,Apparel,Formal Shirt,1,509.46,UPI,B2C
AMZ-1002141,2023-06-12,Delivered,Amazon,Amazon.in,DELHI,Beauty,Shampoo Anti-Dandruff,1,1003.34,Card,B2C
AMZ-1002142,2023-06-13,Shipped,Amazon,Amazon.in,RAJASTHAN,Books,Sapiens,1,1016.09,UPI,B2C
AMZ-1002143,2023-03-03,Delivered,Amazon,Amazon.in,TELANGANA,Sports & Fitness,Foam Roller,2,2843.77,COD,B2C
AMZ-1002144,2023-06-21,Returned,Merchant,Amazon.in,RAJASTHAN,Beauty,Sunscreen SPF 50,2,4537.84,Net Banking,B2C
AMZ-1002145,2023-05-19,Shipped,Merchant,Amazon.in,KARNATAKA,Sports & Fitness,Yoga Mat 6mm,1,605.17,COD,B2C
AMZ-1002146,2023-05-14,Delivered,Merchant,Amazon.in,KARNATAKA,Apparel,Winter Sweatshirt,1,1103.05,Card,B2C
AMZ-1002147,2023-03-15,Delivered,Amazon,Amazon.in,KARNATAKA,Footwear,Running Shoes,2,11670.58,COD,B2C
AMZ-1002148,2023-04-23,Delivered,Amazon,Amazon.in,RAJASTHAN,Books,Atomic Habits,1,578.53,COD,B2C
AMZ-1002149,2023-05-02,Delivered,Amazon,Amazon.in,KARNATAKA,Footwear,Flip Flops,2,7921.72,Card,B2C
AMZ-1002150,2023-05-19,Shipped,Amazon,Amazon.in,MAHARASHTRA,Apparel,Kurta Set,2,4308.42,Card,B2C
AMZ-1002151,2023-04-15,Shipped,Amazon,Amazon.in,DELHI,Apparel,Kurta Set,1,1323.91,Wallet,B2C
AMZ-1002152,2023-05-14,Delivered,Amazon,Amazon.in,MADHYA PRADESH,Beauty,Face Wash Neem,1,2351.87,Wallet,B2C
AMZ-1002153,2023-05-08,Delivered,Amazon,Amazon.in,RAJASTHAN,Electronics,Smart Watch Series 5,2,13419.72,Wallet,B2C
AMZ-1002154,2023-03-27,Delivered,Merchant,Amazon.in,KARNATAKA,Apparel,Polo T-Shirt,1,1794.56,Card,B2C
AMZ-1002155,2023-06-25,Delivered,Amazon,Amazon.in,MAHARASHTRA,Home & Kitchen,Mixer Grinder 750W,1,1471.28,UPI,B2C
AMZ-1002156,2023-04-09,Delivered,Merchant,Amazon.in,HARYANA,Sports & Fitness,Skipping Rope,1,4196.21,Card,B2C
AMZ-1002157,2023-04-14,Delivered,Amazon,Amazon.in,MAHARASHTRA,Electronics,Power Bank 20000mAh,1,32032.26,UPI,B2C
AMZ-1002158,2023-03-26,Delivered,Amazon,Amazon.in,MAHARASHTRA,Apparel,Formal Shirt,1,3324.85,UPI,B2C
AMZ-1002159,2023-05-15,Shipped,Amazon,Amazon.in,UTTAR PRADESH,Apparel,Formal Shirt,2,3381.26,UPI,B2C
AMZ-1002160,2023-05-05,Delivered,Merchant,Amazon.in,KERALA,Apparel,Winter Sweatshirt,1,1071.41,UPI,B2C
AMZ-1002161,2023-03-15,Delivered,Amazon,Amazon.in,WEST BENGAL,Electronics,Wireless Earbuds Pro,2,49871.45,Card,B2C
AMZ-1002162,2023-06-07,Delivered,Amazon,Amazon.in,WEST BENGAL,Footwear,Running Shoes,1,5835.39,Card,B2C
AMZ-1002163,2023-06-16,Delivered,Amazon,Amazon.in,TELANGANA,Home & Kitchen,LED Table Lamp,1,4649.09,COD,B2C
AMZ-1002164,2023-03-11,Delivered,Merchant,Amazon.in,DELHI,Beauty,Beard Oil,2,2444.73,Net Banking,B2C
AMZ-1002165,2023-06-23,Delivered,Amazon,Amazon.in,TELANGANA,Apparel,Kurta Set,1,2883.99,Net Banking,B2C
AMZ-1002166,2023-06-04,Delivered,Merchant,Amazon.in,GUJARAT,Apparel,Leather Belt,1,2652.57,Card,B2C
AMZ-1002167,2023-06-09,Delivered,Amazon,Amazon.in,GUJARAT,Home & Kitchen,Storage Container Set,2,5661.68,Card,B2C
AMZ-1002168,2023-05-17,Shipped,Amazon,Amazon.in,TELANGANA,Beauty,Perfume EDT 100ml,1,843.07,UPI,B2C
AMZ-1002169,2023-03-17,Delivered,Amazon,Amazon.in,UTTAR PRADESH,Apparel,Sports Shorts,1,539.61,UPI,B2C
AMZ-1002170,2023-04-02,Shipped,Amazon,Amazon.in,TELANGANA,Footwear,Formal Leather Shoes,1,5802.73,Card,B2C
AMZ-1002171,2023-05-24,Delivered,Amazon,Amazon.in,DELHI,Home & Kitchen,Bedsheet Double,1,7894.06,Card,B2C
AMZ-1002172,2023-05-04,Delivered,Amazon,Amazon.in,UTTAR PRADESH,Apparel,Formal Shirt,1,1254.08,Card,B2C
AMZ-1002173,2023-05-06,Delivered,Amazon,Amazon.in,UTTAR PRADESH,Electronics,HDMI Cable 2m,1,26779.65,UPI,B2C
AMZ-1002174,2023-06-22,Delivered,Merchant,Amazon.in,HARYANA,Sports & Fitness,Badminton Racket,1,3192.99,COD,B2C
AMZ-1002175,2023-05-10,Delivered,Amazon,Amazon.in,KARNATAKA,Electronics,HDMI Cable 2m,1,11848.89,Card,B2C
AMZ-1002176,2023-05-01,Delivered,Amazon,Amazon.in,TELANGANA,Footwear,Canvas Shoes,1,3320.61,Wallet,B2C
AMZ-1002177,2023-04-28,Delivered,Amazon,Amazon.in,TAMIL NADU,Electronics,Laptop Backpack,3,9639.99,COD,B2C
AMZ-1002178,2023-04-17,Delivered,Merchant,Amazon.in,KERALA,Apparel,Denim Jacket,1,1172.95,UPI,B2C
AMZ-1002179,2023-03-02,Delivered,Amazon,Amazon.in,KARNATAKA,Home & Kitchen,Curtain Set 7ft,3,24552.28,Net Banking,B2C
AMZ-1002180,2023-04-28,Delivered,Merchant,Amazon.in,UTTAR PRADESH,Footwear,Sports Sandals,2,5522.79,UPI,B2C
AMZ-1002181,2023-06-22,Delivered,Amazon,Amazon.in,KARNATAKA,Apparel,Winter Sweatshirt,1,2329.08,COD,B2C
AMZ-1002182,2023-06-16,Delivered,Amazon,Amazon.in,MAHARASHTRA,Beauty,Lipstick Matte Set,1,2400.36,Card,B2C
AMZ-1002183,2023-06-22,Delivered,Merchant,Amazon.in,KARNATAKA,Electronics,Smart Watch Series 5,2,44295.38,Wallet,B2C
AMZ-1002184,2023-03-03,Pending,Amazon,Amazon.in,WEST BENGAL,Beauty,Sunscreen SPF 50,3,4513.27,COD,B2C
AMZ-1002185,2023-03-17,Delivered,Merchant,Amazon.in,TAMIL NADU,Electronics,Bluetooth Speaker,1,39239.84,Net Banking,B2C
AMZ-1002186,2023-04-04,Delivered,Amazon,Amazon.in,BIHAR,Books,Deep Work,1,818.39,Card,B2C
AMZ-1002187,2023-05-14,Pending,Amazon,Amazon.in,MAHARASHTRA,Home & Kitchen,LED Table Lamp,1,5806.96,Net Banking,B2C
AMZ-1002188,2023-05-17,Delivered,Merchant,Amazon.in,WEST BENGAL,Beauty,Hair Dryer 1600W,1,554.3,UPI,B2C
AMZ-1002189,2023-05-11,Delivered,Amazon,Amazon.in,TAMIL NADU,Electronics,Laptop Backpack,1,44578.02,Card,B2C
AMZ-1002190,2023-05-09,Returned,Amazon,Amazon.in,MAHARASHTRA,Beauty,Sunscreen SPF 50,1,1544.45,COD,B2C
AMZ-1002191,2023-05-17,Delivered,Merchant,Amazon.in,TELANGANA,Footwear,Canvas Shoes,1,4592.37,COD,B2C
AMZ-1002192,2023-06-26,Delivered,Merchant,Amazon.in,UTTAR PRADESH,Electronics,Bluetooth Speaker,1,16053.87,Card,B2C
AMZ-1002193,2023-05-28,Delivered,Amazon,Amazon.in,BIHAR,Apparel,Leather Belt,1,702.8,Card,B2C
AMZ-1002194,2023-06-20,Delivered,Amazon,Amazon.in,KARNATAKA,Home & Kitchen,Vacuum Flask,1,7755.88,Wallet,B2C
AMZ-1002195,2023-06-04,Delivered,Amazon,Amazon.in,HARYANA,Electronics,Laptop Backpack,2,62823.22,Card,B2C
AMZ-1002196,2023-04-07,Returned,Merchant,Amazon.in,KARNATAKA,Footwear,Trail Hiking Boots,1,2909.54,Card,B2C
AMZ-1002197,2023-05-13,Delivered,Amazon,Amazon.in,UTTAR PRADESH,Apparel,Leather Belt,1,1839.61,Card,B2C
AMZ-1002198,2023-05-06,Shipped,Amazon,Amazon.in,KARNATAKA,Electronics,Smart TV 43" 4K,1,24248.71,UPI,B2C
AMZ-1002199,2023-05-07,Delivered,Amazon,Amazon.in,BIHAR,Apparel,Kurta Set,1,1253.34,UPI,B2C
AMZ-1002200,2023-05-08,Cancelled,Merchant,Amazon.in,DELHI,Books,Rich Dad Poor Dad,1,446.07,COD,B2C
AMZ-1002201,2023-03-28,Delivered,Merchant,Amazon.in,TAMIL NADU,Electronics,Bluetooth Speaker,1,9542.64,COD,B2C
AMZ-1002202,2023-04-03,Delivered,Amazon,Amazon.in,TAMIL NADU,Beauty,Shampoo Anti-Dandruff,1,504.39,COD,B2C
AMZ-1002203,2023-05-01,Delivered,Merchant,Amazon.in,HARYANA,Home & Kitchen,Curtain Set 7ft,2,11910.07,Card,B2C
AMZ-1002204,2023-05-20,Delivered,Merchant,Amazon.in,KARNATAKA,Electronics,Wireless Earbuds Pro,2,88892.87,UPI,B2C
AMZ-1002205,2023-05-25,Delivered,Amazon,Amazon.in,UTTAR PRADESH,Books,Sapiens,2,387.57,COD,B2C
AMZ-1002206,2023-03-07,Delivered,Amazon,Amazon.in,RAJASTHAN,Books,Sapiens,1,1187,UPI,B2C
AMZ-1002207,2023-06-17,Delivered,Amazon,Amazon.in,WEST BENGAL,Sports & Fitness,Badminton Racket,1,6227.79,Card,B2C
AMZ-1002208,2023-04-15,Delivered,Merchant,Amazon.in,GUJARAT,Beauty,Sunscreen SPF 50,1,1401.69,Card,B2C
AMZ-1002209,2023-03-04,Shipped,Amazon,Amazon.in,GUJARAT,Beauty,Sunscreen SPF 50,1,1504.51,UPI,B2C
AMZ-1002210,2023-04-09,Shipped,Amazon,Amazon.in,TELANGANA,Electronics,Smart TV 43" 4K,2,62712.85,Card,B2B
AMZ-1002211,2023-06-11,Delivered,Amazon,Amazon.in,MAHARASHTRA,Electronics,Power Bank 20000mAh,1,40758.86,Card,B2C
AMZ-1002212,2023-06-20,Delivered,Amazon,Amazon.in,DELHI,Electronics,Wireless Earbuds Pro,2,20535.97,UPI,B2C
AMZ-1002213,2023-04-21,Delivered,Amazon,Amazon.in,MAHARASHTRA,Apparel,Formal Shirt,2,6866.36,Card,B2C
AMZ-1002214,2023-03-13,Delivered,Amazon,Amazon.in,RAJASTHAN,Books,Sapiens,2,2288.38,UPI,B2C
AMZ-1002215,2023-03-30,Delivered,Amazon,Amazon.in,DELHI,Sports & Fitness,Football Size 5,1,4326.75,UPI,B2C
AMZ-1002216,2023-05-15,Delivered,Merchant,Amazon.in,GUJARAT,Apparel,Kurta Set,2,2092.17,Card,B2C
AMZ-1002217,2023-03-13,Shipped,Merchant,Amazon.in,TAMIL NADU,Home & Kitchen,Curtain Set 7ft,1,10246.49,Wallet,B2C
AMZ-1002218,2023-06-11,Delivered,Amazon,Amazon.in,WEST BENGAL,Books,Think and Grow Rich,1,287.35,Net Banking,B2C
AMZ-1002219,2023-05-03,Delivered,Amazon,Amazon.in,WEST BENGAL,Books,The Psychology of Money,1,505.65,Card,B2C
AMZ-1002220,2023-05-18,Delivered,Amazon,Amazon.in,TAMIL NADU,Footwear,Canvas Shoes,1,1252.44,UPI,B2C
AMZ-1002221,2023-04-25,Delivered,Amazon,Amazon.in,WEST BENGAL,Apparel,Winter Sweatshirt,3,5096.92,UPI,B2C
AMZ-1002222,2023-05-23,Delivered,Amazon,Amazon.in,TAMIL NADU,Electronics,Bluetooth Speaker,1,22006.63,UPI,B2C
AMZ-1002223,2023-04-26,Delivered,Amazon,Amazon.in,UTTAR PRADESH,Electronics,Smart TV 43" 4K,1,12179.91,Net Banking,B2C
AMZ-1002224,2023-04-12,Delivered,Merchant,Amazon.in,DELHI,Home & Kitchen,Bedsheet Double,2,7122.06,COD,B2C
AMZ-1002225,2023-04-30,Delivered,Amazon,Amazon.in,TELANGANA,Beauty,Lipstick Matte Set,1,1662.22,UPI,B2C
AMZ-1002226,2023-05-06,Shipped,Merchant,Amazon.in,KARNATAKA,Apparel,Leather Belt,1,1634.38,Card,B2C
AMZ-1002227,2023-04-21,Delivered,Merchant,Amazon.in,DELHI,Electronics,USB-C Fast Charger,1,44981.1,Card,B2C
AMZ-1002228,2023-06-19,Delivered,Amazon,Amazon.in,GUJARAT,Apparel,Formal Shirt,1,2206.65,Card,B2C
AMZ-1002229,2023-04-19,Delivered,Merchant,Amazon.in,TAMIL NADU,Footwear,Casual Sneakers,1,5691,Card,B2C
AMZ-1002230,2023-04-13,Delivered,Amazon,Amazon.in,MAHARASHTRA,Electronics,HDMI Cable 2m,1,18073.52,UPI,B2C
AMZ-1002231,2023-06-20,Delivered,Amazon,Amazon.in,MAHARASHTRA,Electronics,HDMI Cable 2m,1,36647.83,UPI,B2C
AMZ-1002232,2023-04-10,Shipped,Amazon,Amazon.in,MAHARASHTRA,Electronics,USB-C Fast Charger,1,11924.71,UPI,B2C
AMZ-1002233,2023-04-09,Delivered,Amazon,Amazon.in,TELANGANA,Apparel,Formal Shirt,2,5474.68,Card,B2C
AMZ-1002234,2023-04-02,Delivered,Amazon,Amazon.in,UTTAR PRADESH,Electronics,Wireless Earbuds Pro,1,21516.27,UPI,B2C
AMZ-1002235,2023-05-16,Returned,Amazon,Amazon.in,HARYANA,Sports & Fitness,Badminton Racket,1,4021.83,UPI,B2C
AMZ-1002236,2023-03-15,Returned,Merchant,Amazon.in,MADHYA PRADESH,Apparel,Formal Shirt,1,1214.58,UPI,B2C
AMZ-1002237,2023-05-06,Delivered,Amazon,Amazon.in,WEST BENGAL,Electronics,USB-C Fast Charger,1,40306.52,COD,B2C
AMZ-1002238,2023-05-13,Delivered,Amazon,Amazon.in,MAHARASHTRA,Footwear,Canvas Shoes,2,6694.96,Wallet,B2C
AMZ-1002239,2023-03-27,Delivered,Amazon,Amazon.in,DELHI,Books,Atomic Habits,1,483.43,Card,B2C
AMZ-1002240,2023-03-23,Delivered,Merchant,Amazon.in,PUNJAB,Apparel,Denim Jacket,2,1713.43,Card,B2C
AMZ-1002241,2023-05-05,Delivered,Merchant,Amazon.in,UTTAR PRADESH,Sports & Fitness,Football Size 5,1,3551.41,COD,B2C
AMZ-1002242,2023-03-28,Delivered,Amazon,Amazon.in,TELANGANA,Sports & Fitness,Resistance Bands,1,1414.6,Wallet,B2C
AMZ-1002243,2023-05-13,Delivered,Amazon,Amazon.in,TAMIL NADU,Home & Kitchen,Curtain Set 7ft,1,7982.64,Wallet,B2C
AMZ-1002244,2023-04-25,Delivered,Amazon,Amazon.in,KARNATAKA,Home & Kitchen,Bedsheet Double,2,17219.03,Wallet,B2C
AMZ-1002245,2023-05-01,Delivered,Amazon,Amazon.in,TAMIL NADU,Apparel,Leather Belt,2,1999.81,Wallet,B2B
AMZ-1002246,2023-03-04,Shipped,Amazon,Amazon.in,GUJARAT,Apparel,Denim Jacket,1,1767.77,UPI,B2B
AMZ-1002247,2023-06-27,Delivered,Amazon,Amazon.in,TAMIL NADU,Home & Kitchen,Steel Water Bottle 1L,1,5313.13,COD,B2C
AMZ-1002248,2023-04-05,Shipped,Amazon,Amazon.in,WEST BENGAL,Electronics,HDMI Cable 2m,2,36814.97,Net Banking,B2C
AMZ-1002249,2023-06-07,Delivered,Amazon,Amazon.in,TAMIL NADU,Electronics,Smart TV 43" 4K,1,26028.88,UPI,B2C
AMZ-1002250,2023-06-09,Shipped,Merchant,Amazon.in,BIHAR,Apparel,Winter Sweatshirt,1,3446.96,Net Banking,B2C
AMZ-1002251,2023-04-08,Returned,Amazon,Amazon.in,MAHARASHTRA,Home & Kitchen,Steel Water Bottle 1L,1,9226.09,Card,B2B
AMZ-1002252,2023-06-14,Delivered,Amazon,Amazon.in,HARYANA,Footwear,Casual Sneakers,2,11747.19,COD,B2C
AMZ-1002253,2023-04-28,Pending,Merchant,Amazon.in,TAMIL NADU,Books,The Alchemist,2,2030.95,Card,B2C
AMZ-1002254,2023-06-22,Delivered,Merchant,Amazon.in,DELHI,Books,Think and Grow Rich,1,509.85,Card,B2C
AMZ-1002255,2023-05-10,Cancelled,Amazon,Amazon.in,DELHI,Electronics,USB-C Fast Charger,1,13409.66,COD,B2C
AMZ-1002256,2023-05-30,Delivered,Amazon,Amazon.in,PUNJAB,Electronics,Smart TV 43" 4K,1,39285.34,UPI,B2C
AMZ-1002257,2023-03-11,Delivered,Merchant,Amazon.in,MAHARASHTRA,Beauty,Beard Oil,1,1067.27,UPI,B2C
AMZ-1002258,2023-06-19,Delivered,Amazon,Amazon.in,KARNATAKA,Electronics,Wireless Earbuds Pro,1,19274.32,UPI,B2C
AMZ-1002259,2023-03-16,Cancelled,Amazon,Amazon.in,TAMIL NADU,Home & Kitchen,Mixer Grinder 750W,1,10869.24,COD,B2C
AMZ-1002260,2023-04-12,Shipped,Merchant,Amazon.in,DELHI,Home & Kitchen,LED Table Lamp,1,8251.01,Wallet,B2C
AMZ-1002261,2023-04-14,Delivered,Merchant,Amazon.in,KARNATAKA,Electronics,Wireless Earbuds Pro,2,20601.68,COD,B2C
AMZ-1002262,2023-04-14,Delivered,Amazon,Amazon.in,BIHAR,Electronics,Power Bank 20000mAh,2,88528,Card,B2C
AMZ-1002263,2023-05-29,Delivered,Merchant,Amazon.in,GUJARAT,Home & Kitchen,Non-Stick Cookware Set,1,2244.24,Wallet,B2C
AMZ-1002264,2023-05-15,Delivered,Merchant,Amazon.in,KARNATAKA,Sports & Fitness,Dumbbell Set 10kg,1,5019.61,UPI,B2C
AMZ-1002265,2023-04-17,Delivered,Merchant,Amazon.in,MAHARASHTRA,Apparel,Winter Sweatshirt,1,2554.3,COD,B2C
AMZ-1002266,2023-05-04,Delivered,Amazon,Amazon.in,UTTAR PRADESH,Beauty,Vitamin C Face Serum,2,4306.26,UPI,B2C
AMZ-1002267,2023-04-06,Pending,Amazon,Amazon.in,HARYANA,Books,Atomic Habits,1,1182.64,UPI,B2C
AMZ-1002268,2023-04-29,Delivered,Amazon,Amazon.in,GUJARAT,Apparel,Sports Shorts,1,1298.87,Card,B2C
AMZ-1002269,2023-04-29,Delivered,Amazon,Amazon.in,KARNATAKA,Footwear,Trail Hiking Boots,1,853.78,UPI,B2C
AMZ-1002270,2023-05-28,Delivered,Merchant,Amazon.in,KARNATAKA,Apparel,Denim Jacket,1,781.64,UPI,B2C
AMZ-1002271,2023-04-07,Delivered,Amazon,Amazon.in,DELHI,Books,Atomic Habits,1,753.13,Card,B2C
AMZ-1002272,2023-06-23,Delivered,Amazon,Amazon.in,TAMIL NADU,Apparel,Sports Shorts,1,755.21,UPI,B2C
AMZ-1002273,2023-05-04,Delivered,Amazon,Amazon.in,UTTAR PRADESH,Apparel,Leather Belt,2,6737.14,UPI,B2C
AMZ-1002274,2023-05-17,Delivered,Merchant,Amazon.in,DELHI,Apparel,Formal Shirt,1,2411.89,UPI,B2C
AMZ-1002275,2023-03-12,Delivered,Amazon,Amazon.in,DELHI,Beauty,Sunscreen SPF 50,1,505.87,Wallet,B2C
AMZ-1002276,2023-04-22,Cancelled,Merchant,Amazon.in,KARNATAKA,Home & Kitchen,LED Table Lamp,2,3041.92,COD,B2C
AMZ-1002277,2023-06-23,Delivered,Merchant,Amazon.in,TAMIL NADU,Beauty,Vitamin C Face Serum,2,4943.73,UPI,B2C
AMZ-1002278,2023-03-20,Shipped,Merchant,Amazon.in,MAHARASHTRA,Electronics,HDMI Cable 2m,1,3679.66,Card,B2C
AMZ-1002279,2023-05-02,Delivered,Amazon,Amazon.in,WEST BENGAL,Electronics,Power Bank 20000mAh,1,44046.64,UPI,B2C
AMZ-1002280,2023-06-04,Delivered,Amazon,Amazon.in,UTTAR PRADESH,Electronics,HDMI Cable 2m,2,79639.16,UPI,B2C
AMZ-1002281,2023-04-29,Shipped,Amazon,Amazon.in,KARNATAKA,Home & Kitchen,Curtain Set 7ft,1,2459.08,COD,B2C
AMZ-1002282,2023-05-20,Delivered,Merchant,Amazon.in,KERALA,Beauty,Lipstick Matte Set,2,3053.62,Net Banking,B2C
AMZ-1002283,2023-03-20,Delivered,Amazon,Amazon.in,UTTAR PRADESH,Home & Kitchen,Bedsheet Double,2,3734.64,UPI,B2C
AMZ-1002284,2023-04-22,Cancelled,Amazon,Amazon.in,TAMIL NADU,Electronics,Bluetooth Speaker,1,25257.47,COD,B2C
AMZ-1002285,2023-05-04,Delivered,Amazon,Amazon.in,RAJASTHAN,Home & Kitchen,Steel Water Bottle 1L,1,6646.32,Net Banking,B2C
AMZ-1002286,2023-06-21,Delivered,Amazon,Amazon.in,MADHYA PRADESH,Electronics,HDMI Cable 2m,2,13252.19,Card,B2C
AMZ-1002287,2023-05-09,Delivered,Amazon,Amazon.in,TAMIL NADU,Home & Kitchen,Curtain Set 7ft,1,1229.42,COD,B2C
AMZ-1002288,2023-03-05,Delivered,Amazon,Amazon.in,DELHI,Sports & Fitness,Dumbbell Set 10kg,1,7986,Card,B2C
AMZ-1002289,2023-04-04,Delivered,Merchant,Amazon.in,TAMIL NADU,Books,The Psychology of Money,1,352.08,UPI,B2C
AMZ-1002290,2023-05-30,Delivered,Amazon,Amazon.in,UTTAR PRADESH,Books,Atomic Habits,2,2091.12,UPI,B2C
AMZ-1002291,2023-05-20,Delivered,Amazon,Amazon.in,PUNJAB,Electronics,Wireless Earbuds Pro,2,38874.18,Card,B2C
AMZ-1002292,2023-04-10,Returned,Amazon,Amazon.in,HARYANA,Sports & Fitness,Skipping Rope,1,1989.03,Card,B2C
AMZ-1002293,2023-03-22,Delivered,Amazon,Amazon.in,KARNATAKA,Footwear,Formal Leather Shoes,1,3714.87,Card,B2C
AMZ-1002294,2023-05-07,Delivered,Amazon,Amazon.in,MAHARASHTRA,Apparel,Denim Jacket,1,1745.9,UPI,B2C
AMZ-1002295,2023-06-12,Shipped,Amazon,Amazon.in,KARNATAKA,Electronics,HDMI Cable 2m,1,13260.02,UPI,B2C
AMZ-1002296,2023-03-26,Delivered,Merchant,Amazon.in,WEST BENGAL,Beauty,Sunscreen SPF 50,2,2913.45,UPI,B2C
AMZ-1002297,2023-04-06,Delivered,Amazon,Amazon.in,KARNATAKA,Electronics,Smart TV 43" 4K,2,63182.75,Card,B2C
AMZ-1002298,2023-06-03,Delivered,Amazon,Amazon.in,TELANGANA,Sports & Fitness,Dumbbell Set 10kg,1,4774.21,Card,B2C
AMZ-1002299,2023-04-10,Returned,Amazon,Amazon.in,KARNATAKA,Home & Kitchen,LED Table Lamp,1,8882.67,Net Banking,B2C
AMZ-1002300,2023-03-30,Shipped,Amazon,Amazon.in,RAJASTHAN,Beauty,Beard Oil,1,257.01,COD,B2C
AMZ-1002301,2023-04-14,Delivered,Amazon,Amazon.in,MAHARASHTRA,Apparel,Denim Jacket,1,3006.47,COD,B2C
AMZ-1002302,2023-03-23,Delivered,Amazon,Amazon.in,KERALA,Home & Kitchen,Bedsheet Double,2,20505.48,UPI,B2C
AMZ-1002303,2023-05-27,Delivered,Amazon,Amazon.in,UTTAR PRADESH,Home & Kitchen,Vacuum Flask,3,17650.85,Wallet,B2C
AMZ-1002304,2023-03-11,Delivered,Merchant,Amazon.in,MAHARASHTRA,Electronics,Power Bank 20000mAh,2,17962.19,Card,B2C
AMZ-1002305,2023-04-04,Delivered,Amazon,Amazon.in,RAJASTHAN,Footwear,Flip Flops,2,8153.48,UPI,B2B
AMZ-1002306,2023-03-27,Delivered,Amazon,Amazon.in,WEST BENGAL,Footwear,Sports Sandals,1,4634.07,Card,B2C
AMZ-1002307,2023-04-16,Delivered,Merchant,Amazon.in,TAMIL NADU,Books,Sapiens,1,408.54,Net Banking,B2C
AMZ-1002308,2023-06-06,Delivered,Merchant,Amazon.in,KARNATAKA,Electronics,Bluetooth Speaker,1,25074.78,Card,B2C
AMZ-1002309,2023-05-18,Delivered,Merchant,Amazon.in,MAHARASHTRA,Electronics,Laptop Backpack,1,32023.64,Wallet,B2C
AMZ-1002310,2023-06-06,Delivered,Amazon,Amazon.in,TAMIL NADU,Beauty,Lipstick Matte Set,1,1812.04,Net Banking,B2C
AMZ-1002311,2023-03-04,Pending,Amazon,Amazon.in,MAHARASHTRA,Electronics,USB-C Fast Charger,2,77884.07,COD,B2C
AMZ-1002312,2023-03-10,Delivered,Amazon,Amazon.in,MAHARASHTRA,Books,The Psychology of Money,1,353.25,UPI,B2C
AMZ-1002313,2023-05-30,Delivered,Amazon,Amazon.in,KARNATAKA,Home & Kitchen,Non-Stick Cookware Set,2,8511.05,UPI,B2C
AMZ-1002314,2023-03-22,Delivered,Merchant,Amazon.in,HARYANA,Apparel,Winter Sweatshirt,1,1248.11,UPI,B2C
AMZ-1002315,2023-05-08,Delivered,Amazon,Amazon.in,KARNATAKA,Apparel,Sports Shorts,1,2552.3,COD,B2C
AMZ-1002316,2023-06-05,Shipped,Amazon,Amazon.in,DELHI,Home & Kitchen,Curtain Set 7ft,1,2933,Card,B2C
AMZ-1002317,2023-06-02,Delivered,Amazon,Amazon.in,DELHI,Electronics,Bluetooth Speaker,1,28831.3,Net Banking,B2C
AMZ-1002318,2023-05-21,Delivered,Merchant,Amazon.in,UTTAR PRADESH,Electronics,Smart Watch Series 5,1,27351.27,COD,B2C
AMZ-1002319,2023-03-11,Shipped,Merchant,Amazon.in,TAMIL NADU,Apparel,Polo T-Shirt,1,3289.74,UPI,B2C
AMZ-1002320,2023-04-21,Delivered,Amazon,Amazon.in,GUJARAT,Footwear,Loafers,2,9645.2,UPI,B2C
AMZ-1002321,2023-05-30,Delivered,Amazon,Amazon.in,UTTAR PRADESH,Sports & Fitness,Dumbbell Set 10kg,1,805.74,Card,B2C
AMZ-1002322,2023-03-16,Delivered,Merchant,Amazon.in,WEST BENGAL,Home & Kitchen,Bedsheet Double,1,9625.79,UPI,B2C
AMZ-1002323,2023-04-25,Delivered,Merchant,Amazon.in,KERALA,Books,Rich Dad Poor Dad,2,504.72,Card,B2C
AMZ-1002324,2023-04-28,Returned,Amazon,Amazon.in,MAHARASHTRA,Apparel,Winter Sweatshirt,1,2082.25,UPI,B2C
AMZ-1002325,2023-05-24,Delivered,Merchant,Amazon.in,UTTAR PRADESH,Books,Deep Work,3,475.57,UPI,B2C
AMZ-1002326,2023-06-23,Delivered,Amazon,Amazon.in,MAHARASHTRA,Sports & Fitness,Badminton Racket,1,1602.14,UPI,B2C
AMZ-1002327,2023-03-30,Delivered,Amazon,Amazon.in,PUNJAB,Beauty,Sunscreen SPF 50,2,4228.95,Wallet,B2C
AMZ-1002328,2023-03-16,Delivered,Amazon,Amazon.in,MAHARASHTRA,Books,Rich Dad Poor Dad,1,186.06,UPI,B2C
AMZ-1002329,2023-06-26,Delivered,Amazon,Amazon.in,KARNATAKA,Electronics,Laptop Backpack,1,22686.32,Net Banking,B2C
AMZ-1002330,2023-03-11,Returned,Amazon,Amazon.in,PUNJAB,Electronics,HDMI Cable 2m,2,19821.56,Wallet,B2C
AMZ-1002331,2023-06-23,Pending,Amazon,Amazon.in,TAMIL NADU,Books,Atomic Habits,1,1160.7,UPI,B2C
AMZ-1002332,2023-04-15,Delivered,Amazon,Amazon.in,KARNATAKA,Electronics,Laptop Backpack,1,8484.81,UPI,B2C
AMZ-1002333,2023-06-28,Delivered,Amazon,Amazon.in,MAHARASHTRA,Apparel,Kurta Set,2,1775.08,Card,B2C
AMZ-1002334,2023-05-10,Delivered,Amazon,Amazon.in,HARYANA,Home & Kitchen,Curtain Set 7ft,1,9055.96,UPI,B2C
AMZ-1002335,2023-05-19,Delivered,Amazon,Amazon.in,GUJARAT,Books,Atomic Habits,2,324.22,Wallet,B2C
AMZ-1002336,2023-04-01,Delivered,Merchant,Amazon.in,KARNATAKA,Sports & Fitness,Resistance Bands,1,3116.72,Net Banking,B2C
AMZ-1002337,2023-06-01,Delivered,Amazon,Amazon.in,TAMIL NADU,Apparel,Sports Shorts,1,911.4,Net Banking,B2C
AMZ-1002338,2023-06-28,Delivered,Amazon,Amazon.in,KERALA,Apparel,Denim Jacket,1,3155.71,UPI,B2C
AMZ-1002339,2023-03-05,Delivered,Amazon,Amazon.in,GUJARAT,Apparel,Polo T-Shirt,2,1912.85,UPI,B2C
AMZ-1002340,2023-04-28,Returned,Merchant,Amazon.in,MAHARASHTRA,Beauty,Hair Dryer 1600W,2,1625.41,UPI,B2C
AMZ-1002341,2023-05-11,Shipped,Merchant,Amazon.in,HARYANA,Apparel,Leather Belt,2,1828.92,UPI,B2C
AMZ-1002342,2023-06-20,Cancelled,Merchant,Amazon.in,GUJARAT,Apparel,Cotton T-Shirt Slim Fit,1,1679.96,COD,B2C
AMZ-1002343,2023-05-29,Cancelled,Amazon,Amazon.in,MAHARASHTRA,Beauty,Beard Oil,2,3472.08,Card,B2C
AMZ-1002344,2023-05-30,Delivered,Merchant,Amazon.in,UTTAR PRADESH,Beauty,Vitamin C Face Serum,1,1522.51,Card,B2C
AMZ-1002345,2023-05-01,Delivered,Amazon,Amazon.in,RAJASTHAN,Sports & Fitness,Foam Roller,2,10263.12,UPI,B2C
AMZ-1002346,2023-05-11,Delivered,Amazon,Amazon.in,RAJASTHAN,Sports & Fitness,Skipping Rope,1,1647.38,Card,B2C
AMZ-1002347,2023-05-14,Returned,Amazon,Amazon.in,DELHI,Electronics,HDMI Cable 2m,2,34522.26,Wallet,B2C
AMZ-1002348,2023-03-11,Delivered,Amazon,Amazon.in,MAHARASHTRA,Home & Kitchen,LED Table Lamp,1,10968.09,UPI,B2C
AMZ-1002349,2023-06-04,Delivered,Amazon,Amazon.in,TAMIL NADU,Sports & Fitness,Badminton Racket,1,2593.16,Wallet,B2C
AMZ-1002350,2023-05-08,Delivered,Merchant,Amazon.in,DELHI,Electronics,HDMI Cable 2m,1,22613.38,UPI,B2C
AMZ-1002351,2023-03-05,Returned,Amazon,Amazon.in,DELHI,Sports & Fitness,Skipping Rope,1,2759.15,UPI,B2C
AMZ-1002352,2023-05-05,Cancelled,Merchant,Amazon.in,KARNATAKA,Home & Kitchen,Bedsheet Double,2,12903.7,UPI,B2C
AMZ-1002353,2023-04-08,Delivered,Amazon,Amazon.in,TAMIL NADU,Beauty,Beard Oil,1,361.89,UPI,B2C
AMZ-1002354,2023-04-08,Cancelled,Amazon,Amazon.in,MAHARASHTRA,Beauty,Lipstick Matte Set,1,2076.92,COD,B2C
AMZ-1002355,2023-05-08,Delivered,Amazon,Amazon.in,DELHI,Sports & Fitness,Resistance Bands,1,1055.43,Wallet,B2C
AMZ-1002356,2023-05-29,Delivered,Amazon,Amazon.in,TAMIL NADU,Apparel,Leather Belt,1,2962.93,Card,B2C
AMZ-1002357,2023-05-18,Delivered,Amazon,Amazon.in,RAJASTHAN,Home & Kitchen,Storage Container Set,2,6840.91,COD,B2C
AMZ-1002358,2023-04-14,Cancelled,Amazon,Amazon.in,WEST BENGAL,Electronics,Bluetooth Speaker,1,42293.2,COD,B2C
AMZ-1002359,2023-06-12,Delivered,Merchant,Amazon.in,RAJASTHAN,Books,Atomic Habits,1,1118.78,UPI,B2C
AMZ-1002360,2023-03-28,Delivered,Merchant,Amazon.in,GUJARAT,Electronics,USB-C Fast Charger,2,9487.48,COD,B2C
AMZ-1002361,2023-04-08,Delivered,Amazon,Amazon.in,MAHARASHTRA,Sports & Fitness,Foam Roller,1,2516.32,UPI,B2C
AMZ-1002362,2023-03-26,Delivered,Merchant,Amazon.in,WEST BENGAL,Electronics,Laptop Backpack,2,59149.51,Card,B2C
AMZ-1002363,2023-05-20,Delivered,Amazon,Amazon.in,TELANGANA,Apparel,Formal Shirt,2,4273.94,Card,B2C
AMZ-1002364,2023-05-26,Delivered,Amazon,Amazon.in,KARNATAKA,Apparel,Winter Sweatshirt,3,9488.59,UPI,B2C
AMZ-1002365,2023-05-27,Delivered,Amazon,Amazon.in,UTTAR PRADESH,Footwear,Running Shoes,2,7789.93,Wallet,B2C
AMZ-1002366,2023-05-25,Delivered,Amazon,Amazon.in,KARNATAKA,Electronics,Laptop Backpack,1,30149.77,Card,B2C
AMZ-1002367,2023-06-29,Delivered,Amazon,Amazon.in,GUJARAT,Footwear,Formal Leather Shoes,1,4632.34,Net Banking,B2C
AMZ-1002368,2023-03-18,Returned,Amazon,Amazon.in,MAHARASHTRA,Books,The Alchemist,1,1183.67,Wallet,B2C
AMZ-1002369,2023-05-01,Delivered,Amazon,Amazon.in,WEST BENGAL,Electronics,Wireless Earbuds Pro,1,12914.12,Card,B2C
AMZ-1002370,2023-04-14,Shipped,Merchant,Amazon.in,DELHI,Books,Rich Dad Poor Dad,1,917.4,Card,B2C
AMZ-1002371,2023-05-19,Pending,Merchant,Amazon.in,DELHI,Electronics,Power Bank 20000mAh,1,18407.43,UPI,B2C
AMZ-1002372,2023-03-04,Delivered,Amazon,Amazon.in,MAHARASHTRA,Footwear,Running Shoes,1,4752.72,Wallet,B2C
AMZ-1002373,2023-06-16,Delivered,Amazon,Amazon.in,TAMIL NADU,Apparel,Leather Belt,2,4139.75,UPI,B2C
AMZ-1002374,2023-03-05,Delivered,Amazon,Amazon.in,GUJARAT,Home & Kitchen,Bedsheet Double,1,5659.85,Net Banking,B2C
AMZ-1002375,2023-04-28,Cancelled,Amazon,Amazon.in,DELHI,Beauty,Shampoo Anti-Dandruff,1,1024.88,UPI,B2C
AMZ-1002376,2023-04-01,Delivered,Merchant,Amazon.in,MAHARASHTRA,Apparel,Formal Shirt,1,1307.8,Net Banking,B2B
AMZ-1002377,2023-04-10,Delivered,Amazon,Amazon.in,TELANGANA,Sports & Fitness,Cricket Bat,1,2374.59,UPI,B2C
AMZ-1002378,2023-03-11,Delivered,Amazon,Amazon.in,MAHARASHTRA,Beauty,Vitamin C Face Serum,1,1050.46,UPI,B2C
AMZ-1002379,2023-03-16,Delivered,Amazon,Amazon.in,UTTAR PRADESH,Books,Rich Dad Poor Dad,1,584.88,Net Banking,B2C
AMZ-1002380,2023-04-14,Delivered,Merchant,Amazon.in,KARNATAKA,Home & Kitchen,Non-Stick Cookware Set,1,11072.5,Wallet,B2C
AMZ-1002381,2023-03-07,Delivered,Amazon,Amazon.in,TELANGANA,Sports & Fitness,Yoga Mat 6mm,1,5974.58,UPI,B2C
AMZ-1002382,2023-03-11,Shipped,Amazon,Amazon.in,MAHARASHTRA,Beauty,Perfume EDT 100ml,3,7141.16,Card,B2C
AMZ-1002383,2023-04-09,Delivered,Amazon,Amazon.in,MAHARASHTRA,Beauty,Vitamin C Face Serum,1,1733.87,UPI,B2C
AMZ-1002384,2023-04-15,Shipped,Amazon,Amazon.in,TAMIL NADU,Electronics,Power Bank 20000mAh,2,17280.27,Card,B2C
AMZ-1002385,2023-06-02,Delivered,Amazon,Amazon.in,KARNATAKA,Apparel,Polo T-Shirt,2,4740.04,UPI,B2C
AMZ-1002386,2023-03-01,Delivered,Amazon,Amazon.in,KARNATAKA,Electronics,HDMI Cable 2m,2,50426.17,UPI,B2C
AMZ-1002387,2023-04-28,Cancelled,Amazon,Amazon.in,TELANGANA,Apparel,Cotton T-Shirt Slim Fit,2,1617.51,COD,B2C
AMZ-1002388,2023-06-25,Delivered,Amazon,Amazon.in,UTTAR PRADESH,Home & Kitchen,Curtain Set 7ft,1,8207.09,COD,B2C
AMZ-1002389,2023-06-05,Delivered,Amazon,Amazon.in,MAHARASHTRA,Beauty,Face Wash Neem,1,533.42,UPI,B2C
AMZ-1002390,2023-06-28,Delivered,Amazon,Amazon.in,TELANGANA,Sports & Fitness,Foam Roller,2,1874.53,Card,B2C
AMZ-1002391,2023-05-21,Returned,Merchant,Amazon.in,KARNATAKA,Books,Think and Grow Rich,1,1111.59,Wallet,B2C
AMZ-1002392,2023-03-22,Delivered,Merchant,Amazon.in,HARYANA,Electronics,USB-C Fast Charger,1,30459.04,COD,B2C
AMZ-1002393,2023-03-19,Delivered,Amazon,Amazon.in,BIHAR,Home & Kitchen,Non-Stick Cookware Set,1,9945.66,Net Banking,B2C
AMZ-1002394,2023-05-16,Delivered,Amazon,Amazon.in,KERALA,Footwear,Canvas Shoes,1,1814.17,Card,B2C
AMZ-1002395,2023-03-09,Delivered,Amazon,Amazon.in,TAMIL NADU,Apparel,Cotton T-Shirt Slim Fit,1,2009.92,UPI,B2C
AMZ-1002396,2023-05-23,Delivered,Amazon,Amazon.in,TELANGANA,Electronics,Bluetooth Speaker,1,24101.28,Card,B2C
AMZ-1002397,2023-05-25,Returned,Amazon,Amazon.in,WEST BENGAL,Books,Ikigai,2,1490.61,UPI,B2C
AMZ-1002398,2023-04-06,Delivered,Amazon,Amazon.in,GUJARAT,Apparel,Sports Shorts,1,1851.66,Card,B2C
AMZ-1002399,2023-03-07,Delivered,Amazon,Amazon.in,MAHARASHTRA,Beauty,Hair Dryer 1600W,1,601.41,COD,B2C
AMZ-1002400,2023-05-04,Delivered,Amazon,Amazon.in,HARYANA,Apparel,Formal Shirt,1,1282.26,Card,B2C
AMZ-1002401,2023-05-07,Shipped,Amazon,Amazon.in,KARNATAKA,Apparel,Formal Shirt,2,3944.32,UPI,B2C
AMZ-1002402,2023-05-14,Cancelled,Amazon,Amazon.in,RAJASTHAN,Footwear,Casual Sneakers,1,2673.06,Net Banking,B2B
AMZ-1002403,2023-06-16,Delivered,Amazon,Amazon.in,UTTAR PRADESH,Electronics,Wireless Earbuds Pro,1,44812.73,UPI,B2C
AMZ-1002404,2023-06-19,Delivered,Amazon,Amazon.in,TELANGANA,Apparel,Leather Belt,1,3372.44,UPI,B2B
AMZ-1002405,2023-05-04,Delivered,Amazon,Amazon.in,TAMIL NADU,Apparel,Formal Shirt,2,5198.44,UPI,B2C
AMZ-1002406,2023-05-08,Delivered,Merchant,Amazon.in,KARNATAKA,Apparel,Leather Belt,1,3013.41,Card,B2C
AMZ-1002407,2023-03-12,Delivered,Merchant,Amazon.in,MAHARASHTRA,Footwear,Casual Sneakers,1,1651.37,Card,B2C
AMZ-1002408,2023-03-20,Delivered,Amazon,Amazon.in,HARYANA,Apparel,Formal Shirt,1,1118.22,Card,B2C
AMZ-1002409,2023-03-10,Delivered,Amazon,Amazon.in,TAMIL NADU,Apparel,Kurta Set,1,2223.59,Card,B2C
AMZ-1002410,2023-06-28,Delivered,Amazon,Amazon.in,WEST BENGAL,Apparel,Winter Sweatshirt,1,3134.96,Card,B2C
AMZ-1002411,2023-05-27,Delivered,Merchant,Amazon.in,MAHARASHTRA,Footwear,Sports Sandals,1,795.69,Wallet,B2C
AMZ-1002412,2023-06-29,Delivered,Amazon,Amazon.in,TAMIL NADU,Sports & Fitness,Dumbbell Set 10kg,2,10679.47,Card,B2C
AMZ-1002413,2023-05-27,Delivered,Amazon,Amazon.in,MAHARASHTRA,Electronics,HDMI Cable 2m,1,42241.62,Net Banking,B2C
AMZ-1002414,2023-04-18,Returned,Merchant,Amazon.in,KERALA,Electronics,Laptop Backpack,1,25190.87,Wallet,B2C
AMZ-1002415,2023-05-23,Delivered,Amazon,Amazon.in,TELANGANA,Beauty,Hair Dryer 1600W,1,1242.87,UPI,B2C
AMZ-1002416,2023-04-10,Delivered,Amazon,Amazon.in,DELHI,Home & Kitchen,Non-Stick Cookware Set,1,7988.22,UPI,B2C
AMZ-1002417,2023-03-07,Delivered,Merchant,Amazon.in,MAHARASHTRA,Beauty,Lipstick Matte Set,2,482.59,Card,B2C
AMZ-1002418,2023-05-14,Delivered,Amazon,Amazon.in,DELHI,Electronics,Laptop Backpack,1,42232.08,Net Banking,B2C
AMZ-1002419,2023-03-15,Delivered,Amazon,Amazon.in,KARNATAKA,Home & Kitchen,Curtain Set 7ft,1,9914.37,Wallet,B2C
AMZ-1002420,2023-05-12,Delivered,Amazon,Amazon.in,HARYANA,Books,Think and Grow Rich,1,384.52,Net Banking,B2C
AMZ-1002421,2023-05-05,Delivered,Merchant,Amazon.in,MADHYA PRADESH,Home & Kitchen,Mixer Grinder 750W,1,945.27,UPI,B2C
AMZ-1002422,2023-06-01,Cancelled,Amazon,Amazon.in,RAJASTHAN,Sports & Fitness,Cricket Bat,1,3027.97,COD,B2C
AMZ-1002423,2023-06-23,Cancelled,Amazon,Amazon.in,MADHYA PRADESH,Apparel,Kurta Set,2,4049.96,COD,B2C
AMZ-1002424,2023-04-22,Delivered,Merchant,Amazon.in,TELANGANA,Sports & Fitness,Football Size 5,1,6277.33,COD,B2C
AMZ-1002425,2023-06-18,Delivered,Amazon,Amazon.in,TELANGANA,Books,Rich Dad Poor Dad,1,736.93,Wallet,B2C
AMZ-1002426,2023-06-11,Delivered,Amazon,Amazon.in,DELHI,Home & Kitchen,Vacuum Flask,1,2918.83,UPI,B2C
AMZ-1002427,2023-03-14,Delivered,Amazon,Amazon.in,PUNJAB,Electronics,HDMI Cable 2m,1,42374.68,COD,B2C
AMZ-1002428,2023-05-05,Delivered,Amazon,Amazon.in,WEST BENGAL,Electronics,Smart Watch Series 5,1,14989.18,Card,B2C
AMZ-1002429,2023-05-06,Cancelled,Amazon,Amazon.in,MAHARASHTRA,Apparel,Denim Jacket,1,2078.86,COD,B2C
AMZ-1002430,2023-05-01,Delivered,Amazon,Amazon.in,TAMIL NADU,Electronics,Smart TV 43" 4K,2,44785.65,Card,B2C
AMZ-1002431,2023-03-25,Delivered,Amazon,Amazon.in,TAMIL NADU,Beauty,Beard Oil,1,1184.74,Wallet,B2C
AMZ-1002432,2023-03-31,Delivered,Amazon,Amazon.in,DELHI,Electronics,Smart Watch Series 5,2,25538.76,Card,B2C
AMZ-1002433,2023-05-06,Delivered,Merchant,Amazon.in,TELANGANA,Electronics,Laptop Backpack,2,69250.78,UPI,B2C
AMZ-1002434,2023-03-14,Delivered,Amazon,Amazon.in,MAHARASHTRA,Books,The Alchemist,1,751.44,UPI,B2C
AMZ-1002435,2023-03-02,Delivered,Amazon,Amazon.in,GUJARAT,Apparel,Winter Sweatshirt,2,6365.94,COD,B2C
AMZ-1002436,2023-06-19,Cancelled,Amazon,Amazon.in,DELHI,Electronics,Smart TV 43" 4K,1,23209.41,COD,B2C
AMZ-1002437,2023-03-21,Delivered,Amazon,Amazon.in,MAHARASHTRA,Books,Think and Grow Rich,1,484.12,UPI,B2C
AMZ-1002438,2023-04-19,Delivered,Amazon,Amazon.in,RAJASTHAN,Apparel,Sports Shorts,2,1149.36,UPI,B2C
AMZ-1002439,2023-06-06,Pending,Merchant,Amazon.in,RAJASTHAN,Footwear,Canvas Shoes,1,3797.59,Card,B2C
AMZ-1002440,2023-03-14,Delivered,Amazon,Amazon.in,UTTAR PRADESH,Home & Kitchen,Non-Stick Cookware Set,3,13857.06,COD,B2C
AMZ-1002441,2023-06-25,Shipped,Amazon,Amazon.in,TELANGANA,Sports & Fitness,Dumbbell Set 10kg,2,5411.64,Card,B2C
AMZ-1002442,2023-04-13,Cancelled,Merchant,Amazon.in,KARNATAKA,Electronics,Smart Watch Series 5,1,10529.49,COD,B2C
AMZ-1002443,2023-06-29,Delivered,Amazon,Amazon.in,HARYANA,Electronics,Laptop Backpack,2,38535.85,COD,B2C
AMZ-1002444,2023-03-27,Shipped,Merchant,Amazon.in,PUNJAB,Electronics,USB-C Fast Charger,1,29176.12,Card,B2C
AMZ-1002445,2023-04-11,Shipped,Merchant,Amazon.in,KARNATAKA,Footwear,Flip Flops,1,2430.37,Net Banking,B2C
AMZ-1002446,2023-04-04,Delivered,Merchant,Amazon.in,KERALA,Home & Kitchen,Storage Container Set,1,9711.66,Wallet,B2C
AMZ-1002447,2023-04-22,Delivered,Amazon,Amazon.in,GUJARAT,Books,Think and Grow Rich,1,211.84,Net Banking,B2C
AMZ-1002448,2023-04-11,Delivered,Merchant,Amazon.in,TAMIL NADU,Sports & Fitness,Dumbbell Set 10kg,2,1230.27,Wallet,B2C
AMZ-1002449,2023-05-12,Delivered,Amazon,Amazon.in,GUJARAT,Electronics,Smart Watch Series 5,2,15265.54,Card,B2C
AMZ-1002450,2023-06-21,Delivered,Amazon,Amazon.in,TELANGANA,Apparel,Winter Sweatshirt,2,3622.41,Net Banking,B2B
AMZ-1002451,2023-05-14,Delivered,Merchant,Amazon.in,WEST BENGAL,Footwear,Sports Sandals,1,1335.46,UPI,B2C
AMZ-1002452,2023-05-16,Delivered,Amazon,Amazon.in,RAJASTHAN,Electronics,Laptop Backpack,1,20474.71,Card,B2C
AMZ-1002453,2023-05-25,Delivered,Amazon,Amazon.in,MADHYA PRADESH,Electronics,Wireless Earbuds Pro,1,35306.42,UPI,B2C
AMZ-1002454,2023-05-07,Delivered,Amazon,Amazon.in,TAMIL NADU,Electronics,HDMI Cable 2m,1,32546.56,Card,B2C
AMZ-1002455,2023-05-15,Pending,Merchant,Amazon.in,TAMIL NADU,Apparel,Sports Shorts,3,5421.48,Card,B2C
AMZ-1002456,2023-06-19,Delivered,Amazon,Amazon.in,WEST BENGAL,Beauty,Vitamin C Face Serum,1,2423.31,UPI,B2C
AMZ-1002457,2023-03-26,Delivered,Amazon,Amazon.in,WEST BENGAL,Home & Kitchen,Steel Water Bottle 1L,3,12252.69,Card,B2C
AMZ-1002458,2023-06-18,Delivered,Amazon,Amazon.in,BIHAR,Footwear,Sports Sandals,1,5972.07,Wallet,B2C
AMZ-1002459,2023-03-19,Pending,Amazon,Amazon.in,PUNJAB,Apparel,Denim Jacket,2,1564.33,COD,B2B
AMZ-1002460,2023-06-21,Cancelled,Amazon,Amazon.in,WEST BENGAL,Apparel,Cotton T-Shirt Slim Fit,1,492.55,COD,B2C
AMZ-1002461,2023-06-07,Delivered,Amazon,Amazon.in,PUNJAB,Home & Kitchen,Bedsheet Double,1,11878.4,COD,B2C
AMZ-1002462,2023-05-19,Delivered,Amazon,Amazon.in,KARNATAKA,Apparel,Kurta Set,1,2806.73,Card,B2C
AMZ-1002463,2023-06-07,Delivered,Merchant,Amazon.in,MAHARASHTRA,Apparel,Sports Shorts,2,1638.17,UPI,B2C
AMZ-1002464,2023-05-22,Delivered,Amazon,Amazon.in,KARNATAKA,Apparel,Formal Shirt,1,1232.13,Wallet,B2C
AMZ-1002465,2023-05-21,Delivered,Amazon,Amazon.in,MAHARASHTRA,Apparel,Formal Shirt,2,3445.06,COD,B2C
AMZ-1002466,2023-06-22,Cancelled,Merchant,Amazon.in,WEST BENGAL,Home & Kitchen,Non-Stick Cookware Set,1,5003.06,COD,B2C
AMZ-1002467,2023-04-17,Delivered,Amazon,Amazon.in,KARNATAKA,Footwear,Loafers,1,4049.71,UPI,B2C
AMZ-1002468,2023-05-15,Returned,Merchant,Amazon.in,MADHYA PRADESH,Footwear,Sports Sandals,1,3195.18,UPI,B2C
AMZ-1002469,2023-05-14,Shipped,Merchant,Amazon.in,GUJARAT,Electronics,USB-C Fast Charger,1,34089.55,COD,B2C
AMZ-1002470,2023-05-23,Cancelled,Amazon,Amazon.in,MAHARASHTRA,Apparel,Kurta Set,1,1354.25,COD,B2C
AMZ-1002471,2023-05-04,Delivered,Merchant,Amazon.in,KARNATAKA,Footwear,Loafers,1,1997.05,COD,B2C
AMZ-1002472,2023-06-29,Shipped,Amazon,Amazon.in,TAMIL NADU,Apparel,Denim Jacket,2,1865.96,UPI,B2C
AMZ-1002473,2023-05-02,Delivered,Merchant,Amazon.in,GUJARAT,Electronics,Smart Watch Series 5,2,43464.41,UPI,B2B
AMZ-1002474,2023-06-15,Delivered,Merchant,Amazon.in,TAMIL NADU,Books,Atomic Habits,3,1546.56,COD,B2C
AMZ-1002475,2023-05-21,Delivered,Merchant,Amazon.in,TELANGANA,Footwear,Flip Flops,1,1631.59,UPI,B2C
AMZ-1002476,2023-05-01,Shipped,Amazon,Amazon.in,TAMIL NADU,Beauty,Lipstick Matte Set,2,3236.03,Card,B2C
AMZ-1002477,2023-04-10,Pending,Amazon,Amazon.in,UTTAR PRADESH,Apparel,Leather Belt,1,2097.28,Card,B2C
AMZ-1002478,2023-03-20,Shipped,Amazon,Amazon.in,KARNATAKA,Apparel,Kurta Set,2,2591.01,COD,B2C
AMZ-1002479,2023-03-27,Delivered,Amazon,Amazon.in,DELHI,Sports & Fitness,Badminton Racket,1,6393.33,COD,B2C
AMZ-1002480,2023-06-02,Delivered,Amazon,Amazon.in,MADHYA PRADESH,Books,Think and Grow Rich,1,776.65,Wallet,B2C
AMZ-1002481,2023-04-30,Delivered,Amazon,Amazon.in,GUJARAT,Footwear,Flip Flops,1,754.32,UPI,B2C
AMZ-1002482,2023-06-20,Delivered,Merchant,Amazon.in,KARNATAKA,Footwear,Canvas Shoes,3,9365.77,Card,B2C
AMZ-1002483,2023-05-10,Delivered,Merchant,Amazon.in,KARNATAKA,Beauty,Shampoo Anti-Dandruff,1,1985.71,UPI,B2C
AMZ-1002484,2023-05-29,Delivered,Amazon,Amazon.in,MAHARASHTRA,Home & Kitchen,Bedsheet Double,1,5819.99,UPI,B2C
AMZ-1002485,2023-06-24,Delivered,Amazon,Amazon.in,TAMIL NADU,Footwear,Formal Leather Shoes,1,2349.95,Card,B2C
AMZ-1002486,2023-05-02,Returned,Merchant,Amazon.in,MAHARASHTRA,Home & Kitchen,Curtain Set 7ft,1,2851.82,COD,B2C
AMZ-1002487,2023-04-27,Delivered,Amazon,Amazon.in,MAHARASHTRA,Footwear,Trail Hiking Boots,1,4458.58,UPI,B2C
AMZ-1002488,2023-03-16,Delivered,Amazon,Amazon.in,MAHARASHTRA,Electronics,HDMI Cable 2m,1,35528,Wallet,B2C
AMZ-1002489,2023-04-18,Returned,Amazon,Amazon.in,KARNATAKA,Electronics,Power Bank 20000mAh,1,10355.61,UPI,B2C
AMZ-1002490,2023-04-30,Delivered,Amazon,Amazon.in,DELHI,Home & Kitchen,Non-Stick Cookware Set,2,1271.69,UPI,B2C
AMZ-1002491,2023-04-03,Delivered,Amazon,Amazon.in,MAHARASHTRA,Footwear,Running Shoes,1,3745.77,Wallet,B2C
AMZ-1002492,2023-04-23,Returned,Amazon,Amazon.in,RAJASTHAN,Home & Kitchen,Storage Container Set,2,3223.68,Card,B2C
AMZ-1002493,2023-04-01,Delivered,Merchant,Amazon.in,KERALA,Home & Kitchen,Mixer Grinder 750W,1,10024.47,Card,B2C
AMZ-1002494,2023-05-29,Delivered,Merchant,Amazon.in,PUNJAB,Electronics,Power Bank 20000mAh,2,43616.88,UPI,B2C
AMZ-1002495,2023-06-03,Delivered,Amazon,Amazon.in,DELHI,Apparel,Leather Belt,1,2158.4,UPI,B2C
AMZ-1002496,2023-04-15,Delivered,Amazon,Amazon.in,DELHI,Books,Think and Grow Rich,3,3523.92,Net Banking,B2C
AMZ-1002497,2023-03-15,Delivered,Merchant,Amazon.in,MAHARASHTRA,Electronics,Wireless Earbuds Pro,1,6520.62,Card,B2C
AMZ-1002498,2023-05-01,Delivered,Merchant,Amazon.in,PUNJAB,Apparel,Winter Sweatshirt,1,589.66,Net Banking,B2C
AMZ-1002499,2023-05-26,Cancelled,Amazon,Amazon.in,RAJASTHAN,Electronics,Smart Watch Series 5,2,66294.22,COD,B2C
AMZ-1002500,2023-04-27,Delivered,Merchant,Amazon.in,DELHI,Electronics,Power Bank 20000mAh,1,23764.12,COD,B2B
AMZ-1002501,2023-05-24,Delivered,Amazon,Amazon.in,GUJARAT,Apparel,Denim Jacket,1,567.76,UPI,B2C
AMZ-1002502,2023-04-20,Delivered,Amazon,Amazon.in,TAMIL NADU,Apparel,Formal Shirt,1,847.18,Card,B2C
AMZ-1002503,2023-06-18,Shipped,Amazon,Amazon.in,TAMIL NADU,Footwear,Loafers,1,4329.28,UPI,B2C
AMZ-1002504,2023-05-22,Delivered,Merchant,Amazon.in,PUNJAB,Beauty,Beard Oil,2,1956.5,UPI,B2C
AMZ-1002505,2023-05-31,Cancelled,Merchant,Amazon.in,GUJARAT,Electronics,USB-C Fast Charger,1,24208.6,COD,B2C
AMZ-1002506,2023-04-10,Delivered,Merchant,Amazon.in,DELHI,Electronics,Laptop Backpack,1,25640.9,COD,B2C
AMZ-1002507,2023-06-26,Delivered,Merchant,Amazon.in,TAMIL NADU,Electronics,Power Bank 20000mAh,2,8687.27,UPI,B2C
AMZ-1002508,2023-04-30,Delivered,Amazon,Amazon.in,TAMIL NADU,Electronics,Smart Watch Series 5,1,44213.88,UPI,B2C
AMZ-1002509,2023-06-27,Shipped,Amazon,Amazon.in,DELHI,Apparel,Sports Shorts,1,1796.24,UPI,B2C
AMZ-1002510,2023-05-12,Pending,Amazon,Amazon.in,TELANGANA,Electronics,Bluetooth Speaker,2,27048.86,Card,B2C
AMZ-1002511,2023-05-13,Delivered,Merchant,Amazon.in,KARNATAKA,Home & Kitchen,Vacuum Flask,1,8452.45,COD,B2C
AMZ-1002512,2023-05-01,Shipped,Amazon,Amazon.in,DELHI,Beauty,Hair Dryer 1600W,1,237.68,Card,B2C
AMZ-1002513,2023-06-07,Delivered,Amazon,Amazon.in,MAHARASHTRA,Books,Ikigai,1,935.86,UPI,B2C
AMZ-1002514,2023-05-05,Delivered,Merchant,Amazon.in,KERALA,Beauty,Sunscreen SPF 50,3,669.41,Net Banking,B2C
AMZ-1002515,2023-05-11,Delivered,Merchant,Amazon.in,WEST BENGAL,Home & Kitchen,Curtain Set 7ft,1,4231.47,UPI,B2C
AMZ-1002516,2023-03-05,Delivered,Amazon,Amazon.in,MAHARASHTRA,Beauty,Lipstick Matte Set,2,2473.14,Card,B2C
AMZ-1002517,2023-05-31,Delivered,Amazon,Amazon.in,KARNATAKA,Beauty,Sunscreen SPF 50,2,3006.06,Net Banking,B2C
AMZ-1002518,2023-06-16,Shipped,Merchant,Amazon.in,MAHARASHTRA,Beauty,Lipstick Matte Set,2,4079.45,UPI,B2C
AMZ-1002519,2023-04-14,Pending,Amazon,Amazon.in,KARNATAKA,Apparel,Formal Shirt,1,583.46,Wallet,B2C
AMZ-1002520,2023-06-25,Delivered,Amazon,Amazon.in,DELHI,Sports & Fitness,Cricket Bat,1,1363.32,COD,B2C
AMZ-1002521,2023-03-06,Delivered,Amazon,Amazon.in,TAMIL NADU,Beauty,Beard Oil,1,1763.84,UPI,B2C
AMZ-1002522,2023-05-24,Delivered,Amazon,Amazon.in,MAHARASHTRA,Electronics,Smart TV 43" 4K,2,14523.04,Wallet,B2C
AMZ-1002523,2023-05-20,Delivered,Merchant,Amazon.in,GUJARAT,Apparel,Winter Sweatshirt,1,2087.19,UPI,B2B
AMZ-1002524,2023-06-28,Delivered,Merchant,Amazon.in,MAHARASHTRA,Electronics,Smart TV 43" 4K,2,79458.49,Card,B2C
AMZ-1002525,2023-05-27,Delivered,Amazon,Amazon.in,GUJARAT,Electronics,Laptop Backpack,2,26111.7,UPI,B2C
AMZ-1002526,2023-06-21,Delivered,Amazon,Amazon.in,TELANGANA,Sports & Fitness,Football Size 5,1,4895.42,Card,B2C
AMZ-1002527,2023-06-29,Delivered,Amazon,Amazon.in,WEST BENGAL,Beauty,Lipstick Matte Set,1,1590.4,UPI,B2C
AMZ-1002528,2023-06-02,Cancelled,Amazon,Amazon.in,HARYANA,Sports & Fitness,Football Size 5,1,4044.08,COD,B2C
AMZ-1002529,2023-03-06,Delivered,Amazon,Amazon.in,MAHARASHTRA,Home & Kitchen,Steel Water Bottle 1L,2,22752.69,UPI,B2C
AMZ-1002530,2023-05-20,Delivered,Amazon,Amazon.in,KARNATAKA,Electronics,Smart Watch Series 5,1,40816.06,UPI,B2B
AMZ-1002531,2023-05-09,Returned,Amazon,Amazon.in,RAJASTHAN,Footwear,Running Shoes,1,902.84,Wallet,B2C
AMZ-1002532,2023-05-02,Delivered,Merchant,Amazon.in,DELHI,Sports & Fitness,Resistance Bands,1,2754.24,Wallet,B2C
AMZ-1002533,2023-04-01,Delivered,Amazon,Amazon.in,MAHARASHTRA,Beauty,Perfume EDT 100ml,1,956.54,UPI,B2C
AMZ-1002534,2023-06-23,Delivered,Amazon,Amazon.in,TAMIL NADU,Electronics,Smart TV 43" 4K,1,38581.02,Card,B2C
AMZ-1002535,2023-04-12,Cancelled,Merchant,Amazon.in,MAHARASHTRA,Home & Kitchen,Storage Container Set,2,8349.74,COD,B2C
AMZ-1002536,2023-05-29,Delivered,Amazon,Amazon.in,PUNJAB,Apparel,Polo T-Shirt,1,2829.12,COD,B2C
AMZ-1002537,2023-05-19,Delivered,Amazon,Amazon.in,RAJASTHAN,Apparel,Sports Shorts,1,1856.29,COD,B2C
AMZ-1002538,2023-05-16,Delivered,Amazon,Amazon.in,KARNATAKA,Home & Kitchen,Steel Water Bottle 1L,3,33578.77,UPI,B2C
AMZ-1002539,2023-05-11,Delivered,Amazon,Amazon.in,MAHARASHTRA,Electronics,Laptop Backpack,1,43639,Card,B2C
AMZ-1002540,2023-04-26,Delivered,Amazon,Amazon.in,TAMIL NADU,Apparel,Cotton T-Shirt Slim Fit,2,884.16,COD,B2C
AMZ-1002541,2023-05-22,Delivered,Amazon,Amazon.in,DELHI,Electronics,Smart Watch Series 5,1,2242.03,Wallet,B2C
AMZ-1002542,2023-06-23,Delivered,Merchant,Amazon.in,KARNATAKA,Sports & Fitness,Cricket Bat,1,1227.28,Card,B2C
AMZ-1002543,2023-03-08,Delivered,Merchant,Amazon.in,DELHI,Electronics,Power Bank 20000mAh,2,27163.59,COD,B2C
AMZ-1002544,2023-05-20,Delivered,Amazon,Amazon.in,KARNATAKA,Electronics,Smart TV 43" 4K,1,19552.1,Card,B2C
AMZ-1002545,2023-05-22,Cancelled,Amazon,Amazon.in,KARNATAKA,Footwear,Loafers,2,2900.49,COD,B2C
AMZ-1002546,2023-03-29,Delivered,Amazon,Amazon.in,GUJARAT,Apparel,Denim Jacket,2,6390.04,Card,B2C
AMZ-1002547,2023-03-11,Cancelled,Merchant,Amazon.in,TAMIL NADU,Apparel,Leather Belt,1,2317.86,COD,B2C
AMZ-1002548,2023-05-22,Delivered,Amazon,Amazon.in,HARYANA,Home & Kitchen,Bedsheet Double,1,10297.41,UPI,B2C
AMZ-1002549,2023-03-24,Shipped,Amazon,Amazon.in,MAHARASHTRA,Electronics,Power Bank 20000mAh,1,36720.76,Card,B2C
AMZ-1002550,2023-05-26,Delivered,Amazon,Amazon.in,UTTAR PRADESH,Home & Kitchen,Non-Stick Cookware Set,1,843.63,UPI,B2C
AMZ-1002551,2023-06-05,Cancelled,Merchant,Amazon.in,DELHI,Sports & Fitness,Skipping Rope,2,6988.22,COD,B2C
AMZ-1002552,2023-03-10,Delivered,Merchant,Amazon.in,UTTAR PRADESH,Apparel,Formal Shirt,1,777.94,Net Banking,B2C
AMZ-1002553,2023-03-22,Delivered,Amazon,Amazon.in,MAHARASHTRA,Electronics,Bluetooth Speaker,1,22301.26,UPI,B2C
AMZ-1002554,2023-04-20,Cancelled,Amazon,Amazon.in,KERALA,Sports & Fitness,Cricket Bat,2,6855.74,COD,B2C
AMZ-1002555,2023-06-04,Delivered,Amazon,Amazon.in,TAMIL NADU,Electronics,HDMI Cable 2m,1,44023.29,Net Banking,B2C
AMZ-1002556,2023-05-11,Delivered,Amazon,Amazon.in,MAHARASHTRA,Sports & Fitness,Foam Roller,1,6284.52,UPI,B2C
AMZ-1002557,2023-06-18,Cancelled,Merchant,Amazon.in,UTTAR PRADESH,Electronics,Smart TV 43" 4K,1,25612.96,COD,B2C
AMZ-1002558,2023-05-05,Returned,Merchant,Amazon.in,GUJARAT,Apparel,Formal Shirt,2,3066.04,UPI,B2C
AMZ-1002559,2023-06-15,Delivered,Amazon,Amazon.in,TAMIL NADU,Beauty,Lipstick Matte Set,1,482.36,UPI,B2C
AMZ-1002560,2023-06-06,Delivered,Merchant,Amazon.in,WEST BENGAL,Beauty,Hair Dryer 1600W,2,1413.39,Card,B2C
AMZ-1002561,2023-06-25,Delivered,Merchant,Amazon.in,TELANGANA,Apparel,Denim Jacket,1,645.74,Net Banking,B2C
AMZ-1002562,2023-03-07,Cancelled,Amazon,Amazon.in,HARYANA,Electronics,Power Bank 20000mAh,1,9516.95,COD,B2C
AMZ-1002563,2023-05-08,Cancelled,Amazon,Amazon.in,TELANGANA,Beauty,Shampoo Anti-Dandruff,1,940.74,UPI,B2C
AMZ-1002564,2023-05-08,Delivered,Amazon,Amazon.in,DELHI,Books,Sapiens,1,313.83,COD,B2C
AMZ-1002565,2023-05-28,Shipped,Amazon,Amazon.in,WEST BENGAL,Books,The Alchemist,1,162.6,Card,B2C
AMZ-1002566,2023-06-25,Delivered,Amazon,Amazon.in,TELANGANA,Apparel,Formal Shirt,1,1516.53,UPI,B2C
AMZ-1002567,2023-03-13,Delivered,Merchant,Amazon.in,TELANGANA,Electronics,USB-C Fast Charger,1,9189.2,UPI,B2C
AMZ-1002568,2023-04-22,Delivered,Amazon,Amazon.in,DELHI,Apparel,Sports Shorts,1,1876.39,Wallet,B2C
AMZ-1002569,2023-03-22,Delivered,Merchant,Amazon.in,DELHI,Books,Think and Grow Rich,2,1246.64,Card,B2B
AMZ-1002570,2023-06-22,Shipped,Amazon,Amazon.in,DELHI,Apparel,Denim Jacket,1,3160.84,UPI,B2C
AMZ-1002571,2023-03-06,Delivered,Merchant,Amazon.in,DELHI,Apparel,Leather Belt,1,473.16,Wallet,B2C
AMZ-1002572,2023-04-20,Delivered,Merchant,Amazon.in,MAHARASHTRA,Electronics,USB-C Fast Charger,1,43700.09,COD,B2C
AMZ-1002573,2023-04-06,Delivered,Merchant,Amazon.in,HARYANA,Sports & Fitness,Resistance Bands,2,13791.13,UPI,B2C
AMZ-1002574,2023-04-15,Delivered,Merchant,Amazon.in,UTTAR PRADESH,Home & Kitchen,Steel Water Bottle 1L,1,1067.24,COD,B2C
AMZ-1002575,2023-05-08,Delivered,Amazon,Amazon.in,WEST BENGAL,Electronics,Smart TV 43" 4K,1,44321.85,UPI,B2C
AMZ-1002576,2023-05-25,Shipped,Merchant,Amazon.in,KARNATAKA,Electronics,Smart Watch Series 5,1,12191.26,UPI,B2C
AMZ-1002577,2023-05-16,Delivered,Amazon,Amazon.in,DELHI,Beauty,Beard Oil,3,3810.18,UPI,B2C
AMZ-1002578,2023-06-12,Delivered,Amazon,Amazon.in,KARNATAKA,Electronics,Smart Watch Series 5,1,41988.35,Wallet,B2C
AMZ-1002579,2023-05-31,Delivered,Amazon,Amazon.in,TELANGANA,Apparel,Leather Belt,1,584.46,Wallet,B2C
AMZ-1002580,2023-06-09,Delivered,Merchant,Amazon.in,WEST BENGAL,Apparel,Leather Belt,2,6379.87,UPI,B2C
AMZ-1002581,2023-03-21,Delivered,Amazon,Amazon.in,TAMIL NADU,Electronics,Laptop Backpack,1,43284.67,Card,B2C
AMZ-1002582,2023-03-02,Delivered,Amazon,Amazon.in,KARNATAKA,Apparel,Winter Sweatshirt,1,2615.42,UPI,B2C
AMZ-1002583,2023-05-14,Delivered,Amazon,Amazon.in,RAJASTHAN,Apparel,Denim Jacket,1,1432.41,COD,B2C
AMZ-1002584,2023-06-17,Delivered,Merchant,Amazon.in,MAHARASHTRA,Electronics,Bluetooth Speaker,2,52539.44,COD,B2C
AMZ-1002585,2023-04-05,Cancelled,Amazon,Amazon.in,BIHAR,Home & Kitchen,LED Table Lamp,1,11165.88,COD,B2C
AMZ-1002586,2023-04-11,Delivered,Merchant,Amazon.in,GUJARAT,Books,Rich Dad Poor Dad,1,935.13,COD,B2C
AMZ-1002587,2023-04-06,Delivered,Merchant,Amazon.in,KARNATAKA,Home & Kitchen,Storage Container Set,1,4591.84,COD,B2C
AMZ-1002588,2023-05-10,Delivered,Amazon,Amazon.in,MAHARASHTRA,Beauty,Face Wash Neem,3,1343.52,COD,B2C
AMZ-1002589,2023-05-25,Delivered,Merchant,Amazon.in,MAHARASHTRA,Beauty,Vitamin C Face Serum,1,1312.78,Card,B2C
AMZ-1002590,2023-06-01,Delivered,Amazon,Amazon.in,TAMIL NADU,Beauty,Beard Oil,1,344.09,UPI,B2C
AMZ-1002591,2023-06-01,Delivered,Amazon,Amazon.in,BIHAR,Apparel,Denim Jacket,3,6635.92,Card,B2C
AMZ-1002592,2023-05-03,Delivered,Merchant,Amazon.in,HARYANA,Apparel,Polo T-Shirt,1,3235.43,UPI,B2C
AMZ-1002593,2023-05-07,Delivered,Amazon,Amazon.in,MADHYA PRADESH,Apparel,Leather Belt,1,1227.22,Card,B2C
AMZ-1002594,2023-05-19,Delivered,Merchant,Amazon.in,TELANGANA,Footwear,Formal Leather Shoes,1,3974.27,Net Banking,B2C
AMZ-1002595,2023-03-13,Delivered,Amazon,Amazon.in,UTTAR PRADESH,Electronics,Power Bank 20000mAh,1,16652.06,Wallet,B2C
AMZ-1002596,2023-04-19,Cancelled,Merchant,Amazon.in,DELHI,Home & Kitchen,Mixer Grinder 750W,2,5706.46,COD,B2C
AMZ-1002597,2023-04-18,Shipped,Amazon,Amazon.in,TAMIL NADU,Books,Ikigai,2,2091.85,Card,B2C
AMZ-1002598,2023-03-16,Delivered,Merchant,Amazon.in,TAMIL NADU,Sports & Fitness,Skipping Rope,1,6421.08,Wallet,B2B
AMZ-1002599,2023-03-26,Delivered,Merchant,Amazon.in,KARNATAKA,Apparel,Cotton T-Shirt Slim Fit,1,2287.72,UPI,B2C
AMZ-1002600,2023-06-23,Delivered,Merchant,Amazon.in,UTTAR PRADESH,Electronics,Power Bank 20000mAh,1,9421.51,COD,B2C
AMZ-1002601,2023-05-09,Cancelled,Amazon,Amazon.in,UTTAR PRADESH,Books,Think and Grow Rich,2,1368.62,COD,B2C
AMZ-1002602,2023-06-29,Delivered,Merchant,Amazon.in,MAHARASHTRA,Electronics,Laptop Backpack,1,4827.4,UPI,B2B
AMZ-1002603,2023-03-14,Delivered,Amazon,Amazon.in,TAMIL NADU,Books,Atomic Habits,1,528.4,Wallet,B2C
AMZ-1002604,2023-05-05,Delivered,Amazon,Amazon.in,RAJASTHAN,Home & Kitchen,LED Table Lamp,1,8107.2,Wallet,B2C
AMZ-1002605,2023-06-01,Cancelled,Amazon,Amazon.in,TAMIL NADU,Beauty,Perfume EDT 100ml,1,1888.58,COD,B2C
AMZ-1002606,2023-04-11,Delivered,Amazon,Amazon.in,MAHARASHTRA,Home & Kitchen,Vacuum Flask,1,1608.81,Net Banking,B2C
AMZ-1002607,2023-03-16,Delivered,Amazon,Amazon.in,RAJASTHAN,Footwear,Trail Hiking Boots,1,5001.73,UPI,B2C
AMZ-1002608,2023-06-22,Delivered,Amazon,Amazon.in,GUJARAT,Books,Atomic Habits,1,386.29,UPI,B2C
AMZ-1002609,2023-04-01,Delivered,Amazon,Amazon.in,MAHARASHTRA,Electronics,Smart TV 43" 4K,1,31728.68,Net Banking,B2C
AMZ-1002610,2023-05-24,Delivered,Merchant,Amazon.in,MAHARASHTRA,Electronics,HDMI Cable 2m,1,21968.2,UPI,B2C
AMZ-1002611,2023-03-07,Delivered,Amazon,Amazon.in,TELANGANA,Apparel,Denim Jacket,3,5226.54,Card,B2C
AMZ-1002612,2023-04-07,Delivered,Merchant,Amazon.in,MAHARASHTRA,Sports & Fitness,Skipping Rope,1,1057.44,Card,B2C
AMZ-1002613,2023-05-08,Delivered,Merchant,Amazon.in,KARNATAKA,Home & Kitchen,Non-Stick Cookware Set,1,4149.17,Card,B2C
AMZ-1002614,2023-06-29,Returned,Amazon,Amazon.in,DELHI,Beauty,Lipstick Matte Set,1,835,COD,B2C
AMZ-1002615,2023-03-27,Shipped,Merchant,Amazon.in,HARYANA,Footwear,Trail Hiking Boots,1,755.97,UPI,B2C
AMZ-1002616,2023-05-05,Delivered,Merchant,Amazon.in,UTTAR PRADESH,Sports & Fitness,Skipping Rope,2,3317.23,UPI,B2C
AMZ-1002617,2023-05-20,Delivered,Merchant,Amazon.in,MAHARASHTRA,Beauty,Face Wash Neem,1,1954.58,Net Banking,B2C
AMZ-1002618,2023-04-15,Delivered,Amazon,Amazon.in,KERALA,Books,Think and Grow Rich,1,790.82,Card,B2C
AMZ-1002619,2023-05-22,Delivered,Amazon,Amazon.in,TAMIL NADU,Apparel,Kurta Set,3,3239.5,COD,B2C
AMZ-1002620,2023-04-07,Delivered,Amazon,Amazon.in,WEST BENGAL,Home & Kitchen,Vacuum Flask,1,2933.49,Card,B2C
AMZ-1002621,2023-04-21,Delivered,Amazon,Amazon.in,GUJARAT,Apparel,Formal Shirt,1,1560.55,UPI,B2C
AMZ-1002622,2023-03-20,Delivered,Amazon,Amazon.in,MAHARASHTRA,Sports & Fitness,Skipping Rope,1,7338.2,Net Banking,B2C
AMZ-1002623,2023-05-05,Delivered,Merchant,Amazon.in,RAJASTHAN,Electronics,HDMI Cable 2m,1,6508.8,Net Banking,B2C
AMZ-1002624,2023-05-10,Cancelled,Amazon,Amazon.in,WEST BENGAL,Home & Kitchen,Curtain Set 7ft,1,4832.16,Net Banking,B2C
AMZ-1002625,2023-04-13,Delivered,Merchant,Amazon.in,RAJASTHAN,Electronics,HDMI Cable 2m,2,36961.82,Card,B2C
AMZ-1002626,2023-04-06,Delivered,Amazon,Amazon.in,MAHARASHTRA,Electronics,Bluetooth Speaker,1,14786.54,Card,B2C
AMZ-1002627,2023-06-18,Delivered,Merchant,Amazon.in,KERALA,Footwear,Running Shoes,1,3688.52,COD,B2C
AMZ-1002628,2023-05-18,Delivered,Amazon,Amazon.in,TAMIL NADU,Books,Think and Grow Rich,1,642.48,COD,B2C
AMZ-1002629,2023-03-13,Delivered,Amazon,Amazon.in,KARNATAKA,Sports & Fitness,Badminton Racket,3,7201.41,COD,B2C
AMZ-1002630,2023-03-29,Shipped,Amazon,Amazon.in,TAMIL NADU,Electronics,Power Bank 20000mAh,2,76673.9,Card,B2C
AMZ-1002631,2023-03-12,Shipped,Amazon,Amazon.in,MAHARASHTRA,Electronics,Smart TV 43" 4K,1,16500.1,UPI,B2C
AMZ-1002632,2023-05-04,Delivered,Amazon,Amazon.in,MAHARASHTRA,Books,Deep Work,1,790.48,Net Banking,B2C
AMZ-1002633,2023-06-19,Delivered,Amazon,Amazon.in,BIHAR,Electronics,Power Bank 20000mAh,1,11791.42,UPI,B2C
AMZ-1002634,2023-06-17,Delivered,Amazon,Amazon.in,GUJARAT,Home & Kitchen,Vacuum Flask,1,10609.3,Card,B2C
AMZ-1002635,2023-04-07,Returned,Amazon,Amazon.in,UTTAR PRADESH,Apparel,Cotton T-Shirt Slim Fit,1,505.81,COD,B2C
AMZ-1002636,2023-04-10,Delivered,Merchant,Amazon.in,HARYANA,Footwear,Casual Sneakers,1,2043.25,UPI,B2C
AMZ-1002637,2023-06-14,Shipped,Merchant,Amazon.in,PUNJAB,Apparel,Cotton T-Shirt Slim Fit,1,1573.69,Wallet,B2C
AMZ-1002638,2023-05-16,Delivered,Amazon,Amazon.in,TELANGANA,Footwear,Sports Sandals,1,5465.91,Card,B2C
AMZ-1002639,2023-04-15,Cancelled,Merchant,Amazon.in,UTTAR PRADESH,Sports & Fitness,Badminton Racket,3,20844.18,COD,B2C
AMZ-1002640,2023-04-02,Delivered,Merchant,Amazon.in,PUNJAB,Electronics,USB-C Fast Charger,1,35028.54,UPI,B2C
AMZ-1002641,2023-04-28,Delivered,Merchant,Amazon.in,GUJARAT,Apparel,Denim Jacket,1,1424.21,COD,B2C
AMZ-1002642,2023-06-14,Delivered,Amazon,Amazon.in,MAHARASHTRA,Home & Kitchen,Bedsheet Double,2,23990.42,COD,B2C
AMZ-1002643,2023-05-21,Delivered,Amazon,Amazon.in,MAHARASHTRA,Home & Kitchen,Bedsheet Double,1,9961.64,Net Banking,B2C
AMZ-1002644,2023-05-20,Cancelled,Amazon,Amazon.in,KARNATAKA,Home & Kitchen,Steel Water Bottle 1L,1,4787.45,COD,B2C
AMZ-1002645,2023-03-09,Delivered,Amazon,Amazon.in,TAMIL NADU,Sports & Fitness,Cricket Bat,1,7828.39,Card,B2C
AMZ-1002646,2023-03-19,Delivered,Amazon,Amazon.in,KERALA,Home & Kitchen,Storage Container Set,1,1423.61,UPI,B2C
AMZ-1002647,2023-04-29,Delivered,Merchant,Amazon.in,UTTAR PRADESH,Apparel,Winter Sweatshirt,1,1141.93,Card,B2C
AMZ-1002648,2023-03-24,Delivered,Merchant,Amazon.in,TAMIL NADU,Electronics,Smart Watch Series 5,1,35777.91,Card,B2C
AMZ-1002649,2023-03-26,Cancelled,Amazon,Amazon.in,MAHARASHTRA,Electronics,USB-C Fast Charger,2,67599.54,UPI,B2C
AMZ-1002650,2023-04-15,Delivered,Merchant,Amazon.in,KARNATAKA,Beauty,Shampoo Anti-Dandruff,1,458.19,UPI,B2C
AMZ-1002651,2023-06-13,Shipped,Merchant,Amazon.in,MAHARASHTRA,Apparel,Winter Sweatshirt,1,3282.57,UPI,B2C
AMZ-1002652,2023-05-09,Delivered,Merchant,Amazon.in,GUJARAT,Footwear,Loafers,1,5248.3,UPI,B2C
AMZ-1002653,2023-05-26,Shipped,Merchant,Amazon.in,MAHARASHTRA,Home & Kitchen,Vacuum Flask,1,1897.59,UPI,B2C
AMZ-1002654,2023-05-08,Delivered,Amazon,Amazon.in,GUJARAT,Footwear,Loafers,1,2980.18,UPI,B2C
AMZ-1002655,2023-05-17,Returned,Amazon,Amazon.in,DELHI,Electronics,Laptop Backpack,2,15730.84,UPI,B2C
AMZ-1002656,2023-05-25,Delivered,Amazon,Amazon.in,UTTAR PRADESH,Apparel,Sports Shorts,2,4135.06,Card,B2C
AMZ-1002657,2023-05-19,Shipped,Amazon,Amazon.in,BIHAR,Footwear,Loafers,1,4591.09,UPI,B2C
AMZ-1002658,2023-03-08,Delivered,Merchant,Amazon.in,KARNATAKA,Home & Kitchen,Mixer Grinder 750W,1,1601,UPI,B2C
AMZ-1002659,2023-04-06,Delivered,Amazon,Amazon.in,UTTAR PRADESH,Electronics,Laptop Backpack,1,42755.46,UPI,B2C
AMZ-1002660,2023-05-25,Shipped,Amazon,Amazon.in,TELANGANA,Beauty,Lipstick Matte Set,1,2459.06,COD,B2C
AMZ-1002661,2023-05-22,Delivered,Merchant,Amazon.in,BIHAR,Sports & Fitness,Resistance Bands,1,4446.49,UPI,B2C
AMZ-1002662,2023-06-07,Delivered,Merchant,Amazon.in,DELHI,Beauty,Sunscreen SPF 50,1,686.6,UPI,B2C
AMZ-1002663,2023-03-19,Delivered,Merchant,Amazon.in,KARNATAKA,Apparel,Kurta Set,1,3264.86,Card,B2B
AMZ-1002664,2023-04-29,Delivered,Merchant,Amazon.in,DELHI,Beauty,Hair Dryer 1600W,1,1338.14,Card,B2C
AMZ-1002665,2023-05-19,Delivered,Amazon,Amazon.in,TELANGANA,Apparel,Kurta Set,1,1872.66,COD,B2C
AMZ-1002666,2023-05-23,Delivered,Merchant,Amazon.in,KARNATAKA,Home & Kitchen,Curtain Set 7ft,1,10502.7,Wallet,B2C
AMZ-1002667,2023-04-28,Pending,Amazon,Amazon.in,KARNATAKA,Footwear,Loafers,1,3739.31,Net Banking,B2C
AMZ-1002668,2023-04-12,Delivered,Merchant,Amazon.in,HARYANA,Electronics,Wireless Earbuds Pro,2,62890.21,UPI,B2C
AMZ-1002669,2023-05-11,Delivered,Amazon,Amazon.in,TELANGANA,Sports & Fitness,Foam Roller,1,1387.28,Card,B2C
AMZ-1002670,2023-05-22,Returned,Merchant,Amazon.in,KARNATAKA,Books,Deep Work,1,194.67,Card,B2C
AMZ-1002671,2023-06-16,Delivered,Amazon,Amazon.in,TAMIL NADU,Beauty,Hair Dryer 1600W,2,3003.59,Wallet,B2C
AMZ-1002672,2023-03-18,Returned,Amazon,Amazon.in,WEST BENGAL,Electronics,Power Bank 20000mAh,1,10321.56,COD,B2C
AMZ-1002673,2023-03-31,Delivered,Merchant,Amazon.in,MAHARASHTRA,Apparel,Denim Jacket,1,582.76,UPI,B2C
AMZ-1002674,2023-05-05,Delivered,Amazon,Amazon.in,TAMIL NADU,Beauty,Sunscreen SPF 50,1,1756.22,UPI,B2C
AMZ-1002675,2023-04-15,Delivered,Amazon,Amazon.in,TAMIL NADU,Books,Rich Dad Poor Dad,1,635.4,Wallet,B2C
AMZ-1002676,2023-05-19,Delivered,Merchant,Amazon.in,WEST BENGAL,Apparel,Polo T-Shirt,2,2680.93,Wallet,B2C
AMZ-1002677,2023-04-28,Delivered,Amazon,Amazon.in,GUJARAT,Electronics,Bluetooth Speaker,1,7316.29,Card,B2C
AMZ-1002678,2023-04-15,Shipped,Amazon,Amazon.in,KARNATAKA,Home & Kitchen,Curtain Set 7ft,1,11078.75,Card,B2C
AMZ-1002679,2023-05-05,Delivered,Amazon,Amazon.in,UTTAR PRADESH,Home & Kitchen,Mixer Grinder 750W,1,3765.54,UPI,B2C
AMZ-1002680,2023-03-06,Delivered,Merchant,Amazon.in,TAMIL NADU,Sports & Fitness,Cricket Bat,1,7201.47,UPI,B2C
AMZ-1002681,2023-06-08,Cancelled,Amazon,Amazon.in,KARNATAKA,Electronics,Wireless Earbuds Pro,1,32013.83,COD,B2C
AMZ-1002682,2023-03-21,Cancelled,Amazon,Amazon.in,DELHI,Footwear,Running Shoes,1,1296.57,COD,B2C
AMZ-1002683,2023-04-07,Delivered,Merchant,Amazon.in,DELHI,Beauty,Shampoo Anti-Dandruff,1,1051.93,Card,B2C
AMZ-1002684,2023-05-24,Delivered,Merchant,Amazon.in,MAHARASHTRA,Beauty,Shampoo Anti-Dandruff,1,442.39,Card,B2C
AMZ-1002685,2023-05-15,Delivered,Amazon,Amazon.in,DELHI,Electronics,Wireless Earbuds Pro,1,1932.5,Card,B2C
AMZ-1002686,2023-06-24,Cancelled,Amazon,Amazon.in,KARNATAKA,Electronics,Power Bank 20000mAh,1,38024.37,COD,B2C
AMZ-1002687,2023-04-09,Delivered,Amazon,Amazon.in,DELHI,Footwear,Canvas Shoes,2,3453.94,UPI,B2C
AMZ-1002688,2023-05-31,Delivered,Merchant,Amazon.in,KARNATAKA,Apparel,Kurta Set,1,2889.83,Net Banking,B2B
AMZ-1002689,2023-05-05,Cancelled,Amazon,Amazon.in,KERALA,Books,Rich Dad Poor Dad,1,900.87,Wallet,B2C
AMZ-1002690,2023-04-07,Delivered,Amazon,Amazon.in,MAHARASHTRA,Sports & Fitness,Dumbbell Set 10kg,1,1869.68,UPI,B2C
AMZ-1002691,2023-05-21,Delivered,Amazon,Amazon.in,MAHARASHTRA,Sports & Fitness,Cricket Bat,1,711.91,UPI,B2C
AMZ-1002692,2023-05-16,Delivered,Merchant,Amazon.in,KARNATAKA,Electronics,Bluetooth Speaker,1,43197.94,Card,B2C
AMZ-1002693,2023-04-24,Delivered,Amazon,Amazon.in,MADHYA PRADESH,Apparel,Denim Jacket,1,3410.71,Wallet,B2C
AMZ-1002694,2023-05-21,Delivered,Amazon,Amazon.in,GUJARAT,Footwear,Casual Sneakers,2,3748.11,UPI,B2C
AMZ-1002695,2023-04-13,Returned,Amazon,Amazon.in,MAHARASHTRA,Apparel,Denim Jacket,1,578.26,Card,B2C
AMZ-1002696,2023-04-20,Shipped,Amazon,Amazon.in,WEST BENGAL,Electronics,HDMI Cable 2m,1,35821.43,UPI,B2C
AMZ-1002697,2023-05-30,Delivered,Amazon,Amazon.in,UTTAR PRADESH,Apparel,Winter Sweatshirt,1,2484.18,UPI,B2C
AMZ-1002698,2023-06-11,Cancelled,Amazon,Amazon.in,TAMIL NADU,Electronics,Wireless Earbuds Pro,1,3494.53,COD,B2C
AMZ-1002699,2023-03-02,Delivered,Amazon,Amazon.in,TELANGANA,Books,Atomic Habits,2,945.62,UPI,B2C
AMZ-1002700,2023-06-28,Delivered,Amazon,Amazon.in,TELANGANA,Electronics,Laptop Backpack,1,36872.29,UPI,B2B
AMZ-1002701,2023-05-02,Delivered,Merchant,Amazon.in,UTTAR PRADESH,Apparel,Denim Jacket,3,2887.53,COD,B2C
AMZ-1002702,2023-05-14,Cancelled,Amazon,Amazon.in,MAHARASHTRA,Beauty,Lipstick Matte Set,1,1695.76,Card,B2C
AMZ-1002703,2023-03-17,Delivered,Amazon,Amazon.in,MAHARASHTRA,Beauty,Face Wash Neem,1,1257.01,UPI,B2C
AMZ-1002704,2023-04-13,Delivered,Amazon,Amazon.in,HARYANA,Electronics,Laptop Backpack,2,53446.1,Card,B2C
AMZ-1002705,2023-06-27,Cancelled,Merchant,Amazon.in,KARNATAKA,Electronics,Laptop Backpack,1,33658.12,COD,B2C
AMZ-1002706,2023-04-01,Cancelled,Amazon,Amazon.in,TELANGANA,Apparel,Cotton T-Shirt Slim Fit,1,2778.51,COD,B2C
AMZ-1002707,2023-06-08,Delivered,Amazon,Amazon.in,TAMIL NADU,Home & Kitchen,LED Table Lamp,1,5781.97,Net Banking,B2B
AMZ-1002708,2023-06-20,Delivered,Merchant,Amazon.in,KARNATAKA,Footwear,Trail Hiking Boots,1,2426.62,Card,B2C
AMZ-1002709,2023-05-27,Delivered,Amazon,Amazon.in,MAHARASHTRA,Footwear,Casual Sneakers,2,11598.71,UPI,B2C
AMZ-1002710,2023-05-28,Delivered,Amazon,Amazon.in,PUNJAB,Apparel,Polo T-Shirt,1,3396.51,COD,B2C
AMZ-1002711,2023-04-06,Delivered,Amazon,Amazon.in,TAMIL NADU,Home & Kitchen,LED Table Lamp,1,11273.48,UPI,B2C
AMZ-1002712,2023-04-27,Delivered,Merchant,Amazon.in,KARNATAKA,Electronics,Bluetooth Speaker,1,43600.64,COD,B2C
AMZ-1002713,2023-05-01,Delivered,Amazon,Amazon.in,GUJARAT,Electronics,Smart Watch Series 5,1,42778.36,Card,B2C
AMZ-1002714,2023-05-01,Delivered,Amazon,Amazon.in,UTTAR PRADESH,Sports & Fitness,Yoga Mat 6mm,1,6583.95,COD,B2C
AMZ-1002715,2023-06-04,Cancelled,Merchant,Amazon.in,WEST BENGAL,Apparel,Denim Jacket,2,4772.89,COD,B2C
AMZ-1002716,2023-05-16,Delivered,Amazon,Amazon.in,DELHI,Electronics,Power Bank 20000mAh,3,127917.68,Net Banking,B2C
AMZ-1002717,2023-05-16,Cancelled,Amazon,Amazon.in,MAHARASHTRA,Electronics,Bluetooth Speaker,3,53806.49,COD,B2C
AMZ-1002718,2023-05-31,Delivered,Amazon,Amazon.in,MAHARASHTRA,Home & Kitchen,Bedsheet Double,1,1123.58,COD,B2B
AMZ-1002719,2023-06-22,Delivered,Amazon,Amazon.in,WEST BENGAL,Electronics,Power Bank 20000mAh,1,11682.26,UPI,B2C
AMZ-1002720,2023-03-11,Pending,Amazon,Amazon.in,TAMIL NADU,Sports & Fitness,Cricket Bat,2,3494.69,Card,B2C
AMZ-1002721,2023-04-13,Delivered,Amazon,Amazon.in,TAMIL NADU,Footwear,Loafers,2,5054.07,Card,B2C
AMZ-1002722,2023-03-02,Delivered,Amazon,Amazon.in,TAMIL NADU,Footwear,Casual Sneakers,1,1765.46,Card,B2C
AMZ-1002723,2023-05-08,Returned,Amazon,Amazon.in,MAHARASHTRA,Electronics,HDMI Cable 2m,2,29194.27,COD,B2C
AMZ-1002724,2023-05-07,Delivered,Merchant,Amazon.in,KARNATAKA,Sports & Fitness,Badminton Racket,2,13255.23,Wallet,B2C
AMZ-1002725,2023-05-31,Delivered,Merchant,Amazon.in,MAHARASHTRA,Electronics,USB-C Fast Charger,2,28655.52,Card,B2C
AMZ-1002726,2023-04-15,Delivered,Amazon,Amazon.in,HARYANA,Apparel,Sports Shorts,1,1289.45,COD,B2C
AMZ-1002727,2023-06-11,Delivered,Amazon,Amazon.in,KARNATAKA,Beauty,Lipstick Matte Set,1,687.68,COD,B2C
AMZ-1002728,2023-05-26,Delivered,Amazon,Amazon.in,WEST BENGAL,Beauty,Face Wash Neem,1,1505.59,Wallet,B2C
AMZ-1002729,2023-05-10,Delivered,Merchant,Amazon.in,WEST BENGAL,Electronics,HDMI Cable 2m,2,15772.63,COD,B2C
AMZ-1002730,2023-05-15,Shipped,Merchant,Amazon.in,TAMIL NADU,Sports & Fitness,Yoga Mat 6mm,1,2199.92,Card,B2C
AMZ-1002731,2023-03-30,Delivered,Merchant,Amazon.in,KARNATAKA,Beauty,Shampoo Anti-Dandruff,1,528.2,Card,B2C
AMZ-1002732,2023-04-09,Delivered,Merchant,Amazon.in,GUJARAT,Books,The Psychology of Money,1,1044.52,Card,B2C
AMZ-1002733,2023-03-17,Delivered,Amazon,Amazon.in,KARNATAKA,Home & Kitchen,Storage Container Set,1,3276.42,UPI,B2B
AMZ-1002734,2023-05-19,Delivered,Amazon,Amazon.in,TAMIL NADU,Home & Kitchen,Non-Stick Cookware Set,1,8396.64,Net Banking,B2C
AMZ-1002735,2023-06-13,Delivered,Amazon,Amazon.in,GUJARAT,Electronics,Smart TV 43" 4K,1,42294.27,Wallet,B2C
AMZ-1002736,2023-06-04,Delivered,Amazon,Amazon.in,KARNATAKA,Books,The Alchemist,1,611.75,UPI,B2C
AMZ-1002737,2023-04-10,Delivered,Amazon,Amazon.in,RAJASTHAN,Electronics,Laptop Backpack,1,24077.23,Net Banking,B2C
AMZ-1002738,2023-03-22,Delivered,Amazon,Amazon.in,KARNATAKA,Electronics,Smart Watch Series 5,1,18477.73,Net Banking,B2C
AMZ-1002739,2023-03-01,Shipped,Merchant,Amazon.in,UTTAR PRADESH,Home & Kitchen,Steel Water Bottle 1L,2,7155.22,Card,B2C
AMZ-1002740,2023-05-15,Delivered,Amazon,Amazon.in,KARNATAKA,Apparel,Sports Shorts,1,525.58,COD,B2C
AMZ-1002741,2023-04-29,Delivered,Amazon,Amazon.in,TAMIL NADU,Apparel,Polo T-Shirt,1,1944.33,Net Banking,B2C
AMZ-1002742,2023-03-09,Returned,Amazon,Amazon.in,MADHYA PRADESH,Home & Kitchen,Non-Stick Cookware Set,1,2660.81,COD,B2C
AMZ-1002743,2023-03-11,Shipped,Amazon,Amazon.in,KARNATAKA,Electronics,Smart TV 43" 4K,1,14339.08,UPI,B2C
AMZ-1002744,2023-06-19,Delivered,Amazon,Amazon.in,TAMIL NADU,Beauty,Perfume EDT 100ml,1,1558.36,Card,B2B
AMZ-1002745,2023-06-15,Delivered,Merchant,Amazon.in,UTTAR PRADESH,Footwear,Loafers,1,4839.6,UPI,B2C
AMZ-1002746,2023-04-10,Delivered,Amazon,Amazon.in,UTTAR PRADESH,Sports & Fitness,Foam Roller,2,4398.67,Card,B2C
AMZ-1002747,2023-05-05,Delivered,Amazon,Amazon.in,UTTAR PRADESH,Electronics,Smart Watch Series 5,1,12681.56,UPI,B2C
AMZ-1002748,2023-06-08,Delivered,Merchant,Amazon.in,TAMIL NADU,Home & Kitchen,Non-Stick Cookware Set,1,11506.85,UPI,B2C
AMZ-1002749,2023-06-22,Delivered,Amazon,Amazon.in,MAHARASHTRA,Electronics,Power Bank 20000mAh,1,1976.35,Card,B2C
AMZ-1002750,2023-04-29,Cancelled,Amazon,Amazon.in,TAMIL NADU,Apparel,Winter Sweatshirt,3,10276.53,COD,B2C
AMZ-1002751,2023-05-04,Shipped,Merchant,Amazon.in,MAHARASHTRA,Apparel,Denim Jacket,1,1814.37,COD,B2C
AMZ-1002752,2023-04-09,Cancelled,Merchant,Amazon.in,WEST BENGAL,Home & Kitchen,Non-Stick Cookware Set,1,4539.64,COD,B2C
AMZ-1002753,2023-04-23,Delivered,Merchant,Amazon.in,RAJASTHAN,Electronics,Bluetooth Speaker,1,26544.05,Card,B2C
AMZ-1002754,2023-05-05,Delivered,Merchant,Amazon.in,TAMIL NADU,Electronics,Bluetooth Speaker,1,43768.41,COD,B2C
AMZ-1002755,2023-04-11,Shipped,Amazon,Amazon.in,KERALA,Sports & Fitness,Dumbbell Set 10kg,1,7695.83,Card,B2C
AMZ-1002756,2023-05-03,Delivered,Merchant,Amazon.in,UTTAR PRADESH,Electronics,HDMI Cable 2m,1,11762.2,Net Banking,B2C
AMZ-1002757,2023-04-26,Delivered,Amazon,Amazon.in,MADHYA PRADESH,Home & Kitchen,Storage Container Set,2,23384.64,COD,B2C
AMZ-1002758,2023-05-15,Delivered,Amazon,Amazon.in,MAHARASHTRA,Home & Kitchen,Mixer Grinder 750W,1,2731.5,Card,B2B
AMZ-1002759,2023-04-29,Delivered,Amazon,Amazon.in,TELANGANA,Electronics,HDMI Cable 2m,1,11509.23,COD,B2C
AMZ-1002760,2023-04-26,Delivered,Merchant,Amazon.in,DELHI,Electronics,Power Bank 20000mAh,2,6883.35,UPI,B2C
AMZ-1002761,2023-04-30,Cancelled,Amazon,Amazon.in,MAHARASHTRA,Books,The Alchemist,1,766.9,COD,B2C
AMZ-1002762,2023-06-13,Delivered,Amazon,Amazon.in,KARNATAKA,Home & Kitchen,Mixer Grinder 750W,1,9493.26,UPI,B2C
AMZ-1002763,2023-05-17,Delivered,Merchant,Amazon.in,GUJARAT,Electronics,Smart Watch Series 5,1,32096.97,UPI,B2C
AMZ-1002764,2023-06-09,Delivered,Merchant,Amazon.in,TELANGANA,Home & Kitchen,Steel Water Bottle 1L,1,1729.62,COD,B2C
AMZ-1002765,2023-06-09,Shipped,Amazon,Amazon.in,KARNATAKA,Books,The Psychology of Money,1,154.56,Net Banking,B2C
AMZ-1002766,2023-03-18,Delivered,Amazon,Amazon.in,TAMIL NADU,Beauty,Beard Oil,3,2020.61,Card,B2C
AMZ-1002767,2023-04-28,Delivered,Merchant,Amazon.in,DELHI,Beauty,Hair Dryer 1600W,1,987.27,UPI,B2C
AMZ-1002768,2023-03-26,Delivered,Merchant,Amazon.in,MAHARASHTRA,Home & Kitchen,LED Table Lamp,1,6623.15,COD,B2C
AMZ-1002769,2023-06-01,Delivered,Merchant,Amazon.in,WEST BENGAL,Electronics,USB-C Fast Charger,2,62077.18,UPI,B2C
AMZ-1002770,2023-04-26,Delivered,Amazon,Amazon.in,KARNATAKA,Apparel,Sports Shorts,1,930.83,Net Banking,B2C
AMZ-1002771,2023-03-13,Shipped,Amazon,Amazon.in,KERALA,Footwear,Sports Sandals,2,11688.73,COD,B2C
AMZ-1002772,2023-03-16,Delivered,Amazon,Amazon.in,MADHYA PRADESH,Home & Kitchen,Storage Container Set,2,2785.63,UPI,B2C
AMZ-1002773,2023-06-08,Delivered,Merchant,Amazon.in,DELHI,Beauty,Beard Oil,2,798.87,UPI,B2C
AMZ-1002774,2023-05-27,Delivered,Amazon,Amazon.in,UTTAR PRADESH,Home & Kitchen,Bedsheet Double,2,18985.43,UPI,B2C
AMZ-1002775,2023-06-10,Delivered,Amazon,Amazon.in,MAHARASHTRA,Electronics,Smart Watch Series 5,2,19227.03,Card,B2C
AMZ-1002776,2023-06-09,Delivered,Amazon,Amazon.in,TELANGANA,Electronics,Bluetooth Speaker,1,20584.69,Card,B2C
AMZ-1002777,2023-05-19,Delivered,Amazon,Amazon.in,GUJARAT,Home & Kitchen,Non-Stick Cookware Set,1,8379.83,UPI,B2C
AMZ-1002778,2023-04-13,Delivered,Merchant,Amazon.in,GUJARAT,Home & Kitchen,Non-Stick Cookware Set,1,6680.75,COD,B2C
AMZ-1002779,2023-03-06,Delivered,Amazon,Amazon.in,KERALA,Home & Kitchen,Non-Stick Cookware Set,1,11707.11,Net Banking,B2C
AMZ-1002780,2023-05-26,Delivered,Amazon,Amazon.in,TELANGANA,Books,Ikigai,2,1712.63,UPI,B2C
AMZ-1002781,2023-04-11,Delivered,Amazon,Amazon.in,MAHARASHTRA,Apparel,Kurta Set,1,2948.45,UPI,B2C
AMZ-1002782,2023-04-14,Delivered,Amazon,Amazon.in,TAMIL NADU,Electronics,Power Bank 20000mAh,1,13111.3,Wallet,B2C
AMZ-1002783,2023-05-30,Shipped,Amazon,Amazon.in,PUNJAB,Beauty,Shampoo Anti-Dandruff,1,711.94,COD,B2C
AMZ-1002784,2023-05-11,Delivered,Amazon,Amazon.in,UTTAR PRADESH,Apparel,Polo T-Shirt,1,2340.13,COD,B2C
AMZ-1002785,2023-03-23,Delivered,Amazon,Amazon.in,TAMIL NADU,Sports & Fitness,Badminton Racket,1,5210.62,UPI,B2C
AMZ-1002786,2023-05-04,Delivered,Amazon,Amazon.in,MAHARASHTRA,Books,Deep Work,1,265.34,UPI,B2C
AMZ-1002787,2023-06-03,Delivered,Amazon,Amazon.in,GUJARAT,Home & Kitchen,Curtain Set 7ft,1,8486.07,UPI,B2C
AMZ-1002788,2023-03-20,Delivered,Amazon,Amazon.in,DELHI,Electronics,Smart Watch Series 5,1,17179.79,Card,B2C
AMZ-1002789,2023-03-01,Delivered,Amazon,Amazon.in,PUNJAB,Electronics,Power Bank 20000mAh,3,76730.56,UPI,B2C
AMZ-1002790,2023-04-19,Delivered,Amazon,Amazon.in,MAHARASHTRA,Apparel,Sports Shorts,3,7502.57,Wallet,B2B
AMZ-1002791,2023-04-07,Delivered,Amazon,Amazon.in,DELHI,Apparel,Winter Sweatshirt,1,2240.01,Net Banking,B2C
AMZ-1002792,2023-05-30,Cancelled,Merchant,Amazon.in,UTTAR PRADESH,Electronics,Bluetooth Speaker,1,16274.11,COD,B2C
AMZ-1002793,2023-03-29,Shipped,Merchant,Amazon.in,WEST BENGAL,Books,Sapiens,1,976.01,UPI,B2C
AMZ-1002794,2023-05-27,Delivered,Amazon,Amazon.in,KERALA,Books,Rich Dad Poor Dad,2,1808.94,Card,B2C
AMZ-1002795,2023-05-07,Delivered,Amazon,Amazon.in,GUJARAT,Sports & Fitness,Foam Roller,1,1237.19,Card,B2C
AMZ-1002796,2023-03-07,Delivered,Merchant,Amazon.in,RAJASTHAN,Electronics,Smart TV 43" 4K,1,33311.62,Card,B2C
AMZ-1002797,2023-05-23,Delivered,Merchant,Amazon.in,TELANGANA,Electronics,HDMI Cable 2m,1,22601.98,UPI,B2C
AMZ-1002798,2023-06-26,Delivered,Amazon,Amazon.in,MAHARASHTRA,Books,Rich Dad Poor Dad,1,765.9,COD,B2C
AMZ-1002799,2023-04-10,Delivered,Amazon,Amazon.in,KERALA,Books,Sapiens,1,531.05,COD,B2C
AMZ-1002800,2023-03-03,Delivered,Merchant,Amazon.in,RAJASTHAN,Apparel,Leather Belt,1,1730.36,Card,B2C
AMZ-1002801,2023-03-10,Delivered,Merchant,Amazon.in,UTTAR PRADESH,Beauty,Sunscreen SPF 50,1,849.59,COD,B2C
AMZ-1002802,2023-05-01,Shipped,Amazon,Amazon.in,TAMIL NADU,Beauty,Hair Dryer 1600W,1,626.12,UPI,B2B
AMZ-1002803,2023-05-06,Delivered,Amazon,Amazon.in,TELANGANA,Electronics,Smart Watch Series 5,2,77074.14,UPI,B2C
AMZ-1002804,2023-04-01,Delivered,Amazon,Amazon.in,TAMIL NADU,Books,The Psychology of Money,1,897.82,Net Banking,B2C
AMZ-1002805,2023-06-23,Cancelled,Merchant,Amazon.in,KARNATAKA,Electronics,Bluetooth Speaker,1,23252.94,COD,B2C
AMZ-1002806,2023-04-16,Delivered,Amazon,Amazon.in,MAHARASHTRA,Books,The Psychology of Money,1,161.13,UPI,B2C
AMZ-1002807,2023-05-11,Cancelled,Amazon,Amazon.in,KARNATAKA,Beauty,Vitamin C Face Serum,2,1113.42,COD,B2C
AMZ-1002808,2023-06-22,Shipped,Amazon,Amazon.in,KERALA,Beauty,Perfume EDT 100ml,1,645.89,Wallet,B2B
AMZ-1002809,2023-05-12,Shipped,Amazon,Amazon.in,TAMIL NADU,Beauty,Perfume EDT 100ml,2,1224.87,COD,B2C
AMZ-1002810,2023-05-20,Cancelled,Amazon,Amazon.in,UTTAR PRADESH,Books,Rich Dad Poor Dad,2,872.42,COD,B2C
AMZ-1002811,2023-05-09,Shipped,Amazon,Amazon.in,DELHI,Home & Kitchen,Steel Water Bottle 1L,1,5311.99,Card,B2C
AMZ-1002812,2023-04-01,Delivered,Amazon,Amazon.in,GUJARAT,Electronics,Power Bank 20000mAh,1,2159.02,Card,B2C
AMZ-1002813,2023-06-14,Cancelled,Merchant,Amazon.in,MAHARASHTRA,Home & Kitchen,Curtain Set 7ft,2,6987.55,UPI,B2C
AMZ-1002814,2023-06-20,Returned,Amazon,Amazon.in,TAMIL NADU,Electronics,USB-C Fast Charger,1,31582.1,UPI,B2C
AMZ-1002815,2023-04-13,Delivered,Amazon,Amazon.in,WEST BENGAL,Home & Kitchen,Bedsheet Double,1,8576.59,Card,B2C
AMZ-1002816,2023-04-13,Delivered,Amazon,Amazon.in,RAJASTHAN,Beauty,Beard Oil,1,1772.91,Net Banking,B2C
AMZ-1002817,2023-04-02,Delivered,Amazon,Amazon.in,KARNATAKA,Electronics,Wireless Earbuds Pro,1,15494.96,Net Banking,B2C
AMZ-1002818,2023-05-07,Delivered,Merchant,Amazon.in,GUJARAT,Apparel,Formal Shirt,1,3010.25,UPI,B2C
AMZ-1002819,2023-04-22,Delivered,Amazon,Amazon.in,UTTAR PRADESH,Electronics,HDMI Cable 2m,2,37772.22,COD,B2C
AMZ-1002820,2023-04-05,Delivered,Merchant,Amazon.in,MADHYA PRADESH,Electronics,Power Bank 20000mAh,2,33002.26,Net Banking,B2C
AMZ-1002821,2023-05-01,Delivered,Amazon,Amazon.in,KARNATAKA,Books,Think and Grow Rich,1,975.41,Card,B2C
AMZ-1002822,2023-03-13,Delivered,Merchant,Amazon.in,WEST BENGAL,Home & Kitchen,Non-Stick Cookware Set,3,2212.58,Wallet,B2C
AMZ-1002823,2023-05-28,Delivered,Merchant,Amazon.in,WEST BENGAL,Home & Kitchen,Vacuum Flask,1,1223.36,Card,B2C
AMZ-1002824,2023-06-21,Delivered,Merchant,Amazon.in,DELHI,Home & Kitchen,Vacuum Flask,1,8377.24,Card,B2C
AMZ-1002825,2023-06-02,Delivered,Merchant,Amazon.in,WEST BENGAL,Electronics,USB-C Fast Charger,2,55831.12,UPI,B2C
AMZ-1002826,2023-05-03,Cancelled,Amazon,Amazon.in,WEST BENGAL,Beauty,Shampoo Anti-Dandruff,1,1350.56,COD,B2C
AMZ-1002827,2023-04-04,Returned,Merchant,Amazon.in,KARNATAKA,Apparel,Cotton T-Shirt Slim Fit,2,4018.02,UPI,B2C
AMZ-1002828,2023-06-17,Delivered,Merchant,Amazon.in,TELANGANA,Sports & Fitness,Resistance Bands,1,4057.64,COD,B2C
AMZ-1002829,2023-03-07,Delivered,Amazon,Amazon.in,WEST BENGAL,Apparel,Sports Shorts,1,518.59,UPI,B2C
AMZ-1002830,2023-05-10,Delivered,Amazon,Amazon.in,GUJARAT,Apparel,Kurta Set,1,2370.82,Net Banking,B2C
AMZ-1002831,2023-03-19,Delivered,Merchant,Amazon.in,MAHARASHTRA,Beauty,Lipstick Matte Set,2,3331.77,UPI,B2C
AMZ-1002832,2023-03-21,Delivered,Amazon,Amazon.in,WEST BENGAL,Apparel,Cotton T-Shirt Slim Fit,3,9909.9,UPI,B2C
AMZ-1002833,2023-05-20,Delivered,Merchant,Amazon.in,KERALA,Electronics,Smart TV 43" 4K,1,12316.31,Wallet,B2C
AMZ-1002834,2023-05-20,Delivered,Merchant,Amazon.in,UTTAR PRADESH,Home & Kitchen,Bedsheet Double,2,12556.01,Card,B2C
AMZ-1002835,2023-04-15,Shipped,Amazon,Amazon.in,KARNATAKA,Footwear,Casual Sneakers,1,3715.39,UPI,B2C
AMZ-1002836,2023-04-19,Shipped,Amazon,Amazon.in,KERALA,Apparel,Leather Belt,1,2901.67,Net Banking,B2C
AMZ-1002837,2023-05-07,Delivered,Merchant,Amazon.in,MADHYA PRADESH,Electronics,Power Bank 20000mAh,2,30894.13,Card,B2C
AMZ-1002838,2023-06-24,Delivered,Merchant,Amazon.in,DELHI,Beauty,Shampoo Anti-Dandruff,1,893.76,Card,B2C
AMZ-1002839,2023-04-07,Cancelled,Amazon,Amazon.in,MAHARASHTRA,Home & Kitchen,Mixer Grinder 750W,1,7103.42,Wallet,B2C
AMZ-1002840,2023-05-30,Delivered,Amazon,Amazon.in,MAHARASHTRA,Sports & Fitness,Cricket Bat,1,5158.3,UPI,B2B
AMZ-1002841,2023-06-10,Delivered,Merchant,Amazon.in,TAMIL NADU,Sports & Fitness,Cricket Bat,1,1819.86,Card,B2C
AMZ-1002842,2023-05-20,Returned,Merchant,Amazon.in,HARYANA,Electronics,Smart Watch Series 5,1,19818.94,COD,B2C
AMZ-1002843,2023-04-10,Shipped,Merchant,Amazon.in,KARNATAKA,Beauty,Face Wash Neem,1,1958.13,UPI,B2C
AMZ-1002844,2023-04-10,Cancelled,Merchant,Amazon.in,MAHARASHTRA,Apparel,Sports Shorts,1,3295.76,COD,B2C
AMZ-1002845,2023-04-02,Delivered,Merchant,Amazon.in,WEST BENGAL,Electronics,HDMI Cable 2m,1,20004.63,COD,B2C
AMZ-1002846,2023-04-19,Cancelled,Amazon,Amazon.in,DELHI,Home & Kitchen,Storage Container Set,1,6907.08,UPI,B2C
AMZ-1002847,2023-03-21,Delivered,Amazon,Amazon.in,KARNATAKA,Books,The Alchemist,1,718.65,Net Banking,B2C
AMZ-1002848,2023-04-03,Delivered,Merchant,Amazon.in,MADHYA PRADESH,Home & Kitchen,Storage Container Set,2,3253.26,Card,B2C
AMZ-1002849,2023-05-09,Delivered,Amazon,Amazon.in,TAMIL NADU,Electronics,Laptop Backpack,1,13370.45,UPI,B2C
AMZ-1002850,2023-04-12,Delivered,Merchant,Amazon.in,GUJARAT,Electronics,Wireless Earbuds Pro,1,44935.54,UPI,B2C
AMZ-1002851,2023-06-16,Delivered,Merchant,Amazon.in,TELANGANA,Beauty,Vitamin C Face Serum,1,1579.74,UPI,B2C
AMZ-1002852,2023-03-02,Delivered,Merchant,Amazon.in,KARNATAKA,Home & Kitchen,Vacuum Flask,1,6065.37,UPI,B2C
AMZ-1002853,2023-05-20,Delivered,Merchant,Amazon.in,KARNATAKA,Footwear,Casual Sneakers,1,2521.23,Net Banking,B2C
AMZ-1002854,2023-05-25,Delivered,Merchant,Amazon.in,WEST BENGAL,Apparel,Sports Shorts,1,657.32,Wallet,B2C
AMZ-1002855,2023-05-09,Delivered,Amazon,Amazon.in,DELHI,Home & Kitchen,Non-Stick Cookware Set,2,1464.21,Card,B2C
AMZ-1002856,2023-03-27,Pending,Amazon,Amazon.in,RAJASTHAN,Apparel,Kurta Set,1,3341.49,UPI,B2C
AMZ-1002857,2023-04-29,Cancelled,Amazon,Amazon.in,UTTAR PRADESH,Apparel,Cotton T-Shirt Slim Fit,1,1656.9,Wallet,B2C
AMZ-1002858,2023-04-27,Delivered,Amazon,Amazon.in,RAJASTHAN,Home & Kitchen,Steel Water Bottle 1L,1,2485.59,UPI,B2C
AMZ-1002859,2023-04-08,Delivered,Merchant,Amazon.in,MADHYA PRADESH,Sports & Fitness,Badminton Racket,1,4509.03,Net Banking,B2C
AMZ-1002860,2023-06-08,Delivered,Amazon,Amazon.in,TAMIL NADU,Beauty,Shampoo Anti-Dandruff,1,2292.56,COD,B2C
AMZ-1002861,2023-04-23,Delivered,Amazon,Amazon.in,TAMIL NADU,Home & Kitchen,Storage Container Set,1,9505.64,Card,B2C
AMZ-1002862,2023-04-13,Delivered,Amazon,Amazon.in,PUNJAB,Home & Kitchen,LED Table Lamp,1,4974.15,Card,B2C
AMZ-1002863,2023-03-05,Cancelled,Amazon,Amazon.in,BIHAR,Footwear,Formal Leather Shoes,1,3155.38,Wallet,B2C
AMZ-1002864,2023-03-20,Delivered,Merchant,Amazon.in,DELHI,Electronics,Smart Watch Series 5,1,14587.8,Card,B2C
AMZ-1002865,2023-05-31,Delivered,Amazon,Amazon.in,UTTAR PRADESH,Electronics,USB-C Fast Charger,2,59241.14,UPI,B2C
AMZ-1002866,2023-05-27,Cancelled,Amazon,Amazon.in,MAHARASHTRA,Books,The Alchemist,2,888.6,COD,B2C
AMZ-1002867,2023-05-30,Delivered,Amazon,Amazon.in,BIHAR,Electronics,Smart Watch Series 5,1,14836.14,COD,B2C
AMZ-1002868,2023-03-02,Delivered,Amazon,Amazon.in,MAHARASHTRA,Electronics,Smart Watch Series 5,1,19622.92,Wallet,B2C
AMZ-1002869,2023-04-23,Delivered,Amazon,Amazon.in,TAMIL NADU,Electronics,HDMI Cable 2m,1,9689.79,UPI,B2C
AMZ-1002870,2023-06-25,Cancelled,Merchant,Amazon.in,DELHI,Books,Sapiens,1,167.47,COD,B2C
AMZ-1002871,2023-06-24,Delivered,Amazon,Amazon.in,KARNATAKA,Home & Kitchen,Non-Stick Cookware Set,1,961.03,COD,B2C
AMZ-1002872,2023-03-10,Delivered,Amazon,Amazon.in,DELHI,Home & Kitchen,LED Table Lamp,1,2028.42,UPI,B2C
AMZ-1002873,2023-05-15,Delivered,Amazon,Amazon.in,GUJARAT,Beauty,Vitamin C Face Serum,2,4512.99,Wallet,B2C
AMZ-1002874,2023-06-02,Delivered,Amazon,Amazon.in,KARNATAKA,Electronics,Smart TV 43" 4K,1,31028.98,COD,B2C
AMZ-1002875,2023-03-01,Cancelled,Merchant,Amazon.in,BIHAR,Beauty,Sunscreen SPF 50,1,2069.78,COD,B2C
AMZ-1002876,2023-06-13,Delivered,Amazon,Amazon.in,TELANGANA,Home & Kitchen,Bedsheet Double,1,7002.39,UPI,B2C
AMZ-1002877,2023-03-31,Pending,Amazon,Amazon.in,MAHARASHTRA,Electronics,Power Bank 20000mAh,2,19413.83,UPI,B2C
AMZ-1002878,2023-05-29,Delivered,Merchant,Amazon.in,TAMIL NADU,Electronics,Wireless Earbuds Pro,1,17340.31,UPI,B2C
AMZ-1002879,2023-04-14,Delivered,Merchant,Amazon.in,KERALA,Home & Kitchen,LED Table Lamp,1,7223.89,Wallet,B2C
AMZ-1002880,2023-05-20,Delivered,Merchant,Amazon.in,TAMIL NADU,Sports & Fitness,Dumbbell Set 10kg,2,2691.52,COD,B2C
AMZ-1002881,2023-03-03,Delivered,Amazon,Amazon.in,KERALA,Home & Kitchen,LED Table Lamp,1,11031.69,Net Banking,B2C
AMZ-1002882,2023-05-30,Delivered,Amazon,Amazon.in,GUJARAT,Sports & Fitness,Yoga Mat 6mm,1,1168.13,Wallet,B2C
AMZ-1002883,2023-04-20,Delivered,Merchant,Amazon.in,MAHARASHTRA,Electronics,Power Bank 20000mAh,1,12009.31,Wallet,B2C
AMZ-1002884,2023-04-16,Delivered,Amazon,Amazon.in,TELANGANA,Beauty,Beard Oil,1,2414.45,UPI,B2B
AMZ-1002885,2023-04-18,Delivered,Amazon,Amazon.in,KARNATAKA,Beauty,Lipstick Matte Set,1,2164,UPI,B2B
AMZ-1002886,2023-03-11,Returned,Amazon,Amazon.in,HARYANA,Sports & Fitness,Yoga Mat 6mm,2,8060.01,COD,B2C
AMZ-1002887,2023-06-22,Delivered,Amazon,Amazon.in,MAHARASHTRA,Apparel,Denim Jacket,2,4200.29,UPI,B2C
AMZ-1002888,2023-06-04,Delivered,Merchant,Amazon.in,TELANGANA,Electronics,Wireless Earbuds Pro,1,43084.14,Wallet,B2C
AMZ-1002889,2023-05-19,Delivered,Amazon,Amazon.in,WEST BENGAL,Footwear,Sports Sandals,1,1666.75,COD,B2C
AMZ-1002890,2023-04-30,Delivered,Amazon,Amazon.in,DELHI,Home & Kitchen,Storage Container Set,1,1307.93,Card,B2C
AMZ-1002891,2023-06-11,Delivered,Amazon,Amazon.in,RAJASTHAN,Books,Atomic Habits,2,1905.25,UPI,B2C
AMZ-1002892,2023-05-13,Delivered,Amazon,Amazon.in,DELHI,Sports & Fitness,Dumbbell Set 10kg,1,4176.71,Net Banking,B2C
AMZ-1002893,2023-05-13,Delivered,Amazon,Amazon.in,GUJARAT,Electronics,Power Bank 20000mAh,2,21259.11,COD,B2C
AMZ-1002894,2023-04-02,Delivered,Amazon,Amazon.in,WEST BENGAL,Apparel,Cotton T-Shirt Slim Fit,1,1937.46,Card,B2C
AMZ-1002895,2023-03-01,Shipped,Merchant,Amazon.in,TAMIL NADU,Footwear,Canvas Shoes,1,5236.27,UPI,B2C
AMZ-1002896,2023-04-27,Delivered,Merchant,Amazon.in,BIHAR,Apparel,Formal Shirt,2,2614.1,UPI,B2C
AMZ-1002897,2023-06-20,Delivered,Amazon,Amazon.in,MAHARASHTRA,Books,Deep Work,2,1863.89,Card,B2C
AMZ-1002898,2023-06-06,Delivered,Amazon,Amazon.in,TELANGANA,Apparel,Formal Shirt,1,2201.83,UPI,B2C
AMZ-1002899,2023-04-20,Delivered,Amazon,Amazon.in,MAHARASHTRA,Apparel,Leather Belt,1,1100.66,UPI,B2C
AMZ-1002900,2023-05-11,Delivered,Amazon,Amazon.in,KARNATAKA,Sports & Fitness,Skipping Rope,1,4595.76,Net Banking,B2C
AMZ-1002901,2023-03-08,Delivered,Amazon,Amazon.in,RAJASTHAN,Electronics,HDMI Cable 2m,1,31176.02,Wallet,B2C
AMZ-1002902,2023-05-11,Delivered,Amazon,Amazon.in,UTTAR PRADESH,Home & Kitchen,LED Table Lamp,1,5816.08,UPI,B2C
AMZ-1002903,2023-03-08,Cancelled,Amazon,Amazon.in,KARNATAKA,Beauty,Shampoo Anti-Dandruff,1,468.79,Wallet,B2C
AMZ-1002904,2023-04-24,Returned,Amazon,Amazon.in,RAJASTHAN,Electronics,HDMI Cable 2m,2,35304.84,COD,B2C
AMZ-1002905,2023-05-27,Delivered,Amazon,Amazon.in,KARNATAKA,Footwear,Canvas Shoes,1,602.87,UPI,B2C
AMZ-1002906,2023-05-21,Delivered,Amazon,Amazon.in,MAHARASHTRA,Sports & Fitness,Cricket Bat,1,4057.96,COD,B2C
AMZ-1002907,2023-04-15,Delivered,Amazon,Amazon.in,BIHAR,Books,Think and Grow Rich,2,1769.87,Wallet,B2C
AMZ-1002908,2023-05-04,Returned,Merchant,Amazon.in,MAHARASHTRA,Sports & Fitness,Yoga Mat 6mm,1,5674.7,Card,B2C
AMZ-1002909,2023-06-17,Shipped,Amazon,Amazon.in,GUJARAT,Books,The Alchemist,1,1114.28,UPI,B2C
AMZ-1002910,2023-05-14,Delivered,Amazon,Amazon.in,RAJASTHAN,Beauty,Vitamin C Face Serum,1,2440.49,UPI,B2C
AMZ-1002911,2023-06-27,Delivered,Merchant,Amazon.in,TELANGANA,Footwear,Trail Hiking Boots,2,5458.48,Card,B2C
AMZ-1002912,2023-03-03,Delivered,Amazon,Amazon.in,MAHARASHTRA,Home & Kitchen,Curtain Set 7ft,2,3979.18,UPI,B2C
AMZ-1002913,2023-04-01,Delivered,Merchant,Amazon.in,KARNATAKA,Apparel,Sports Shorts,1,2697.64,UPI,B2C
AMZ-1002914,2023-06-05,Delivered,Amazon,Amazon.in,KERALA,Books,Atomic Habits,2,1994.23,UPI,B2C
AMZ-1002915,2023-06-12,Cancelled,Merchant,Amazon.in,DELHI,Footwear,Flip Flops,1,5524.85,COD,B2C
AMZ-1002916,2023-05-22,Delivered,Merchant,Amazon.in,TAMIL NADU,Electronics,Smart TV 43" 4K,1,3273.13,Net Banking,B2C
AMZ-1002917,2023-04-01,Delivered,Amazon,Amazon.in,KERALA,Electronics,HDMI Cable 2m,1,28120.93,COD,B2C
AMZ-1002918,2023-03-02,Delivered,Amazon,Amazon.in,UTTAR PRADESH,Books,Rich Dad Poor Dad,2,2216.41,Card,B2C
AMZ-1002919,2023-05-23,Delivered,Amazon,Amazon.in,WEST BENGAL,Beauty,Sunscreen SPF 50,1,1994.96,Card,B2C
AMZ-1002920,2023-06-08,Delivered,Amazon,Amazon.in,RAJASTHAN,Apparel,Kurta Set,1,1837.69,UPI,B2B
AMZ-1002921,2023-03-29,Delivered,Amazon,Amazon.in,KERALA,Footwear,Canvas Shoes,1,5274.95,UPI,B2C
AMZ-1002922,2023-04-07,Returned,Amazon,Amazon.in,RAJASTHAN,Home & Kitchen,Non-Stick Cookware Set,1,7445.86,Card,B2C
AMZ-1002923,2023-05-19,Shipped,Amazon,Amazon.in,GUJARAT,Home & Kitchen,Vacuum Flask,1,11008.87,Card,B2C
AMZ-1002924,2023-05-02,Delivered,Amazon,Amazon.in,TELANGANA,Beauty,Beard Oil,1,640.01,UPI,B2C
AMZ-1002925,2023-06-23,Delivered,Amazon,Amazon.in,GUJARAT,Apparel,Denim Jacket,1,3090.26,COD,B2C
AMZ-1002926,2023-04-08,Returned,Amazon,Amazon.in,MAHARASHTRA,Apparel,Sports Shorts,2,3541.08,Wallet,B2C
AMZ-1002927,2023-05-01,Delivered,Merchant,Amazon.in,TAMIL NADU,Home & Kitchen,Curtain Set 7ft,2,5752.36,Card,B2C
AMZ-1002928,2023-05-21,Delivered,Amazon,Amazon.in,GUJARAT,Sports & Fitness,Badminton Racket,1,6245.99,UPI,B2C
AMZ-1002929,2023-03-27,Delivered,Amazon,Amazon.in,UTTAR PRADESH,Apparel,Denim Jacket,1,3419.18,Card,B2C
AMZ-1002930,2023-05-18,Delivered,Amazon,Amazon.in,DELHI,Books,Think and Grow Rich,1,899.7,Wallet,B2C
AMZ-1002931,2023-04-10,Delivered,Amazon,Amazon.in,GUJARAT,Electronics,Power Bank 20000mAh,3,89954.44,Card,B2C
AMZ-1002932,2023-03-06,Delivered,Amazon,Amazon.in,MAHARASHTRA,Home & Kitchen,Non-Stick Cookware Set,3,8478.19,UPI,B2C
AMZ-1002933,2023-06-09,Delivered,Amazon,Amazon.in,KARNATAKA,Books,Deep Work,1,669.31,Card,B2C
AMZ-1002934,2023-03-27,Delivered,Merchant,Amazon.in,TAMIL NADU,Electronics,Wireless Earbuds Pro,2,19183.68,COD,B2C
AMZ-1002935,2023-04-22,Delivered,Merchant,Amazon.in,MAHARASHTRA,Footwear,Casual Sneakers,2,9250.2,UPI,B2C
AMZ-1002936,2023-05-02,Delivered,Amazon,Amazon.in,TELANGANA,Electronics,Smart Watch Series 5,2,44027.69,UPI,B2C
AMZ-1002937,2023-05-07,Shipped,Amazon,Amazon.in,KARNATAKA,Footwear,Casual Sneakers,1,5952.49,COD,B2C
AMZ-1002938,2023-04-22,Delivered,Merchant,Amazon.in,UTTAR PRADESH,Footwear,Running Shoes,1,5882.44,Card,B2C
AMZ-1002939,2023-03-27,Delivered,Merchant,Amazon.in,UTTAR PRADESH,Footwear,Trail Hiking Boots,1,3946.76,Wallet,B2B
AMZ-1002940,2023-05-26,Shipped,Amazon,Amazon.in,TAMIL NADU,Home & Kitchen,Curtain Set 7ft,2,8261.81,UPI,B2C
AMZ-1002941,2023-05-27,Delivered,Amazon,Amazon.in,TELANGANA,Apparel,Denim Jacket,2,4062.85,Net Banking,B2C
AMZ-1002942,2023-05-16,Delivered,Amazon,Amazon.in,WEST BENGAL,Apparel,Denim Jacket,2,6952.67,Wallet,B2C
AMZ-1002943,2023-03-01,Delivered,Merchant,Amazon.in,WEST BENGAL,Apparel,Sports Shorts,2,2669.84,UPI,B2C
AMZ-1002944,2023-04-25,Shipped,Amazon,Amazon.in,MAHARASHTRA,Apparel,Denim Jacket,1,2150.84,UPI,B2C
AMZ-1002945,2023-03-19,Cancelled,Merchant,Amazon.in,MAHARASHTRA,Electronics,Laptop Backpack,2,78203.29,Card,B2C
AMZ-1002946,2023-05-13,Delivered,Merchant,Amazon.in,DELHI,Apparel,Polo T-Shirt,1,799.78,COD,B2C
AMZ-1002947,2023-06-24,Delivered,Amazon,Amazon.in,WEST BENGAL,Sports & Fitness,Football Size 5,3,19984.58,UPI,B2C
AMZ-1002948,2023-03-12,Cancelled,Merchant,Amazon.in,DELHI,Home & Kitchen,Storage Container Set,2,16201.26,Card,B2C
AMZ-1002949,2023-03-14,Delivered,Merchant,Amazon.in,UTTAR PRADESH,Sports & Fitness,Resistance Bands,1,2067.28,Card,B2C
AMZ-1002950,2023-06-09,Shipped,Amazon,Amazon.in,KARNATAKA,Electronics,Wireless Earbuds Pro,1,34467.2,Card,B2C
AMZ-1002951,2023-04-11,Delivered,Merchant,Amazon.in,KARNATAKA,Electronics,Smart Watch Series 5,1,2757.66,Card,B2C
AMZ-1002952,2023-06-17,Delivered,Merchant,Amazon.in,DELHI,Books,The Psychology of Money,1,989.51,UPI,B2C
AMZ-1002953,2023-04-07,Delivered,Merchant,Amazon.in,GUJARAT,Beauty,Perfume EDT 100ml,2,3144.78,UPI,B2C
AMZ-1002954,2023-06-05,Returned,Merchant,Amazon.in,MAHARASHTRA,Beauty,Sunscreen SPF 50,1,2283.43,Card,B2C
AMZ-1002955,2023-06-14,Delivered,Amazon,Amazon.in,RAJASTHAN,Electronics,Laptop Backpack,2,12298.8,Card,B2C
AMZ-1002956,2023-06-11,Delivered,Amazon,Amazon.in,TELANGANA,Books,The Psychology of Money,2,2077.48,COD,B2C
AMZ-1002957,2023-05-26,Delivered,Amazon,Amazon.in,TELANGANA,Apparel,Cotton T-Shirt Slim Fit,1,2901.22,Wallet,B2C
AMZ-1002958,2023-05-12,Delivered,Merchant,Amazon.in,PUNJAB,Electronics,HDMI Cable 2m,1,8166.32,Card,B2C
AMZ-1002959,2023-04-18,Delivered,Merchant,Amazon.in,MAHARASHTRA,Footwear,Formal Leather Shoes,3,7409.12,UPI,B2C
AMZ-1002960,2023-03-17,Returned,Merchant,Amazon.in,TAMIL NADU,Footwear,Formal Leather Shoes,1,2729.11,Card,B2C
AMZ-1002961,2023-05-25,Delivered,Amazon,Amazon.in,MAHARASHTRA,Beauty,Shampoo Anti-Dandruff,1,1224.09,UPI,B2C
AMZ-1002962,2023-05-19,Delivered,Merchant,Amazon.in,DELHI,Footwear,Formal Leather Shoes,1,4343.67,Card,B2C
AMZ-1002963,2023-03-31,Cancelled,Amazon,Amazon.in,UTTAR PRADESH,Electronics,Smart TV 43" 4K,2,55055.79,COD,B2C
AMZ-1002964,2023-04-22,Returned,Amazon,Amazon.in,WEST BENGAL,Home & Kitchen,Steel Water Bottle 1L,2,11241.87,UPI,B2C
AMZ-1002965,2023-03-24,Delivered,Amazon,Amazon.in,RAJASTHAN,Apparel,Sports Shorts,3,7861.85,Card,B2C
AMZ-1002966,2023-04-22,Delivered,Merchant,Amazon.in,TELANGANA,Electronics,Power Bank 20000mAh,1,2218.41,COD,B2C
AMZ-1002967,2023-05-15,Delivered,Amazon,Amazon.in,MAHARASHTRA,Apparel,Formal Shirt,1,1791.96,Card,B2C
AMZ-1002968,2023-05-14,Shipped,Merchant,Amazon.in,DELHI,Apparel,Polo T-Shirt,1,620.57,Card,B2C
AMZ-1002969,2023-06-01,Delivered,Amazon,Amazon.in,MAHARASHTRA,Electronics,Bluetooth Speaker,1,27572.45,Card,B2C
AMZ-1002970,2023-03-06,Delivered,Amazon,Amazon.in,GUJARAT,Apparel,Denim Jacket,1,3271.97,UPI,B2C
AMZ-1002971,2023-04-18,Delivered,Amazon,Amazon.in,TAMIL NADU,Apparel,Denim Jacket,2,3115.37,Net Banking,B2C
AMZ-1002972,2023-06-28,Delivered,Merchant,Amazon.in,TAMIL NADU,Electronics,HDMI Cable 2m,1,35501.36,UPI,B2C
AMZ-1002973,2023-06-08,Delivered,Amazon,Amazon.in,DELHI,Home & Kitchen,Vacuum Flask,1,4908.88,UPI,B2C
AMZ-1002974,2023-03-26,Delivered,Amazon,Amazon.in,RAJASTHAN,Beauty,Hair Dryer 1600W,1,1750.14,Wallet,B2C
AMZ-1002975,2023-03-29,Shipped,Amazon,Amazon.in,MAHARASHTRA,Sports & Fitness,Skipping Rope,2,7915.61,UPI,B2C
AMZ-1002976,2023-05-09,Delivered,Amazon,Amazon.in,TAMIL NADU,Sports & Fitness,Skipping Rope,1,1728.6,COD,B2C
AMZ-1002977,2023-03-05,Shipped,Merchant,Amazon.in,UTTAR PRADESH,Beauty,Perfume EDT 100ml,1,1060.67,Card,B2C
AMZ-1002978,2023-05-22,Cancelled,Amazon,Amazon.in,TELANGANA,Apparel,Leather Belt,3,8048.65,COD,B2C
AMZ-1002979,2023-03-09,Delivered,Amazon,Amazon.in,PUNJAB,Beauty,Hair Dryer 1600W,1,1422.43,Wallet,B2C
AMZ-1002980,2023-05-04,Delivered,Amazon,Amazon.in,UTTAR PRADESH,Sports & Fitness,Cricket Bat,2,1994.3,Net Banking,B2C
AMZ-1002981,2023-03-08,Delivered,Merchant,Amazon.in,MAHARASHTRA,Footwear,Running Shoes,1,5982.54,Net Banking,B2C
AMZ-1002982,2023-05-03,Delivered,Amazon,Amazon.in,WEST BENGAL,Apparel,Cotton T-Shirt Slim Fit,1,1155.46,Wallet,B2C
AMZ-1002983,2023-04-27,Delivered,Merchant,Amazon.in,DELHI,Books,Deep Work,1,396.19,UPI,B2C
AMZ-1002984,2023-04-28,Delivered,Merchant,Amazon.in,RAJASTHAN,Sports & Fitness,Yoga Mat 6mm,1,2002.29,Card,B2C
AMZ-1002985,2023-05-20,Cancelled,Merchant,Amazon.in,RAJASTHAN,Footwear,Loafers,2,8054.84,COD,B2C
AMZ-1002986,2023-03-09,Pending,Amazon,Amazon.in,MAHARASHTRA,Electronics,Power Bank 20000mAh,1,36857.85,Wallet,B2C
AMZ-1002987,2023-04-12,Delivered,Amazon,Amazon.in,GUJARAT,Apparel,Denim Jacket,1,3068.91,UPI,B2C
AMZ-1002988,2023-04-30,Delivered,Amazon,Amazon.in,UTTAR PRADESH,Apparel,Formal Shirt,1,2798.29,UPI,B2C
AMZ-1002989,2023-04-11,Delivered,Merchant,Amazon.in,PUNJAB,Footwear,Flip Flops,1,657.6,COD,B2C
AMZ-1002990,2023-05-22,Shipped,Merchant,Amazon.in,MAHARASHTRA,Footwear,Casual Sneakers,2,2386.53,Card,B2C
AMZ-1002991,2023-05-26,Pending,Amazon,Amazon.in,WEST BENGAL,Beauty,Beard Oil,2,479.38,UPI,B2C
AMZ-1002992,2023-05-19,Cancelled,Merchant,Amazon.in,RAJASTHAN,Apparel,Formal Shirt,1,692.4,COD,B2C
AMZ-1002993,2023-05-01,Shipped,Merchant,Amazon.in,KERALA,Home & Kitchen,LED Table Lamp,1,8480.45,Card,B2C
AMZ-1002994,2023-05-05,Delivered,Merchant,Amazon.in,MAHARASHTRA,Beauty,Vitamin C Face Serum,1,1350.65,COD,B2C
AMZ-1002995,2023-06-07,Delivered,Amazon,Amazon.in,MAHARASHTRA,Books,Ikigai,2,2307.06,Wallet,B2C
AMZ-1002996,2023-06-28,Delivered,Amazon,Amazon.in,MAHARASHTRA,Beauty,Beard Oil,1,874.52,COD,B2C
AMZ-1002997,2023-03-20,Delivered,Merchant,Amazon.in,DELHI,Apparel,Leather Belt,2,6809.39,UPI,B2C
AMZ-1002998,2023-05-11,Delivered,Merchant,Amazon.in,DELHI,Footwear,Running Shoes,2,8952.3,Card,B2C
AMZ-1002999,2023-03-22,Delivered,Amazon,Amazon.in,HARYANA,Electronics,HDMI Cable 2m,1,35762.32,Card,B2C
AMZ-1003000,2023-05-05,Delivered,Amazon,Amazon.in,TELANGANA,Apparel,Denim Jacket,1,2708.81,UPI,B2C
AMZ-1003001,2023-04-22,Cancelled,Amazon,Amazon.in,HARYANA,Apparel,Denim Jacket,2,1724.44,Wallet,B2C
AMZ-1003002,2023-03-25,Delivered,Merchant,Amazon.in,HARYANA,Books,Deep Work,1,321.43,COD,B2C
AMZ-1003003,2023-03-23,Delivered,Amazon,Amazon.in,KARNATAKA,Home & Kitchen,Bedsheet Double,1,7380.91,Card,B2C
AMZ-1003004,2023-05-08,Delivered,Amazon,Amazon.in,MAHARASHTRA,Beauty,Shampoo Anti-Dandruff,1,452.28,UPI,B2C
AMZ-1003005,2023-05-10,Delivered,Amazon,Amazon.in,WEST BENGAL,Sports & Fitness,Football Size 5,2,1122.03,Net Banking,B2C
AMZ-1003006,2023-05-16,Delivered,Amazon,Amazon.in,MAHARASHTRA,Electronics,Power Bank 20000mAh,1,1946.72,Card,B2C
AMZ-1003007,2023-04-23,Cancelled,Merchant,Amazon.in,RAJASTHAN,Beauty,Vitamin C Face Serum,1,670.07,COD,B2C
AMZ-1003008,2023-04-03,Delivered,Merchant,Amazon.in,TELANGANA,Electronics,HDMI Cable 2m,1,20348.43,Card,B2C
AMZ-1003009,2023-05-23,Delivered,Merchant,Amazon.in,RAJASTHAN,Apparel,Polo T-Shirt,2,1602.38,UPI,B2C
AMZ-1003010,2023-05-01,Delivered,Merchant,Amazon.in,TAMIL NADU,Apparel,Polo T-Shirt,1,3328.03,UPI,B2C
AMZ-1003011,2023-05-07,Delivered,Amazon,Amazon.in,DELHI,Beauty,Shampoo Anti-Dandruff,1,247.41,Net Banking,B2C
AMZ-1003012,2023-03-18,Delivered,Amazon,Amazon.in,KARNATAKA,Beauty,Face Wash Neem,3,3859.36,UPI,B2C
AMZ-1003013,2023-04-18,Delivered,Merchant,Amazon.in,KARNATAKA,Home & Kitchen,Non-Stick Cookware Set,1,1355.79,Wallet,B2C
AMZ-1003014,2023-04-05,Delivered,Amazon,Amazon.in,MAHARASHTRA,Home & Kitchen,Storage Container Set,1,3007.27,COD,B2C
AMZ-1003015,2023-04-27,Delivered,Merchant,Amazon.in,KERALA,Apparel,Polo T-Shirt,1,1358.09,UPI,B2C
AMZ-1003016,2023-03-12,Cancelled,Amazon,Amazon.in,MAHARASHTRA,Books,The Psychology of Money,1,571.31,COD,B2C
AMZ-1003017,2023-05-03,Delivered,Merchant,Amazon.in,MAHARASHTRA,Electronics,Smart TV 43" 4K,1,19026.53,COD,B2C
AMZ-1003018,2023-04-22,Delivered,Merchant,Amazon.in,UTTAR PRADESH,Apparel,Kurta Set,1,1632.97,UPI,B2C
AMZ-1003019,2023-03-05,Delivered,Amazon,Amazon.in,KARNATAKA,Beauty,Face Wash Neem,1,1261.23,UPI,B2C
AMZ-1003020,2023-04-29,Delivered,Amazon,Amazon.in,KERALA,Beauty,Beard Oil,1,1107.49,UPI,B2C
AMZ-1003021,2023-05-20,Shipped,Amazon,Amazon.in,UTTAR PRADESH,Footwear,Sports Sandals,2,9631.72,UPI,B2C
AMZ-1003022,2023-04-07,Delivered,Amazon,Amazon.in,MAHARASHTRA,Footwear,Casual Sneakers,1,2541.69,Card,B2C
AMZ-1003023,2023-03-25,Cancelled,Amazon,Amazon.in,UTTAR PRADESH,Sports & Fitness,Football Size 5,1,6877.74,COD,B2C
AMZ-1003024,2023-05-08,Returned,Amazon,Amazon.in,HARYANA,Beauty,Face Wash Neem,1,894.33,Wallet,B2C
AMZ-1003025,2023-05-10,Delivered,Merchant,Amazon.in,HARYANA,Home & Kitchen,Mixer Grinder 750W,1,2381.11,Card,B2C
AMZ-1003026,2023-05-11,Delivered,Amazon,Amazon.in,GUJARAT,Books,Atomic Habits,1,612.6,Wallet,B2B
AMZ-1003027,2023-06-23,Delivered,Amazon,Amazon.in,DELHI,Electronics,Laptop Backpack,2,34310.09,Card,B2C
AMZ-1003028,2023-06-23,Delivered,Amazon,Amazon.in,MAHARASHTRA,Books,The Psychology of Money,2,532.89,Card,B2C
AMZ-1003029,2023-04-27,Delivered,Amazon,Amazon.in,DELHI,Beauty,Lipstick Matte Set,1,533.2,UPI,B2C
AMZ-1003030,2023-06-03,Cancelled,Merchant,Amazon.in,RAJASTHAN,Books,Think and Grow Rich,2,1788.16,COD,B2C
AMZ-1003031,2023-05-24,Shipped,Merchant,Amazon.in,UTTAR PRADESH,Books,The Psychology of Money,3,1471.61,Card,B2C
AMZ-1003032,2023-04-11,Delivered,Amazon,Amazon.in,UTTAR PRADESH,Books,The Alchemist,1,204.86,UPI,B2C
AMZ-1003033,2023-06-26,Delivered,Amazon,Amazon.in,RAJASTHAN,Electronics,USB-C Fast Charger,2,43441.68,COD,B2C
AMZ-1003034,2023-04-20,Shipped,Merchant,Amazon.in,KARNATAKA,Apparel,Polo T-Shirt,1,473.48,COD,B2C
AMZ-1003035,2023-06-24,Delivered,Merchant,Amazon.in,UTTAR PRADESH,Beauty,Lipstick Matte Set,1,2222.72,UPI,B2C
AMZ-1003036,2023-05-14,Delivered,Amazon,Amazon.in,GUJARAT,Footwear,Casual Sneakers,1,537.31,Wallet,B2C
AMZ-1003037,2023-05-07,Delivered,Amazon,Amazon.in,MAHARASHTRA,Footwear,Flip Flops,2,9666.55,COD,B2C
AMZ-1003038,2023-04-13,Cancelled,Amazon,Amazon.in,MAHARASHTRA,Sports & Fitness,Yoga Mat 6mm,1,3409.02,Card,B2C
AMZ-1003039,2023-06-23,Returned,Amazon,Amazon.in,MAHARASHTRA,Footwear,Loafers,1,2031.97,Card,B2C
AMZ-1003040,2023-05-05,Delivered,Amazon,Amazon.in,UTTAR PRADESH,Beauty,Face Wash Neem,2,1344.8,UPI,B2C
AMZ-1003041,2023-06-15,Delivered,Amazon,Amazon.in,BIHAR,Home & Kitchen,Storage Container Set,1,8439.79,UPI,B2C
AMZ-1003042,2023-05-06,Delivered,Merchant,Amazon.in,GUJARAT,Apparel,Polo T-Shirt,1,1239.69,Card,B2C
AMZ-1003043,2023-05-28,Shipped,Amazon,Amazon.in,TAMIL NADU,Electronics,Smart Watch Series 5,2,49056.05,Net Banking,B2C
AMZ-1003044,2023-03-07,Cancelled,Amazon,Amazon.in,TAMIL NADU,Electronics,Laptop Backpack,1,5668.53,COD,B2C
AMZ-1003045,2023-03-21,Delivered,Amazon,Amazon.in,DELHI,Home & Kitchen,Non-Stick Cookware Set,1,5228.57,Card,B2C
AMZ-1003046,2023-05-10,Delivered,Amazon,Amazon.in,MAHARASHTRA,Books,Think and Grow Rich,1,414.85,UPI,B2C
AMZ-1003047,2023-03-20,Delivered,Merchant,Amazon.in,UTTAR PRADESH,Footwear,Running Shoes,1,1181.44,Card,B2C
AMZ-1003048,2023-03-05,Cancelled,Amazon,Amazon.in,KERALA,Electronics,Wireless Earbuds Pro,1,15313.18,COD,B2C
AMZ-1003049,2023-03-08,Cancelled,Merchant,Amazon.in,TAMIL NADU,Footwear,Running Shoes,2,10198.48,COD,B2C
AMZ-1003050,2023-06-20,Delivered,Merchant,Amazon.in,DELHI,Apparel,Kurta Set,2,3912.16,Card,B2C
AMZ-1003051,2023-04-01,Delivered,Amazon,Amazon.in,GUJARAT,Beauty,Beard Oil,1,993.4,Card,B2C
AMZ-1003052,2023-03-31,Delivered,Amazon,Amazon.in,TAMIL NADU,Home & Kitchen,Bedsheet Double,1,3702.86,COD,B2C
AMZ-1003053,2023-03-20,Delivered,Amazon,Amazon.in,MAHARASHTRA,Sports & Fitness,Cricket Bat,3,2190.37,COD,B2C
AMZ-1003054,2023-04-14,Delivered,Merchant,Amazon.in,RAJASTHAN,Apparel,Kurta Set,1,3352.26,Wallet,B2C
AMZ-1003055,2023-04-06,Delivered,Merchant,Amazon.in,TELANGANA,Apparel,Denim Jacket,1,1337.5,Card,B2C
AMZ-1003056,2023-03-09,Delivered,Amazon,Amazon.in,UTTAR PRADESH,Electronics,Bluetooth Speaker,1,10744.46,COD,B2C
AMZ-1003057,2023-04-15,Delivered,Amazon,Amazon.in,MADHYA PRADESH,Apparel,Winter Sweatshirt,2,4644.39,COD,B2C
AMZ-1003058,2023-04-22,Delivered,Amazon,Amazon.in,TELANGANA,Electronics,HDMI Cable 2m,1,24763.39,Card,B2C
AMZ-1003059,2023-05-01,Delivered,Amazon,Amazon.in,MADHYA PRADESH,Apparel,Kurta Set,1,1690.57,UPI,B2C
AMZ-1003060,2023-05-23,Shipped,Amazon,Amazon.in,TAMIL NADU,Books,Deep Work,1,1185.22,Wallet,B2C
AMZ-1003061,2023-06-20,Delivered,Amazon,Amazon.in,KARNATAKA,Electronics,Bluetooth Speaker,1,41487.59,UPI,B2C
AMZ-1003062,2023-04-08,Delivered,Merchant,Amazon.in,KERALA,Home & Kitchen,LED Table Lamp,1,1096.99,UPI,B2C
AMZ-1003063,2023-05-07,Delivered,Amazon,Amazon.in,KERALA,Beauty,Hair Dryer 1600W,1,589.91,UPI,B2C
AMZ-1003064,2023-03-15,Delivered,Amazon,Amazon.in,BIHAR,Apparel,Cotton T-Shirt Slim Fit,2,1630.93,Card,B2C
AMZ-1003065,2023-05-01,Delivered,Amazon,Amazon.in,MAHARASHTRA,Apparel,Formal Shirt,1,509.46,UPI,B2C
AMZ-1003066,2023-06-12,Delivered,Amazon,Amazon.in,DELHI,Beauty,Shampoo Anti-Dandruff,1,1003.34,Card,B2C
AMZ-1003067,2023-06-13,Shipped,Amazon,Amazon.in,RAJASTHAN,Books,Sapiens,1,1016.09,UPI,B2C
AMZ-1003068,2023-03-03,Delivered,Amazon,Amazon.in,TELANGANA,Sports & Fitness,Foam Roller,2,2843.77,COD,B2C
AMZ-1003069,2023-06-21,Returned,Merchant,Amazon.in,RAJASTHAN,Beauty,Sunscreen SPF 50,2,4537.84,Net Banking,B2C
AMZ-1003070,2023-05-19,Shipped,Merchant,Amazon.in,KARNATAKA,Sports & Fitness,Yoga Mat 6mm,1,605.17,COD,B2C
AMZ-1003071,2023-05-14,Delivered,Merchant,Amazon.in,KARNATAKA,Apparel,Winter Sweatshirt,1,1103.05,Card,B2C
AMZ-1003072,2023-03-15,Delivered,Amazon,Amazon.in,KARNATAKA,Footwear,Running Shoes,2,11670.58,COD,B2C
AMZ-1003073,2023-04-23,Delivered,Amazon,Amazon.in,RAJASTHAN,Books,Atomic Habits,1,578.53,COD,B2C
AMZ-1003074,2023-05-02,Delivered,Amazon,Amazon.in,KARNATAKA,Footwear,Flip Flops,2,7921.72,Card,B2C
AMZ-1003075,2023-05-19,Shipped,Amazon,Amazon.in,MAHARASHTRA,Apparel,Kurta Set,2,4308.42,Card,B2C
AMZ-1003076,2023-04-15,Shipped,Amazon,Amazon.in,DELHI,Apparel,Kurta Set,1,1323.91,Wallet,B2C
AMZ-1003077,2023-05-14,Delivered,Amazon,Amazon.in,MADHYA PRADESH,Beauty,Face Wash Neem,1,2351.87,Wallet,B2C
AMZ-1003078,2023-05-08,Delivered,Amazon,Amazon.in,RAJASTHAN,Electronics,Smart Watch Series 5,2,13419.72,Wallet,B2C
AMZ-1003079,2023-03-27,Delivered,Merchant,Amazon.in,KARNATAKA,Apparel,Polo T-Shirt,1,1794.56,Card,B2C
AMZ-1003080,2023-06-25,Delivered,Amazon,Amazon.in,MAHARASHTRA,Home & Kitchen,Mixer Grinder 750W,1,1471.28,UPI,B2C
AMZ-1003081,2023-04-09,Delivered,Merchant,Amazon.in,HARYANA,Sports & Fitness,Skipping Rope,1,4196.21,Card,B2C
AMZ-1003082,2023-04-14,Delivered,Amazon,Amazon.in,MAHARASHTRA,Electronics,Power Bank 20000mAh,1,32032.26,UPI,B2C
AMZ-1003083,2023-03-26,Delivered,Amazon,Amazon.in,MAHARASHTRA,Apparel,Formal Shirt,1,3324.85,UPI,B2C
AMZ-1003084,2023-05-15,Shipped,Amazon,Amazon.in,UTTAR PRADESH,Apparel,Formal Shirt,2,3381.26,UPI,B2C
AMZ-1003085,2023-05-05,Delivered,Merchant,Amazon.in,KERALA,Apparel,Winter Sweatshirt,1,1071.41,UPI,B2C
AMZ-1003086,2023-03-15,Delivered,Amazon,Amazon.in,WEST BENGAL,Electronics,Wireless Earbuds Pro,2,49871.45,Card,B2C
AMZ-1003087,2023-06-07,Delivered,Amazon,Amazon.in,WEST BENGAL,Footwear,Running Shoes,1,5835.39,Card,B2C
AMZ-1003088,2023-06-16,Delivered,Amazon,Amazon.in,TELANGANA,Home & Kitchen,LED Table Lamp,1,4649.09,COD,B2C
AMZ-1003089,2023-03-11,Delivered,Merchant,Amazon.in,DELHI,Beauty,Beard Oil,2,2444.73,Net Banking,B2C
AMZ-1003090,2023-06-23,Delivered,Amazon,Amazon.in,TELANGANA,Apparel,Kurta Set,1,2883.99,Net Banking,B2C
AMZ-1003091,2023-06-04,Delivered,Merchant,Amazon.in,GUJARAT,Apparel,Leather Belt,1,2652.57,Card,B2C
AMZ-1003092,2023-06-09,Delivered,Amazon,Amazon.in,GUJARAT,Home & Kitchen,Storage Container Set,2,5661.68,Card,B2C
AMZ-1003093,2023-05-17,Shipped,Amazon,Amazon.in,TELANGANA,Beauty,Perfume EDT 100ml,1,843.07,UPI,B2C
AMZ-1003094,2023-03-17,Delivered,Amazon,Amazon.in,UTTAR PRADESH,Apparel,Sports Shorts,1,539.61,UPI,B2C
AMZ-1003095,2023-04-02,Shipped,Amazon,Amazon.in,TELANGANA,Footwear,Formal Leather Shoes,1,5802.73,Card,B2C
AMZ-1003096,2023-05-24,Delivered,Amazon,Amazon.in,DELHI,Home & Kitchen,Bedsheet Double,1,7894.06,Card,B2C
AMZ-1003097,2023-05-04,Delivered,Amazon,Amazon.in,UTTAR PRADESH,Apparel,Formal Shirt,1,1254.08,Card,B2C
AMZ-1003098,2023-05-06,Delivered,Amazon,Amazon.in,UTTAR PRADESH,Electronics,HDMI Cable 2m,1,26779.65,UPI,B2C
AMZ-1003099,2023-06-22,Delivered,Merchant,Amazon.in,HARYANA,Sports & Fitness,Badminton Racket,1,3192.99,COD,B2C
AMZ-1003100,2023-05-10,Delivered,Amazon,Amazon.in,KARNATAKA,Electronics,HDMI Cable 2m,1,11848.89,Card,B2C
AMZ-1003101,2023-05-01,Delivered,Amazon,Amazon.in,TELANGANA,Footwear,Canvas Shoes,1,3320.61,Wallet,B2C
AMZ-1003102,2023-04-28,Delivered,Amazon,Amazon.in,TAMIL NADU,Electronics,Laptop Backpack,3,9639.99,COD,B2C
AMZ-1003103,2023-04-17,Delivered,Merchant,Amazon.in,KERALA,Apparel,Denim Jacket,1,1172.95,UPI,B2C
AMZ-1003104,2023-03-02,Delivered,Amazon,Amazon.in,KARNATAKA,Home & Kitchen,Curtain Set 7ft,3,24552.28,Net Banking,B2C
AMZ-1003105,2023-04-28,Delivered,Merchant,Amazon.in,UTTAR PRADESH,Footwear,Sports Sandals,2,5522.79,UPI,B2C
AMZ-1003106,2023-06-22,Delivered,Amazon,Amazon.in,KARNATAKA,Apparel,Winter Sweatshirt,1,2329.08,COD,B2C
AMZ-1003107,2023-06-16,Delivered,Amazon,Amazon.in,MAHARASHTRA,Beauty,Lipstick Matte Set,1,2400.36,Card,B2C
AMZ-1003108,2023-06-22,Delivered,Merchant,Amazon.in,KARNATAKA,Electronics,Smart Watch Series 5,2,44295.38,Wallet,B2C
AMZ-1003109,2023-03-03,Pending,Amazon,Amazon.in,WEST BENGAL,Beauty,Sunscreen SPF 50,3,4513.27,COD,B2C
AMZ-1003110,2023-03-17,Delivered,Merchant,Amazon.in,TAMIL NADU,Electronics,Bluetooth Speaker,1,39239.84,Net Banking,B2C
AMZ-1003111,2023-04-04,Delivered,Amazon,Amazon.in,BIHAR,Books,Deep Work,1,818.39,Card,B2C
AMZ-1003112,2023-05-14,Pending,Amazon,Amazon.in,MAHARASHTRA,Home & Kitchen,LED Table Lamp,1,5806.96,Net Banking,B2C
AMZ-1003113,2023-05-17,Delivered,Merchant,Amazon.in,WEST BENGAL,Beauty,Hair Dryer 1600W,1,554.3,UPI,B2C
AMZ-1003114,2023-05-11,Delivered,Amazon,Amazon.in,TAMIL NADU,Electronics,Laptop Backpack,1,44578.02,Card,B2C
AMZ-1003115,2023-05-09,Returned,Amazon,Amazon.in,MAHARASHTRA,Beauty,Sunscreen SPF 50,1,1544.45,COD,B2C
AMZ-1003116,2023-05-17,Delivered,Merchant,Amazon.in,TELANGANA,Footwear,Canvas Shoes,1,4592.37,COD,B2C
AMZ-1003117,2023-06-26,Delivered,Merchant,Amazon.in,UTTAR PRADESH,Electronics,Bluetooth Speaker,1,16053.87,Card,B2C
AMZ-1003118,2023-05-28,Delivered,Amazon,Amazon.in,BIHAR,Apparel,Leather Belt,1,702.8,Card,B2C
AMZ-1003119,2023-06-20,Delivered,Amazon,Amazon.in,KARNATAKA,Home & Kitchen,Vacuum Flask,1,7755.88,Wallet,B2C
AMZ-1003120,2023-06-04,Delivered,Amazon,Amazon.in,HARYANA,Electronics,Laptop Backpack,2,62823.22,Card,B2C
AMZ-1003121,2023-04-07,Returned,Merchant,Amazon.in,KARNATAKA,Footwear,Trail Hiking Boots,1,2909.54,Card,B2C
AMZ-1003122,2023-05-13,Delivered,Amazon,Amazon.in,UTTAR PRADESH,Apparel,Leather Belt,1,1839.61,Card,B2C
AMZ-1003123,2023-05-06,Shipped,Amazon,Amazon.in,KARNATAKA,Electronics,Smart TV 43" 4K,1,24248.71,UPI,B2C
AMZ-1003124,2023-05-07,Delivered,Amazon,Amazon.in,BIHAR,Apparel,Kurta Set,1,1253.34,UPI,B2C
AMZ-1003125,2023-05-08,Cancelled,Merchant,Amazon.in,DELHI,Books,Rich Dad Poor Dad,1,446.07,COD,B2C
AMZ-1003126,2023-03-28,Delivered,Merchant,Amazon.in,TAMIL NADU,Electronics,Bluetooth Speaker,1,9542.64,COD,B2C
AMZ-1003127,2023-04-03,Delivered,Amazon,Amazon.in,TAMIL NADU,Beauty,Shampoo Anti-Dandruff,1,504.39,COD,B2C
AMZ-1003128,2023-05-01,Delivered,Merchant,Amazon.in,HARYANA,Home & Kitchen,Curtain Set 7ft,2,11910.07,Card,B2C
AMZ-1003129,2023-05-20,Delivered,Merchant,Amazon.in,KARNATAKA,Electronics,Wireless Earbuds Pro,2,88892.87,UPI,B2C
AMZ-1003130,2023-05-25,Delivered,Amazon,Amazon.in,UTTAR PRADESH,Books,Sapiens,2,387.57,COD,B2C
AMZ-1003131,2023-03-07,Delivered,Amazon,Amazon.in,RAJASTHAN,Books,Sapiens,1,1187,UPI,B2C
AMZ-1003132,2023-06-17,Delivered,Amazon,Amazon.in,WEST BENGAL,Sports & Fitness,Badminton Racket,1,6227.79,Card,B2C
AMZ-1003133,2023-04-15,Delivered,Merchant,Amazon.in,GUJARAT,Beauty,Sunscreen SPF 50,1,1401.69,Card,B2C
AMZ-1003134,2023-03-04,Shipped,Amazon,Amazon.in,GUJARAT,Beauty,Sunscreen SPF 50,1,1504.51,UPI,B2C
AMZ-1003135,2023-04-09,Shipped,Amazon,Amazon.in,TELANGANA,Electronics,Smart TV 43" 4K,2,62712.85,Card,B2B
AMZ-1003136,2023-06-11,Delivered,Amazon,Amazon.in,MAHARASHTRA,Electronics,Power Bank 20000mAh,1,40758.86,Card,B2C
AMZ-1003137,2023-06-20,Delivered,Amazon,Amazon.in,DELHI,Electronics,Wireless Earbuds Pro,2,20535.97,UPI,B2C
AMZ-1003138,2023-04-21,Delivered,Amazon,Amazon.in,MAHARASHTRA,Apparel,Formal Shirt,2,6866.36,Card,B2C
AMZ-1003139,2023-03-13,Delivered,Amazon,Amazon.in,RAJASTHAN,Books,Sapiens,2,2288.38,UPI,B2C
AMZ-1003140,2023-03-30,Delivered,Amazon,Amazon.in,DELHI,Sports & Fitness,Football Size 5,1,4326.75,UPI,B2C
AMZ-1003141,2023-05-15,Delivered,Merchant,Amazon.in,GUJARAT,Apparel,Kurta Set,2,2092.17,Card,B2C
AMZ-1003142,2023-03-13,Shipped,Merchant,Amazon.in,TAMIL NADU,Home & Kitchen,Curtain Set 7ft,1,10246.49,Wallet,B2C
AMZ-1003143,2023-06-11,Delivered,Amazon,Amazon.in,WEST BENGAL,Books,Think and Grow Rich,1,287.35,Net Banking,B2C
AMZ-1003144,2023-05-03,Delivered,Amazon,Amazon.in,WEST BENGAL,Books,The Psychology of Money,1,505.65,Card,B2C
AMZ-1003145,2023-05-18,Delivered,Amazon,Amazon.in,TAMIL NADU,Footwear,Canvas Shoes,1,1252.44,UPI,B2C
AMZ-1003146,2023-04-25,Delivered,Amazon,Amazon.in,WEST BENGAL,Apparel,Winter Sweatshirt,3,5096.92,UPI,B2C
AMZ-1003147,2023-05-23,Delivered,Amazon,Amazon.in,TAMIL NADU,Electronics,Bluetooth Speaker,1,22006.63,UPI,B2C
AMZ-1003148,2023-04-26,Delivered,Amazon,Amazon.in,UTTAR PRADESH,Electronics,Smart TV 43" 4K,1,12179.91,Net Banking,B2C
AMZ-1003149,2023-04-12,Delivered,Merchant,Amazon.in,DELHI,Home & Kitchen,Bedsheet Double,2,7122.06,COD,B2C
AMZ-1003150,2023-04-30,Delivered,Amazon,Amazon.in,TELANGANA,Beauty,Lipstick Matte Set,1,1662.22,UPI,B2C
AMZ-1003151,2023-05-06,Shipped,Merchant,Amazon.in,KARNATAKA,Apparel,Leather Belt,1,1634.38,Card,B2C
AMZ-1003152,2023-04-21,Delivered,Merchant,Amazon.in,DELHI,Electronics,USB-C Fast Charger,1,44981.1,Card,B2C
AMZ-1003153,2023-06-19,Delivered,Amazon,Amazon.in,GUJARAT,Apparel,Formal Shirt,1,2206.65,Card,B2C
AMZ-1003154,2023-04-19,Delivered,Merchant,Amazon.in,TAMIL NADU,Footwear,Casual Sneakers,1,5691,Card,B2C
AMZ-1003155,2023-04-13,Delivered,Amazon,Amazon.in,MAHARASHTRA,Electronics,HDMI Cable 2m,1,18073.52,UPI,B2C
AMZ-1003156,2023-06-20,Delivered,Amazon,Amazon.in,MAHARASHTRA,Electronics,HDMI Cable 2m,1,36647.83,UPI,B2C
AMZ-1003157,2023-04-10,Shipped,Amazon,Amazon.in,MAHARASHTRA,Electronics,USB-C Fast Charger,1,11924.71,UPI,B2C
AMZ-1003158,2023-04-09,Delivered,Amazon,Amazon.in,TELANGANA,Apparel,Formal Shirt,2,5474.68,Card,B2C
AMZ-1003159,2023-04-02,Delivered,Amazon,Amazon.in,UTTAR PRADESH,Electronics,Wireless Earbuds Pro,1,21516.27,UPI,B2C
AMZ-1003160,2023-05-16,Returned,Amazon,Amazon.in,HARYANA,Sports & Fitness,Badminton Racket,1,4021.83,UPI,B2C
AMZ-1003161,2023-03-15,Returned,Merchant,Amazon.in,MADHYA PRADESH,Apparel,Formal Shirt,1,1214.58,UPI,B2C
AMZ-1003162,2023-05-06,Delivered,Amazon,Amazon.in,WEST BENGAL,Electronics,USB-C Fast Charger,1,40306.52,COD,B2C
AMZ-1003163,2023-05-13,Delivered,Amazon,Amazon.in,MAHARASHTRA,Footwear,Canvas Shoes,2,6694.96,Wallet,B2C
AMZ-1003164,2023-03-27,Delivered,Amazon,Amazon.in,DELHI,Books,Atomic Habits,1,483.43,Card,B2C
AMZ-1003165,2023-03-23,Delivered,Merchant,Amazon.in,PUNJAB,Apparel,Denim Jacket,2,1713.43,Card,B2C
AMZ-1003166,2023-05-05,Delivered,Merchant,Amazon.in,UTTAR PRADESH,Sports & Fitness,Football Size 5,1,3551.41,COD,B2C
AMZ-1003167,2023-03-28,Delivered,Amazon,Amazon.in,TELANGANA,Sports & Fitness,Resistance Bands,1,1414.6,Wallet,B2C
AMZ-1003168,2023-05-13,Delivered,Amazon,Amazon.in,TAMIL NADU,Home & Kitchen,Curtain Set 7ft,1,7982.64,Wallet,B2C
AMZ-1003169,2023-04-25,Delivered,Amazon,Amazon.in,KARNATAKA,Home & Kitchen,Bedsheet Double,2,17219.03,Wallet,B2C
AMZ-1003170,2023-05-01,Delivered,Amazon,Amazon.in,TAMIL NADU,Apparel,Leather Belt,2,1999.81,Wallet,B2B
AMZ-1003171,2023-03-04,Shipped,Amazon,Amazon.in,GUJARAT,Apparel,Denim Jacket,1,1767.77,UPI,B2B
AMZ-1003172,2023-06-27,Delivered,Amazon,Amazon.in,TAMIL NADU,Home & Kitchen,Steel Water Bottle 1L,1,5313.13,COD,B2C
AMZ-1003173,2023-04-05,Shipped,Amazon,Amazon.in,WEST BENGAL,Electronics,HDMI Cable 2m,2,36814.97,Net Banking,B2C
AMZ-1003174,2023-06-07,Delivered,Amazon,Amazon.in,TAMIL NADU,Electronics,Smart TV 43" 4K,1,26028.88,UPI,B2C
AMZ-1003175,2023-06-09,Shipped,Merchant,Amazon.in,BIHAR,Apparel,Winter Sweatshirt,1,3446.96,Net Banking,B2C
AMZ-1003176,2023-04-08,Returned,Amazon,Amazon.in,MAHARASHTRA,Home & Kitchen,Steel Water Bottle 1L,1,9226.09,Card,B2B
AMZ-1003177,2023-06-14,Delivered,Amazon,Amazon.in,HARYANA,Footwear,Casual Sneakers,2,11747.19,COD,B2C
AMZ-1003178,2023-04-28,Pending,Merchant,Amazon.in,TAMIL NADU,Books,The Alchemist,2,2030.95,Card,B2C
AMZ-1003179,2023-06-22,Delivered,Merchant,Amazon.in,DELHI,Books,Think and Grow Rich,1,509.85,Card,B2C
AMZ-1003180,2023-05-10,Cancelled,Amazon,Amazon.in,DELHI,Electronics,USB-C Fast Charger,1,13409.66,COD,B2C
AMZ-1003181,2023-05-30,Delivered,Amazon,Amazon.in,PUNJAB,Electronics,Smart TV 43" 4K,1,39285.34,UPI,B2C
AMZ-1003182,2023-03-11,Delivered,Merchant,Amazon.in,MAHARASHTRA,Beauty,Beard Oil,1,1067.27,UPI,B2C
AMZ-1003183,2023-06-19,Delivered,Amazon,Amazon.in,KARNATAKA,Electronics,Wireless Earbuds Pro,1,19274.32,UPI,B2C
AMZ-1003184,2023-03-16,Cancelled,Amazon,Amazon.in,TAMIL NADU,Home & Kitchen,Mixer Grinder 750W,1,10869.24,COD,B2C
AMZ-1003185,2023-04-12,Shipped,Merchant,Amazon.in,DELHI,Home & Kitchen,LED Table Lamp,1,8251.01,Wallet,B2C
AMZ-1003186,2023-04-14,Delivered,Merchant,Amazon.in,KARNATAKA,Electronics,Wireless Earbuds Pro,2,20601.68,COD,B2C
AMZ-1003187,2023-04-14,Delivered,Amazon,Amazon.in,BIHAR,Electronics,Power Bank 20000mAh,2,88528,Card,B2C
AMZ-1003188,2023-05-29,Delivered,Merchant,Amazon.in,GUJARAT,Home & Kitchen,Non-Stick Cookware Set,1,2244.24,Wallet,B2C
AMZ-1003189,2023-05-15,Delivered,Merchant,Amazon.in,KARNATAKA,Sports & Fitness,Dumbbell Set 10kg,1,5019.61,UPI,B2C
AMZ-1003190,2023-04-17,Delivered,Merchant,Amazon.in,MAHARASHTRA,Apparel,Winter Sweatshirt,1,2554.3,COD,B2C
AMZ-1003191,2023-05-04,Delivered,Amazon,Amazon.in,UTTAR PRADESH,Beauty,Vitamin C Face Serum,2,4306.26,UPI,B2C
AMZ-1003192,2023-04-06,Pending,Amazon,Amazon.in,HARYANA,Books,Atomic Habits,1,1182.64,UPI,B2C
AMZ-1003193,2023-04-29,Delivered,Amazon,Amazon.in,GUJARAT,Apparel,Sports Shorts,1,1298.87,Card,B2C
AMZ-1003194,2023-04-29,Delivered,Amazon,Amazon.in,KARNATAKA,Footwear,Trail Hiking Boots,1,853.78,UPI,B2C
AMZ-1003195,2023-05-28,Delivered,Merchant,Amazon.in,KARNATAKA,Apparel,Denim Jacket,1,781.64,UPI,B2C
AMZ-1003196,2023-04-07,Delivered,Amazon,Amazon.in,DELHI,Books,Atomic Habits,1,753.13,Card,B2C
AMZ-1003197,2023-06-23,Delivered,Amazon,Amazon.in,TAMIL NADU,Apparel,Sports Shorts,1,755.21,UPI,B2C
AMZ-1003198,2023-05-04,Delivered,Amazon,Amazon.in,UTTAR PRADESH,Apparel,Leather Belt,2,6737.14,UPI,B2C
AMZ-1003199,2023-05-17,Delivered,Merchant,Amazon.in,DELHI,Apparel,Formal Shirt,1,2411.89,UPI,B2C
AMZ-1003200,2023-03-12,Delivered,Amazon,Amazon.in,DELHI,Beauty,Sunscreen SPF 50,1,505.87,Wallet,B2C
AMZ-1003201,2023-04-22,Cancelled,Merchant,Amazon.in,KARNATAKA,Home & Kitchen,LED Table Lamp,2,3041.92,COD,B2C
AMZ-1003202,2023-06-23,Delivered,Merchant,Amazon.in,TAMIL NADU,Beauty,Vitamin C Face Serum,2,4943.73,UPI,B2C
AMZ-1003203,2023-03-20,Shipped,Merchant,Amazon.in,MAHARASHTRA,Electronics,HDMI Cable 2m,1,3679.66,Card,B2C
AMZ-1003204,2023-05-02,Delivered,Amazon,Amazon.in,WEST BENGAL,Electronics,Power Bank 20000mAh,1,44046.64,UPI,B2C
AMZ-1003205,2023-06-04,Delivered,Amazon,Amazon.in,UTTAR PRADESH,Electronics,HDMI Cable 2m,2,79639.16,UPI,B2C
AMZ-1003206,2023-04-29,Shipped,Amazon,Amazon.in,KARNATAKA,Home & Kitchen,Curtain Set 7ft,1,2459.08,COD,B2C
AMZ-1003207,2023-05-20,Delivered,Merchant,Amazon.in,KERALA,Beauty,Lipstick Matte Set,2,3053.62,Net Banking,B2C
AMZ-1003208,2023-03-20,Delivered,Amazon,Amazon.in,UTTAR PRADESH,Home & Kitchen,Bedsheet Double,2,3734.64,UPI,B2C
AMZ-1003209,2023-04-22,Cancelled,Amazon,Amazon.in,TAMIL NADU,Electronics,Bluetooth Speaker,1,25257.47,COD,B2C
AMZ-1003210,2023-05-04,Delivered,Amazon,Amazon.in,RAJASTHAN,Home & Kitchen,Steel Water Bottle 1L,1,6646.32,Net Banking,B2C
AMZ-1003211,2023-06-21,Delivered,Amazon,Amazon.in,MADHYA PRADESH,Electronics,HDMI Cable 2m,2,13252.19,Card,B2C
AMZ-1003212,2023-05-09,Delivered,Amazon,Amazon.in,TAMIL NADU,Home & Kitchen,Curtain Set 7ft,1,1229.42,COD,B2C
AMZ-1003213,2023-03-05,Delivered,Amazon,Amazon.in,DELHI,Sports & Fitness,Dumbbell Set 10kg,1,7986,Card,B2C
AMZ-1003214,2023-04-04,Delivered,Merchant,Amazon.in,TAMIL NADU,Books,The Psychology of Money,1,352.08,UPI,B2C
AMZ-1003215,2023-05-30,Delivered,Amazon,Amazon.in,UTTAR PRADESH,Books,Atomic Habits,2,2091.12,UPI,B2C
AMZ-1003216,2023-05-20,Delivered,Amazon,Amazon.in,PUNJAB,Electronics,Wireless Earbuds Pro,2,38874.18,Card,B2C
AMZ-1003217,2023-04-10,Returned,Amazon,Amazon.in,HARYANA,Sports & Fitness,Skipping Rope,1,1989.03,Card,B2C
AMZ-1003218,2023-03-22,Delivered,Amazon,Amazon.in,KARNATAKA,Footwear,Formal Leather Shoes,1,3714.87,Card,B2C
AMZ-1003219,2023-05-07,Delivered,Amazon,Amazon.in,MAHARASHTRA,Apparel,Denim Jacket,1,1745.9,UPI,B2C
AMZ-1003220,2023-06-12,Shipped,Amazon,Amazon.in,KARNATAKA,Electronics,HDMI Cable 2m,1,13260.02,UPI,B2C
AMZ-1003221,2023-03-26,Delivered,Merchant,Amazon.in,WEST BENGAL,Beauty,Sunscreen SPF 50,2,2913.45,UPI,B2C
AMZ-1003222,2023-04-06,Delivered,Amazon,Amazon.in,KARNATAKA,Electronics,Smart TV 43" 4K,2,63182.75,Card,B2C
AMZ-1003223,2023-06-03,Delivered,Amazon,Amazon.in,TELANGANA,Sports & Fitness,Dumbbell Set 10kg,1,4774.21,Card,B2C
AMZ-1003224,2023-04-10,Returned,Amazon,Amazon.in,KARNATAKA,Home & Kitchen,LED Table Lamp,1,8882.67,Net Banking,B2C
AMZ-1003225,2023-03-30,Shipped,Amazon,Amazon.in,RAJASTHAN,Beauty,Beard Oil,1,257.01,COD,B2C
AMZ-1003226,2023-04-14,Delivered,Amazon,Amazon.in,MAHARASHTRA,Apparel,Denim Jacket,1,3006.47,COD,B2C
AMZ-1003227,2023-03-23,Delivered,Amazon,Amazon.in,KERALA,Home & Kitchen,Bedsheet Double,2,20505.48,UPI,B2C
AMZ-1003228,2023-05-27,Delivered,Amazon,Amazon.in,UTTAR PRADESH,Home & Kitchen,Vacuum Flask,3,17650.85,Wallet,B2C
AMZ-1003229,2023-03-11,Delivered,Merchant,Amazon.in,MAHARASHTRA,Electronics,Power Bank 20000mAh,2,17962.19,Card,B2C
AMZ-1003230,2023-04-04,Delivered,Amazon,Amazon.in,RAJASTHAN,Footwear,Flip Flops,2,8153.48,UPI,B2B
AMZ-1003231,2023-03-27,Delivered,Amazon,Amazon.in,WEST BENGAL,Footwear,Sports Sandals,1,4634.07,Card,B2C
AMZ-1003232,2023-04-16,Delivered,Merchant,Amazon.in,TAMIL NADU,Books,Sapiens,1,408.54,Net Banking,B2C
AMZ-1003233,2023-06-06,Delivered,Merchant,Amazon.in,KARNATAKA,Electronics,Bluetooth Speaker,1,25074.78,Card,B2C
AMZ-1003234,2023-05-18,Delivered,Merchant,Amazon.in,MAHARASHTRA,Electronics,Laptop Backpack,1,32023.64,Wallet,B2C
AMZ-1003235,2023-06-06,Delivered,Amazon,Amazon.in,TAMIL NADU,Beauty,Lipstick Matte Set,1,1812.04,Net Banking,B2C
AMZ-1003236,2023-03-04,Pending,Amazon,Amazon.in,MAHARASHTRA,Electronics,USB-C Fast Charger,2,77884.07,COD,B2C
AMZ-1003237,2023-03-10,Delivered,Amazon,Amazon.in,MAHARASHTRA,Books,The Psychology of Money,1,353.25,UPI,B2C
AMZ-1003238,2023-05-30,Delivered,Amazon,Amazon.in,KARNATAKA,Home & Kitchen,Non-Stick Cookware Set,2,8511.05,UPI,B2C
AMZ-1003239,2023-03-22,Delivered,Merchant,Amazon.in,HARYANA,Apparel,Winter Sweatshirt,1,1248.11,UPI,B2C
AMZ-1003240,2023-05-08,Delivered,Amazon,Amazon.in,KARNATAKA,Apparel,Sports Shorts,1,2552.3,COD,B2C
AMZ-1003241,2023-06-05,Shipped,Amazon,Amazon.in,DELHI,Home & Kitchen,Curtain Set 7ft,1,2933,Card,B2C
AMZ-1003242,2023-06-02,Delivered,Amazon,Amazon.in,DELHI,Electronics,Bluetooth Speaker,1,28831.3,Net Banking,B2C
AMZ-1003243,2023-05-21,Delivered,Merchant,Amazon.in,UTTAR PRADESH,Electronics,Smart Watch Series 5,1,27351.27,COD,B2C
AMZ-1003244,2023-03-11,Shipped,Merchant,Amazon.in,TAMIL NADU,Apparel,Polo T-Shirt,1,3289.74,UPI,B2C
AMZ-1003245,2023-04-21,Delivered,Amazon,Amazon.in,GUJARAT,Footwear,Loafers,2,9645.2,UPI,B2C
AMZ-1003246,2023-05-30,Delivered,Amazon,Amazon.in,UTTAR PRADESH,Sports & Fitness,Dumbbell Set 10kg,1,805.74,Card,B2C
AMZ-1003247,2023-03-16,Delivered,Merchant,Amazon.in,WEST BENGAL,Home & Kitchen,Bedsheet Double,1,9625.79,UPI,B2C
AMZ-1003248,2023-04-25,Delivered,Merchant,Amazon.in,KERALA,Books,Rich Dad Poor Dad,2,504.72,Card,B2C
AMZ-1003249,2023-04-28,Returned,Amazon,Amazon.in,MAHARASHTRA,Apparel,Winter Sweatshirt,1,2082.25,UPI,B2C
AMZ-1003250,2023-05-24,Delivered,Merchant,Amazon.in,UTTAR PRADESH,Books,Deep Work,3,475.57,UPI,B2C
AMZ-1003251,2023-06-23,Delivered,Amazon,Amazon.in,MAHARASHTRA,Sports & Fitness,Badminton Racket,1,1602.14,UPI,B2C
AMZ-1003252,2023-03-30,Delivered,Amazon,Amazon.in,PUNJAB,Beauty,Sunscreen SPF 50,2,4228.95,Wallet,B2C
AMZ-1003253,2023-03-16,Delivered,Amazon,Amazon.in,MAHARASHTRA,Books,Rich Dad Poor Dad,1,186.06,UPI,B2C
AMZ-1003254,2023-06-26,Delivered,Amazon,Amazon.in,KARNATAKA,Electronics,Laptop Backpack,1,22686.32,Net Banking,B2C
AMZ-1003255,2023-03-11,Returned,Amazon,Amazon.in,PUNJAB,Electronics,HDMI Cable 2m,2,19821.56,Wallet,B2C
AMZ-1003256,2023-06-23,Pending,Amazon,Amazon.in,TAMIL NADU,Books,Atomic Habits,1,1160.7,UPI,B2C
AMZ-1003257,2023-04-15,Delivered,Amazon,Amazon.in,KARNATAKA,Electronics,Laptop Backpack,1,8484.81,UPI,B2C
AMZ-1003258,2023-06-28,Delivered,Amazon,Amazon.in,MAHARASHTRA,Apparel,Kurta Set,2,1775.08,Card,B2C
AMZ-1003259,2023-05-10,Delivered,Amazon,Amazon.in,HARYANA,Home & Kitchen,Curtain Set 7ft,1,9055.96,UPI,B2C
AMZ-1003260,2023-05-19,Delivered,Amazon,Amazon.in,GUJARAT,Books,Atomic Habits,2,324.22,Wallet,B2C
AMZ-1003261,2023-04-01,Delivered,Merchant,Amazon.in,KARNATAKA,Sports & Fitness,Resistance Bands,1,3116.72,Net Banking,B2C
AMZ-1003262,2023-06-01,Delivered,Amazon,Amazon.in,TAMIL NADU,Apparel,Sports Shorts,1,911.4,Net Banking,B2C
AMZ-1003263,2023-06-28,Delivered,Amazon,Amazon.in,KERALA,Apparel,Denim Jacket,1,3155.71,UPI,B2C
AMZ-1003264,2023-03-05,Delivered,Amazon,Amazon.in,GUJARAT,Apparel,Polo T-Shirt,2,1912.85,UPI,B2C
AMZ-1003265,2023-04-28,Returned,Merchant,Amazon.in,MAHARASHTRA,Beauty,Hair Dryer 1600W,2,1625.41,UPI,B2C
AMZ-1003266,2023-05-11,Shipped,Merchant,Amazon.in,HARYANA,Apparel,Leather Belt,2,1828.92,UPI,B2C
AMZ-1003267,2023-06-20,Cancelled,Merchant,Amazon.in,GUJARAT,Apparel,Cotton T-Shirt Slim Fit,1,1679.96,COD,B2C
AMZ-1003268,2023-05-29,Cancelled,Amazon,Amazon.in,MAHARASHTRA,Beauty,Beard Oil,2,3472.08,Card,B2C
AMZ-1003269,2023-05-30,Delivered,Merchant,Amazon.in,UTTAR PRADESH,Beauty,Vitamin C Face Serum,1,1522.51,Card,B2C
AMZ-1003270,2023-05-01,Delivered,Amazon,Amazon.in,RAJASTHAN,Sports & Fitness,Foam Roller,2,10263.12,UPI,B2C
AMZ-1003271,2023-05-11,Delivered,Amazon,Amazon.in,RAJASTHAN,Sports & Fitness,Skipping Rope,1,1647.38,Card,B2C
AMZ-1003272,2023-05-14,Returned,Amazon,Amazon.in,DELHI,Electronics,HDMI Cable 2m,2,34522.26,Wallet,B2C
AMZ-1003273,2023-03-11,Delivered,Amazon,Amazon.in,MAHARASHTRA,Home & Kitchen,LED Table Lamp,1,10968.09,UPI,B2C
AMZ-1003274,2023-06-04,Delivered,Amazon,Amazon.in,TAMIL NADU,Sports & Fitness,Badminton Racket,1,2593.16,Wallet,B2C
AMZ-1003275,2023-05-08,Delivered,Merchant,Amazon.in,DELHI,Electronics,HDMI Cable 2m,1,22613.38,UPI,B2C
AMZ-1003276,2023-03-05,Returned,Amazon,Amazon.in,DELHI,Sports & Fitness,Skipping Rope,1,2759.15,UPI,B2C
AMZ-1003277,2023-05-05,Cancelled,Merchant,Amazon.in,KARNATAKA,Home & Kitchen,Bedsheet Double,2,12903.7,UPI,B2C
AMZ-1003278,2023-04-08,Delivered,Amazon,Amazon.in,TAMIL NADU,Beauty,Beard Oil,1,361.89,UPI,B2C
AMZ-1003279,2023-04-08,Cancelled,Amazon,Amazon.in,MAHARASHTRA,Beauty,Lipstick Matte Set,1,2076.92,COD,B2C
AMZ-1003280,2023-05-08,Delivered,Amazon,Amazon.in,DELHI,Sports & Fitness,Resistance Bands,1,1055.43,Wallet,B2C
AMZ-1003281,2023-05-29,Delivered,Amazon,Amazon.in,TAMIL NADU,Apparel,Leather Belt,1,2962.93,Card,B2C
AMZ-1003282,2023-05-18,Delivered,Amazon,Amazon.in,RAJASTHAN,Home & Kitchen,Storage Container Set,2,6840.91,COD,B2C
AMZ-1003283,2023-04-14,Cancelled,Amazon,Amazon.in,WEST BENGAL,Electronics,Bluetooth Speaker,1,42293.2,COD,B2C
AMZ-1003284,2023-06-12,Delivered,Merchant,Amazon.in,RAJASTHAN,Books,Atomic Habits,1,1118.78,UPI,B2C
AMZ-1003285,2023-03-28,Delivered,Merchant,Amazon.in,GUJARAT,Electronics,USB-C Fast Charger,2,9487.48,COD,B2C
AMZ-1003286,2023-04-08,Delivered,Amazon,Amazon.in,MAHARASHTRA,Sports & Fitness,Foam Roller,1,2516.32,UPI,B2C
AMZ-1003287,2023-03-26,Delivered,Merchant,Amazon.in,WEST BENGAL,Electronics,Laptop Backpack,2,59149.51,Card,B2C
AMZ-1003288,2023-05-20,Delivered,Amazon,Amazon.in,TELANGANA,Apparel,Formal Shirt,2,4273.94,Card,B2C
AMZ-1003289,2023-05-26,Delivered,Amazon,Amazon.in,KARNATAKA,Apparel,Winter Sweatshirt,3,9488.59,UPI,B2C
AMZ-1003290,2023-05-27,Delivered,Amazon,Amazon.in,UTTAR PRADESH,Footwear,Running Shoes,2,7789.93,Wallet,B2C
AMZ-1003291,2023-05-25,Delivered,Amazon,Amazon.in,KARNATAKA,Electronics,Laptop Backpack,1,30149.77,Card,B2C
AMZ-1003292,2023-06-29,Delivered,Amazon,Amazon.in,GUJARAT,Footwear,Formal Leather Shoes,1,4632.34,Net Banking,B2C
AMZ-1003293,2023-03-18,Returned,Amazon,Amazon.in,MAHARASHTRA,Books,The Alchemist,1,1183.67,Wallet,B2C
AMZ-1003294,2023-05-01,Delivered,Amazon,Amazon.in,WEST BENGAL,Electronics,Wireless Earbuds Pro,1,12914.12,Card,B2C
AMZ-1003295,2023-04-14,Shipped,Merchant,Amazon.in,DELHI,Books,Rich Dad Poor Dad,1,917.4,Card,B2C
AMZ-1003296,2023-05-19,Pending,Merchant,Amazon.in,DELHI,Electronics,Power Bank 20000mAh,1,18407.43,UPI,B2C
AMZ-1003297,2023-03-04,Delivered,Amazon,Amazon.in,MAHARASHTRA,Footwear,Running Shoes,1,4752.72,Wallet,B2C
AMZ-1003298,2023-06-16,Delivered,Amazon,Amazon.in,TAMIL NADU,Apparel,Leather Belt,2,4139.75,UPI,B2C
AMZ-1003299,2023-03-05,Delivered,Amazon,Amazon.in,GUJARAT,Home & Kitchen,Bedsheet Double,1,5659.85,Net Banking,B2C
AMZ-1003300,2023-04-28,Cancelled,Amazon,Amazon.in,DELHI,Beauty,Shampoo Anti-Dandruff,1,1024.88,UPI,B2C
AMZ-1003301,2023-04-01,Delivered,Merchant,Amazon.in,MAHARASHTRA,Apparel,Formal Shirt,1,1307.8,Net Banking,B2B
AMZ-1003302,2023-04-10,Delivered,Amazon,Amazon.in,TELANGANA,Sports & Fitness,Cricket Bat,1,2374.59,UPI,B2C
AMZ-1003303,2023-03-11,Delivered,Amazon,Amazon.in,MAHARASHTRA,Beauty,Vitamin C Face Serum,1,1050.46,UPI,B2C
AMZ-1003304,2023-03-16,Delivered,Amazon,Amazon.in,UTTAR PRADESH,Books,Rich Dad Poor Dad,1,584.88,Net Banking,B2C
AMZ-1003305,2023-04-14,Delivered,Merchant,Amazon.in,KARNATAKA,Home & Kitchen,Non-Stick Cookware Set,1,11072.5,Wallet,B2C
AMZ-1003306,2023-03-07,Delivered,Amazon,Amazon.in,TELANGANA,Sports & Fitness,Yoga Mat 6mm,1,5974.58,UPI,B2C
AMZ-1003307,2023-03-11,Shipped,Amazon,Amazon.in,MAHARASHTRA,Beauty,Perfume EDT 100ml,3,7141.16,Card,B2C
AMZ-1003308,2023-04-09,Delivered,Amazon,Amazon.in,MAHARASHTRA,Beauty,Vitamin C Face Serum,1,1733.87,UPI,B2C
AMZ-1003309,2023-04-15,Shipped,Amazon,Amazon.in,TAMIL NADU,Electronics,Power Bank 20000mAh,2,17280.27,Card,B2C
AMZ-1003310,2023-06-02,Delivered,Amazon,Amazon.in,KARNATAKA,Apparel,Polo T-Shirt,2,4740.04,UPI,B2C
AMZ-1003311,2023-03-01,Delivered,Amazon,Amazon.in,KARNATAKA,Electronics,HDMI Cable 2m,2,50426.17,UPI,B2C
AMZ-1003312,2023-04-28,Cancelled,Amazon,Amazon.in,TELANGANA,Apparel,Cotton T-Shirt Slim Fit,2,1617.51,COD,B2C
AMZ-1003313,2023-06-25,Delivered,Amazon,Amazon.in,UTTAR PRADESH,Home & Kitchen,Curtain Set 7ft,1,8207.09,COD,B2C
AMZ-1003314,2023-06-05,Delivered,Amazon,Amazon.in,MAHARASHTRA,Beauty,Face Wash Neem,1,533.42,UPI,B2C
AMZ-1003315,2023-06-28,Delivered,Amazon,Amazon.in,TELANGANA,Sports & Fitness,Foam Roller,2,1874.53,Card,B2C
AMZ-1003316,2023-05-21,Returned,Merchant,Amazon.in,KARNATAKA,Books,Think and Grow Rich,1,1111.59,Wallet,B2C
AMZ-1003317,2023-03-22,Delivered,Merchant,Amazon.in,HARYANA,Electronics,USB-C Fast Charger,1,30459.04,COD,B2C
AMZ-1003318,2023-03-19,Delivered,Amazon,Amazon.in,BIHAR,Home & Kitchen,Non-Stick Cookware Set,1,9945.66,Net Banking,B2C
AMZ-1003319,2023-05-16,Delivered,Amazon,Amazon.in,KERALA,Footwear,Canvas Shoes,1,1814.17,Card,B2C
AMZ-1003320,2023-03-09,Delivered,Amazon,Amazon.in,TAMIL NADU,Apparel,Cotton T-Shirt Slim Fit,1,2009.92,UPI,B2C
AMZ-1003321,2023-05-23,Delivered,Amazon,Amazon.in,TELANGANA,Electronics,Bluetooth Speaker,1,24101.28,Card,B2C
AMZ-1003322,2023-05-25,Returned,Amazon,Amazon.in,WEST BENGAL,Books,Ikigai,2,1490.61,UPI,B2C
AMZ-1003323,2023-04-06,Delivered,Amazon,Amazon.in,GUJARAT,Apparel,Sports Shorts,1,1851.66,Card,B2C
AMZ-1003324,2023-03-07,Delivered,Amazon,Amazon.in,MAHARASHTRA,Beauty,Hair Dryer 1600W,1,601.41,COD,B2C
AMZ-1003325,2023-05-04,Delivered,Amazon,Amazon.in,HARYANA,Apparel,Formal Shirt,1,1282.26,Card,B2C
AMZ-1003326,2023-05-07,Shipped,Amazon,Amazon.in,KARNATAKA,Apparel,Formal Shirt,2,3944.32,UPI,B2C
AMZ-1003327,2023-05-14,Cancelled,Amazon,Amazon.in,RAJASTHAN,Footwear,Casual Sneakers,1,2673.06,Net Banking,B2B
AMZ-1003328,2023-06-16,Delivered,Amazon,Amazon.in,UTTAR PRADESH,Electronics,Wireless Earbuds Pro,1,44812.73,UPI,B2C
AMZ-1003329,2023-06-19,Delivered,Amazon,Amazon.in,TELANGANA,Apparel,Leather Belt,1,3372.44,UPI,B2B
AMZ-1003330,2023-05-04,Delivered,Amazon,Amazon.in,TAMIL NADU,Apparel,Formal Shirt,2,5198.44,UPI,B2C
AMZ-1003331,2023-05-08,Delivered,Merchant,Amazon.in,KARNATAKA,Apparel,Leather Belt,1,3013.41,Card,B2C
AMZ-1003332,2023-03-12,Delivered,Merchant,Amazon.in,MAHARASHTRA,Footwear,Casual Sneakers,1,1651.37,Card,B2C
AMZ-1003333,2023-03-20,Delivered,Amazon,Amazon.in,HARYANA,Apparel,Formal Shirt,1,1118.22,Card,B2C
AMZ-1003334,2023-03-10,Delivered,Amazon,Amazon.in,TAMIL NADU,Apparel,Kurta Set,1,2223.59,Card,B2C
AMZ-1003335,2023-06-28,Delivered,Amazon,Amazon.in,WEST BENGAL,Apparel,Winter Sweatshirt,1,3134.96,Card,B2C
AMZ-1003336,2023-05-27,Delivered,Merchant,Amazon.in,MAHARASHTRA,Footwear,Sports Sandals,1,795.69,Wallet,B2C
AMZ-1003337,2023-06-29,Delivered,Amazon,Amazon.in,TAMIL NADU,Sports & Fitness,Dumbbell Set 10kg,2,10679.47,Card,B2C
AMZ-1003338,2023-05-27,Delivered,Amazon,Amazon.in,MAHARASHTRA,Electronics,HDMI Cable 2m,1,42241.62,Net Banking,B2C
AMZ-1003339,2023-04-18,Returned,Merchant,Amazon.in,KERALA,Electronics,Laptop Backpack,1,25190.87,Wallet,B2C
AMZ-1003340,2023-05-23,Delivered,Amazon,Amazon.in,TELANGANA,Beauty,Hair Dryer 1600W,1,1242.87,UPI,B2C
AMZ-1003341,2023-04-10,Delivered,Amazon,Amazon.in,DELHI,Home & Kitchen,Non-Stick Cookware Set,1,7988.22,UPI,B2C
AMZ-1003342,2023-03-07,Delivered,Merchant,Amazon.in,MAHARASHTRA,Beauty,Lipstick Matte Set,2,482.59,Card,B2C
AMZ-1003343,2023-05-14,Delivered,Amazon,Amazon.in,DELHI,Electronics,Laptop Backpack,1,42232.08,Net Banking,B2C
AMZ-1003344,2023-03-15,Delivered,Amazon,Amazon.in,KARNATAKA,Home & Kitchen,Curtain Set 7ft,1,9914.37,Wallet,B2C
AMZ-1003345,2023-05-12,Delivered,Amazon,Amazon.in,HARYANA,Books,Think and Grow Rich,1,384.52,Net Banking,B2C
AMZ-1003346,2023-05-05,Delivered,Merchant,Amazon.in,MADHYA PRADESH,Home & Kitchen,Mixer Grinder 750W,1,945.27,UPI,B2C
AMZ-1003347,2023-06-01,Cancelled,Amazon,Amazon.in,RAJASTHAN,Sports & Fitness,Cricket Bat,1,3027.97,COD,B2C
AMZ-1003348,2023-06-23,Cancelled,Amazon,Amazon.in,MADHYA PRADESH,Apparel,Kurta Set,2,4049.96,COD,B2C
AMZ-1003349,2023-04-22,Delivered,Merchant,Amazon.in,TELANGANA,Sports & Fitness,Football Size 5,1,6277.33,COD,B2C
AMZ-1003350,2023-06-18,Delivered,Amazon,Amazon.in,TELANGANA,Books,Rich Dad Poor Dad,1,736.93,Wallet,B2C
AMZ-1003351,2023-06-11,Delivered,Amazon,Amazon.in,DELHI,Home & Kitchen,Vacuum Flask,1,2918.83,UPI,B2C
AMZ-1003352,2023-03-14,Delivered,Amazon,Amazon.in,PUNJAB,Electronics,HDMI Cable 2m,1,42374.68,COD,B2C
AMZ-1003353,2023-05-05,Delivered,Amazon,Amazon.in,WEST BENGAL,Electronics,Smart Watch Series 5,1,14989.18,Card,B2C
AMZ-1003354,2023-05-06,Cancelled,Amazon,Amazon.in,MAHARASHTRA,Apparel,Denim Jacket,1,2078.86,COD,B2C
AMZ-1003355,2023-05-01,Delivered,Amazon,Amazon.in,TAMIL NADU,Electronics,Smart TV 43" 4K,2,44785.65,Card,B2C
AMZ-1003356,2023-03-25,Delivered,Amazon,Amazon.in,TAMIL NADU,Beauty,Beard Oil,1,1184.74,Wallet,B2C
AMZ-1003357,2023-03-31,Delivered,Amazon,Amazon.in,DELHI,Electronics,Smart Watch Series 5,2,25538.76,Card,B2C
AMZ-1003358,2023-05-06,Delivered,Merchant,Amazon.in,TELANGANA,Electronics,Laptop Backpack,2,69250.78,UPI,B2C
AMZ-1003359,2023-03-14,Delivered,Amazon,Amazon.in,MAHARASHTRA,Books,The Alchemist,1,751.44,UPI,B2C
AMZ-1003360,2023-03-02,Delivered,Amazon,Amazon.in,GUJARAT,Apparel,Winter Sweatshirt,2,6365.94,COD,B2C
AMZ-1003361,2023-06-19,Cancelled,Amazon,Amazon.in,DELHI,Electronics,Smart TV 43" 4K,1,23209.41,COD,B2C
AMZ-1003362,2023-03-21,Delivered,Amazon,Amazon.in,MAHARASHTRA,Books,Think and Grow Rich,1,484.12,UPI,B2C
AMZ-1003363,2023-04-19,Delivered,Amazon,Amazon.in,RAJASTHAN,Apparel,Sports Shorts,2,1149.36,UPI,B2C
AMZ-1003364,2023-06-06,Pending,Merchant,Amazon.in,RAJASTHAN,Footwear,Canvas Shoes,1,3797.59,Card,B2C
AMZ-1003365,2023-03-14,Delivered,Amazon,Amazon.in,UTTAR PRADESH,Home & Kitchen,Non-Stick Cookware Set,3,13857.06,COD,B2C
AMZ-1003366,2023-06-25,Shipped,Amazon,Amazon.in,TELANGANA,Sports & Fitness,Dumbbell Set 10kg,2,5411.64,Card,B2C
AMZ-1003367,2023-04-13,Cancelled,Merchant,Amazon.in,KARNATAKA,Electronics,Smart Watch Series 5,1,10529.49,COD,B2C
AMZ-1003368,2023-06-29,Delivered,Amazon,Amazon.in,HARYANA,Electronics,Laptop Backpack,2,38535.85,COD,B2C
AMZ-1003369,2023-03-27,Shipped,Merchant,Amazon.in,PUNJAB,Electronics,USB-C Fast Charger,1,29176.12,Card,B2C
AMZ-1003370,2023-04-11,Shipped,Merchant,Amazon.in,KARNATAKA,Footwear,Flip Flops,1,2430.37,Net Banking,B2C
AMZ-1003371,2023-04-04,Delivered,Merchant,Amazon.in,KERALA,Home & Kitchen,Storage Container Set,1,9711.66,Wallet,B2C
AMZ-1003372,2023-04-22,Delivered,Amazon,Amazon.in,GUJARAT,Books,Think and Grow Rich,1,211.84,Net Banking,B2C
AMZ-1003373,2023-04-11,Delivered,Merchant,Amazon.in,TAMIL NADU,Sports & Fitness,Dumbbell Set 10kg,2,1230.27,Wallet,B2C
AMZ-1003374,2023-05-12,Delivered,Amazon,Amazon.in,GUJARAT,Electronics,Smart Watch Series 5,2,15265.54,Card,B2C
AMZ-1003375,2023-06-21,Delivered,Amazon,Amazon.in,TELANGANA,Apparel,Winter Sweatshirt,2,3622.41,Net Banking,B2B
AMZ-1003376,2023-05-14,Delivered,Merchant,Amazon.in,WEST BENGAL,Footwear,Sports Sandals,1,1335.46,UPI,B2C
AMZ-1003377,2023-05-16,Delivered,Amazon,Amazon.in,RAJASTHAN,Electronics,Laptop Backpack,1,20474.71,Card,B2C
AMZ-1003378,2023-05-25,Delivered,Amazon,Amazon.in,MADHYA PRADESH,Electronics,Wireless Earbuds Pro,1,35306.42,UPI,B2C
AMZ-1003379,2023-05-07,Delivered,Amazon,Amazon.in,TAMIL NADU,Electronics,HDMI Cable 2m,1,32546.56,Card,B2C
AMZ-1003380,2023-05-15,Pending,Merchant,Amazon.in,TAMIL NADU,Apparel,Sports Shorts,3,5421.48,Card,B2C
AMZ-1003381,2023-06-19,Delivered,Amazon,Amazon.in,WEST BENGAL,Beauty,Vitamin C Face Serum,1,2423.31,UPI,B2C
AMZ-1003382,2023-03-26,Delivered,Amazon,Amazon.in,WEST BENGAL,Home & Kitchen,Steel Water Bottle 1L,3,12252.69,Card,B2C
AMZ-1003383,2023-06-18,Delivered,Amazon,Amazon.in,BIHAR,Footwear,Sports Sandals,1,5972.07,Wallet,B2C
AMZ-1003384,2023-03-19,Pending,Amazon,Amazon.in,PUNJAB,Apparel,Denim Jacket,2,1564.33,COD,B2B
AMZ-1003385,2023-06-21,Cancelled,Amazon,Amazon.in,WEST BENGAL,Apparel,Cotton T-Shirt Slim Fit,1,492.55,COD,B2C
AMZ-1003386,2023-06-07,Delivered,Amazon,Amazon.in,PUNJAB,Home & Kitchen,Bedsheet Double,1,11878.4,COD,B2C
AMZ-1003387,2023-05-19,Delivered,Amazon,Amazon.in,KARNATAKA,Apparel,Kurta Set,1,2806.73,Card,B2C
AMZ-1003388,2023-06-07,Delivered,Merchant,Amazon.in,MAHARASHTRA,Apparel,Sports Shorts,2,1638.17,UPI,B2C
AMZ-1003389,2023-05-22,Delivered,Amazon,Amazon.in,KARNATAKA,Apparel,Formal Shirt,1,1232.13,Wallet,B2C
AMZ-1003390,2023-05-21,Delivered,Amazon,Amazon.in,MAHARASHTRA,Apparel,Formal Shirt,2,3445.06,COD,B2C
AMZ-1003391,2023-06-22,Cancelled,Merchant,Amazon.in,WEST BENGAL,Home & Kitchen,Non-Stick Cookware Set,1,5003.06,COD,B2C
AMZ-1003392,2023-04-17,Delivered,Amazon,Amazon.in,KARNATAKA,Footwear,Loafers,1,4049.71,UPI,B2C
AMZ-1003393,2023-05-15,Returned,Merchant,Amazon.in,MADHYA PRADESH,Footwear,Sports Sandals,1,3195.18,UPI,B2C
AMZ-1003394,2023-05-14,Shipped,Merchant,Amazon.in,GUJARAT,Electronics,USB-C Fast Charger,1,34089.55,COD,B2C
AMZ-1003395,2023-05-23,Cancelled,Amazon,Amazon.in,MAHARASHTRA,Apparel,Kurta Set,1,1354.25,COD,B2C
AMZ-1003396,2023-05-04,Delivered,Merchant,Amazon.in,KARNATAKA,Footwear,Loafers,1,1997.05,COD,B2C
AMZ-1003397,2023-06-29,Shipped,Amazon,Amazon.in,TAMIL NADU,Apparel,Denim Jacket,2,1865.96,UPI,B2C
AMZ-1003398,2023-05-02,Delivered,Merchant,Amazon.in,GUJARAT,Electronics,Smart Watch Series 5,2,43464.41,UPI,B2B
AMZ-1003399,2023-06-15,Delivered,Merchant,Amazon.in,TAMIL NADU,Books,Atomic Habits,3,1546.56,COD,B2C
AMZ-1003400,2023-05-21,Delivered,Merchant,Amazon.in,TELANGANA,Footwear,Flip Flops,1,1631.59,UPI,B2C
AMZ-1003401,2023-05-01,Shipped,Amazon,Amazon.in,TAMIL NADU,Beauty,Lipstick Matte Set,2,3236.03,Card,B2C
AMZ-1003402,2023-04-10,Pending,Amazon,Amazon.in,UTTAR PRADESH,Apparel,Leather Belt,1,2097.28,Card,B2C
AMZ-1003403,2023-03-20,Shipped,Amazon,Amazon.in,KARNATAKA,Apparel,Kurta Set,2,2591.01,COD,B2C
AMZ-1003404,2023-03-27,Delivered,Amazon,Amazon.in,DELHI,Sports & Fitness,Badminton Racket,1,6393.33,COD,B2C
AMZ-1003405,2023-06-02,Delivered,Amazon,Amazon.in,MADHYA PRADESH,Books,Think and Grow Rich,1,776.65,Wallet,B2C
AMZ-1003406,2023-04-30,Delivered,Amazon,Amazon.in,GUJARAT,Footwear,Flip Flops,1,754.32,UPI,B2C
AMZ-1003407,2023-06-20,Delivered,Merchant,Amazon.in,KARNATAKA,Footwear,Canvas Shoes,3,9365.77,Card,B2C
AMZ-1003408,2023-05-10,Delivered,Merchant,Amazon.in,KARNATAKA,Beauty,Shampoo Anti-Dandruff,1,1985.71,UPI,B2C
AMZ-1003409,2023-05-29,Delivered,Amazon,Amazon.in,MAHARASHTRA,Home & Kitchen,Bedsheet Double,1,5819.99,UPI,B2C
AMZ-1003410,2023-06-24,Delivered,Amazon,Amazon.in,TAMIL NADU,Footwear,Formal Leather Shoes,1,2349.95,Card,B2C
AMZ-1003411,2023-05-02,Returned,Merchant,Amazon.in,MAHARASHTRA,Home & Kitchen,Curtain Set 7ft,1,2851.82,COD,B2C
AMZ-1003412,2023-04-27,Delivered,Amazon,Amazon.in,MAHARASHTRA,Footwear,Trail Hiking Boots,1,4458.58,UPI,B2C
AMZ-1003413,2023-03-16,Delivered,Amazon,Amazon.in,MAHARASHTRA,Electronics,HDMI Cable 2m,1,35528,Wallet,B2C
AMZ-1003414,2023-04-18,Returned,Amazon,Amazon.in,KARNATAKA,Electronics,Power Bank 20000mAh,1,10355.61,UPI,B2C
AMZ-1003415,2023-04-30,Delivered,Amazon,Amazon.in,DELHI,Home & Kitchen,Non-Stick Cookware Set,2,1271.69,UPI,B2C
AMZ-1003416,2023-04-03,Delivered,Amazon,Amazon.in,MAHARASHTRA,Footwear,Running Shoes,1,3745.77,Wallet,B2C
AMZ-1003417,2023-04-23,Returned,Amazon,Amazon.in,RAJASTHAN,Home & Kitchen,Storage Container Set,2,3223.68,Card,B2C
AMZ-1003418,2023-04-01,Delivered,Merchant,Amazon.in,KERALA,Home & Kitchen,Mixer Grinder 750W,1,10024.47,Card,B2C
AMZ-1003419,2023-05-29,Delivered,Merchant,Amazon.in,PUNJAB,Electronics,Power Bank 20000mAh,2,43616.88,UPI,B2C
AMZ-1003420,2023-06-03,Delivered,Amazon,Amazon.in,DELHI,Apparel,Leather Belt,1,2158.4,UPI,B2C
AMZ-1003421,2023-04-15,Delivered,Amazon,Amazon.in,DELHI,Books,Think and Grow Rich,3,3523.92,Net Banking,B2C
AMZ-1003422,2023-03-15,Delivered,Merchant,Amazon.in,MAHARASHTRA,Electronics,Wireless Earbuds Pro,1,6520.62,Card,B2C
AMZ-1003423,2023-05-01,Delivered,Merchant,Amazon.in,PUNJAB,Apparel,Winter Sweatshirt,1,589.66,Net Banking,B2C
AMZ-1003424,2023-05-26,Cancelled,Amazon,Amazon.in,RAJASTHAN,Electronics,Smart Watch Series 5,2,66294.22,COD,B2C
AMZ-1003425,2023-04-27,Delivered,Merchant,Amazon.in,DELHI,Electronics,Power Bank 20000mAh,1,23764.12,COD,B2B
AMZ-1003426,2023-05-24,Delivered,Amazon,Amazon.in,GUJARAT,Apparel,Denim Jacket,1,567.76,UPI,B2C
AMZ-1003427,2023-04-20,Delivered,Amazon,Amazon.in,TAMIL NADU,Apparel,Formal Shirt,1,847.18,Card,B2C
AMZ-1003428,2023-06-18,Shipped,Amazon,Amazon.in,TAMIL NADU,Footwear,Loafers,1,4329.28,UPI,B2C
AMZ-1003429,2023-05-22,Delivered,Merchant,Amazon.in,PUNJAB,Beauty,Beard Oil,2,1956.5,UPI,B2C
AMZ-1003430,2023-05-31,Cancelled,Merchant,Amazon.in,GUJARAT,Electronics,USB-C Fast Charger,1,24208.6,COD,B2C
AMZ-1003431,2023-04-10,Delivered,Merchant,Amazon.in,DELHI,Electronics,Laptop Backpack,1,25640.9,COD,B2C
AMZ-1003432,2023-06-26,Delivered,Merchant,Amazon.in,TAMIL NADU,Electronics,Power Bank 20000mAh,2,8687.27,UPI,B2C
AMZ-1003433,2023-04-30,Delivered,Amazon,Amazon.in,TAMIL NADU,Electronics,Smart Watch Series 5,1,44213.88,UPI,B2C
AMZ-1003434,2023-06-27,Shipped,Amazon,Amazon.in,DELHI,Apparel,Sports Shorts,1,1796.24,UPI,B2C
AMZ-1003435,2023-05-12,Pending,Amazon,Amazon.in,TELANGANA,Electronics,Bluetooth Speaker,2,27048.86,Card,B2C
AMZ-1003436,2023-05-13,Delivered,Merchant,Amazon.in,KARNATAKA,Home & Kitchen,Vacuum Flask,1,8452.45,COD,B2C
AMZ-1003437,2023-05-01,Shipped,Amazon,Amazon.in,DELHI,Beauty,Hair Dryer 1600W,1,237.68,Card,B2C
AMZ-1003438,2023-06-07,Delivered,Amazon,Amazon.in,MAHARASHTRA,Books,Ikigai,1,935.86,UPI,B2C
AMZ-1003439,2023-05-05,Delivered,Merchant,Amazon.in,KERALA,Beauty,Sunscreen SPF 50,3,669.41,Net Banking,B2C
AMZ-1003440,2023-05-11,Delivered,Merchant,Amazon.in,WEST BENGAL,Home & Kitchen,Curtain Set 7ft,1,4231.47,UPI,B2C
AMZ-1003441,2023-03-05,Delivered,Amazon,Amazon.in,MAHARASHTRA,Beauty,Lipstick Matte Set,2,2473.14,Card,B2C
AMZ-1003442,2023-05-31,Delivered,Amazon,Amazon.in,KARNATAKA,Beauty,Sunscreen SPF 50,2,3006.06,Net Banking,B2C
AMZ-1003443,2023-06-16,Shipped,Merchant,Amazon.in,MAHARASHTRA,Beauty,Lipstick Matte Set,2,4079.45,UPI,B2C
AMZ-1003444,2023-04-14,Pending,Amazon,Amazon.in,KARNATAKA,Apparel,Formal Shirt,1,583.46,Wallet,B2C
AMZ-1003445,2023-06-25,Delivered,Amazon,Amazon.in,DELHI,Sports & Fitness,Cricket Bat,1,1363.32,COD,B2C
AMZ-1003446,2023-03-06,Delivered,Amazon,Amazon.in,TAMIL NADU,Beauty,Beard Oil,1,1763.84,UPI,B2C
AMZ-1003447,2023-05-24,Delivered,Amazon,Amazon.in,MAHARASHTRA,Electronics,Smart TV 43" 4K,2,14523.04,Wallet,B2C
AMZ-1003448,2023-05-20,Delivered,Merchant,Amazon.in,GUJARAT,Apparel,Winter Sweatshirt,1,2087.19,UPI,B2B
AMZ-1003449,2023-06-28,Delivered,Merchant,Amazon.in,MAHARASHTRA,Electronics,Smart TV 43" 4K,2,79458.49,Card,B2C
AMZ-1003450,2023-05-27,Delivered,Amazon,Amazon.in,GUJARAT,Electronics,Laptop Backpack,2,26111.7,UPI,B2C
AMZ-1003451,2023-06-21,Delivered,Amazon,Amazon.in,TELANGANA,Sports & Fitness,Football Size 5,1,4895.42,Card,B2C
AMZ-1003452,2023-06-29,Delivered,Amazon,Amazon.in,WEST BENGAL,Beauty,Lipstick Matte Set,1,1590.4,UPI,B2C
AMZ-1003453,2023-06-02,Cancelled,Amazon,Amazon.in,HARYANA,Sports & Fitness,Football Size 5,1,4044.08,COD,B2C
AMZ-1003454,2023-03-06,Delivered,Amazon,Amazon.in,MAHARASHTRA,Home & Kitchen,Steel Water Bottle 1L,2,22752.69,UPI,B2C
AMZ-1003455,2023-05-20,Delivered,Amazon,Amazon.in,KARNATAKA,Electronics,Smart Watch Series 5,1,40816.06,UPI,B2B
AMZ-1003456,2023-05-09,Returned,Amazon,Amazon.in,RAJASTHAN,Footwear,Running Shoes,1,902.84,Wallet,B2C
AMZ-1003457,2023-05-02,Delivered,Merchant,Amazon.in,DELHI,Sports & Fitness,Resistance Bands,1,2754.24,Wallet,B2C
AMZ-1003458,2023-04-01,Delivered,Amazon,Amazon.in,MAHARASHTRA,Beauty,Perfume EDT 100ml,1,956.54,UPI,B2C
AMZ-1003459,2023-06-23,Delivered,Amazon,Amazon.in,TAMIL NADU,Electronics,Smart TV 43" 4K,1,38581.02,Card,B2C
AMZ-1003460,2023-04-12,Cancelled,Merchant,Amazon.in,MAHARASHTRA,Home & Kitchen,Storage Container Set,2,8349.74,COD,B2C
AMZ-1003461,2023-05-29,Delivered,Amazon,Amazon.in,PUNJAB,Apparel,Polo T-Shirt,1,2829.12,COD,B2C
AMZ-1003462,2023-05-19,Delivered,Amazon,Amazon.in,RAJASTHAN,Apparel,Sports Shorts,1,1856.29,COD,B2C
AMZ-1003463,2023-05-16,Delivered,Amazon,Amazon.in,KARNATAKA,Home & Kitchen,Steel Water Bottle 1L,3,33578.77,UPI,B2C
AMZ-1003464,2023-05-11,Delivered,Amazon,Amazon.in,MAHARASHTRA,Electronics,Laptop Backpack,1,43639,Card,B2C
AMZ-1003465,2023-04-26,Delivered,Amazon,Amazon.in,TAMIL NADU,Apparel,Cotton T-Shirt Slim Fit,2,884.16,COD,B2C
AMZ-1003466,2023-05-22,Delivered,Amazon,Amazon.in,DELHI,Electronics,Smart Watch Series 5,1,2242.03,Wallet,B2C
AMZ-1003467,2023-06-23,Delivered,Merchant,Amazon.in,KARNATAKA,Sports & Fitness,Cricket Bat,1,1227.28,Card,B2C
AMZ-1003468,2023-03-08,Delivered,Merchant,Amazon.in,DELHI,Electronics,Power Bank 20000mAh,2,27163.59,COD,B2C
AMZ-1003469,2023-05-20,Delivered,Amazon,Amazon.in,KARNATAKA,Electronics,Smart TV 43" 4K,1,19552.1,Card,B2C
AMZ-1003470,2023-05-22,Cancelled,Amazon,Amazon.in,KARNATAKA,Footwear,Loafers,2,2900.49,COD,B2C
AMZ-1003471,2023-03-29,Delivered,Amazon,Amazon.in,GUJARAT,Apparel,Denim Jacket,2,6390.04,Card,B2C
AMZ-1003472,2023-03-11,Cancelled,Merchant,Amazon.in,TAMIL NADU,Apparel,Leather Belt,1,2317.86,COD,B2C
AMZ-1003473,2023-05-22,Delivered,Amazon,Amazon.in,HARYANA,Home & Kitchen,Bedsheet Double,1,10297.41,UPI,B2C
AMZ-1003474,2023-03-24,Shipped,Amazon,Amazon.in,MAHARASHTRA,Electronics,Power Bank 20000mAh,1,36720.76,Card,B2C
AMZ-1003475,2023-05-26,Delivered,Amazon,Amazon.in,UTTAR PRADESH,Home & Kitchen,Non-Stick Cookware Set,1,843.63,UPI,B2C
AMZ-1003476,2023-06-05,Cancelled,Merchant,Amazon.in,DELHI,Sports & Fitness,Skipping Rope,2,6988.22,COD,B2C
AMZ-1003477,2023-03-10,Delivered,Merchant,Amazon.in,UTTAR PRADESH,Apparel,Formal Shirt,1,777.94,Net Banking,B2C
AMZ-1003478,2023-03-22,Delivered,Amazon,Amazon.in,MAHARASHTRA,Electronics,Bluetooth Speaker,1,22301.26,UPI,B2C
AMZ-1003479,2023-04-20,Cancelled,Amazon,Amazon.in,KERALA,Sports & Fitness,Cricket Bat,2,6855.74,COD,B2C
AMZ-1003480,2023-06-04,Delivered,Amazon,Amazon.in,TAMIL NADU,Electronics,HDMI Cable 2m,1,44023.29,Net Banking,B2C
AMZ-1003481,2023-05-11,Delivered,Amazon,Amazon.in,MAHARASHTRA,Sports & Fitness,Foam Roller,1,6284.52,UPI,B2C
AMZ-1003482,2023-06-18,Cancelled,Merchant,Amazon.in,UTTAR PRADESH,Electronics,Smart TV 43" 4K,1,25612.96,COD,B2C
AMZ-1003483,2023-05-05,Returned,Merchant,Amazon.in,GUJARAT,Apparel,Formal Shirt,2,3066.04,UPI,B2C
AMZ-1003484,2023-06-15,Delivered,Amazon,Amazon.in,TAMIL NADU,Beauty,Lipstick Matte Set,1,482.36,UPI,B2C
AMZ-1003485,2023-06-06,Delivered,Merchant,Amazon.in,WEST BENGAL,Beauty,Hair Dryer 1600W,2,1413.39,Card,B2C
AMZ-1003486,2023-06-25,Delivered,Merchant,Amazon.in,TELANGANA,Apparel,Denim Jacket,1,645.74,Net Banking,B2C
AMZ-1003487,2023-03-07,Cancelled,Amazon,Amazon.in,HARYANA,Electronics,Power Bank 20000mAh,1,9516.95,COD,B2C
AMZ-1003488,2023-05-08,Cancelled,Amazon,Amazon.in,TELANGANA,Beauty,Shampoo Anti-Dandruff,1,940.74,UPI,B2C
AMZ-1003489,2023-05-08,Delivered,Amazon,Amazon.in,DELHI,Books,Sapiens,1,313.83,COD,B2C
AMZ-1003490,2023-05-28,Shipped,Amazon,Amazon.in,WEST BENGAL,Books,The Alchemist,1,162.6,Card,B2C
AMZ-1003491,2023-06-25,Delivered,Amazon,Amazon.in,TELANGANA,Apparel,Formal Shirt,1,1516.53,UPI,B2C
AMZ-1003492,2023-03-13,Delivered,Merchant,Amazon.in,TELANGANA,Electronics,USB-C Fast Charger,1,9189.2,UPI,B2C
AMZ-1003493,2023-04-22,Delivered,Amazon,Amazon.in,DELHI,Apparel,Sports Shorts,1,1876.39,Wallet,B2C
AMZ-1003494,2023-03-22,Delivered,Merchant,Amazon.in,DELHI,Books,Think and Grow Rich,2,1246.64,Card,B2B
AMZ-1003495,2023-06-22,Shipped,Amazon,Amazon.in,DELHI,Apparel,Denim Jacket,1,3160.84,UPI,B2C
AMZ-1003496,2023-03-06,Delivered,Merchant,Amazon.in,DELHI,Apparel,Leather Belt,1,473.16,Wallet,B2C
AMZ-1003497,2023-04-20,Delivered,Merchant,Amazon.in,MAHARASHTRA,Electronics,USB-C Fast Charger,1,43700.09,COD,B2C
AMZ-1003498,2023-04-06,Delivered,Merchant,Amazon.in,HARYANA,Sports & Fitness,Resistance Bands,2,13791.13,UPI,B2C
AMZ-1003499,2023-04-15,Delivered,Merchant,Amazon.in,UTTAR PRADESH,Home & Kitchen,Steel Water Bottle 1L,1,1067.24,COD,B2C
AMZ-1003500,2023-05-08,Delivered,Amazon,Amazon.in,WEST BENGAL,Electronics,Smart TV 43" 4K,1,44321.85,UPI,B2C
AMZ-1003501,2023-05-25,Shipped,Merchant,Amazon.in,KARNATAKA,Electronics,Smart Watch Series 5,1,12191.26,UPI,B2C
AMZ-1003502,2023-05-16,Delivered,Amazon,Amazon.in,DELHI,Beauty,Beard Oil,3,3810.18,UPI,B2C
AMZ-1003503,2023-06-12,Delivered,Amazon,Amazon.in,KARNATAKA,Electronics,Smart Watch Series 5,1,41988.35,Wallet,B2C
AMZ-1003504,2023-05-31,Delivered,Amazon,Amazon.in,TELANGANA,Apparel,Leather Belt,1,584.46,Wallet,B2C
AMZ-1003505,2023-06-09,Delivered,Merchant,Amazon.in,WEST BENGAL,Apparel,Leather Belt,2,6379.87,UPI,B2C
AMZ-1003506,2023-03-21,Delivered,Amazon,Amazon.in,TAMIL NADU,Electronics,Laptop Backpack,1,43284.67,Card,B2C
AMZ-1003507,2023-03-02,Delivered,Amazon,Amazon.in,KARNATAKA,Apparel,Winter Sweatshirt,1,2615.42,UPI,B2C
AMZ-1003508,2023-05-14,Delivered,Amazon,Amazon.in,RAJASTHAN,Apparel,Denim Jacket,1,1432.41,COD,B2C
AMZ-1003509,2023-06-17,Delivered,Merchant,Amazon.in,MAHARASHTRA,Electronics,Bluetooth Speaker,2,52539.44,COD,B2C
AMZ-1003510,2023-04-05,Cancelled,Amazon,Amazon.in,BIHAR,Home & Kitchen,LED Table Lamp,1,11165.88,COD,B2C
AMZ-1003511,2023-04-11,Delivered,Merchant,Amazon.in,GUJARAT,Books,Rich Dad Poor Dad,1,935.13,COD,B2C
AMZ-1003512,2023-04-06,Delivered,Merchant,Amazon.in,KARNATAKA,Home & Kitchen,Storage Container Set,1,4591.84,COD,B2C
AMZ-1003513,2023-05-10,Delivered,Amazon,Amazon.in,MAHARASHTRA,Beauty,Face Wash Neem,3,1343.52,COD,B2C
AMZ-1003514,2023-05-25,Delivered,Merchant,Amazon.in,MAHARASHTRA,Beauty,Vitamin C Face Serum,1,1312.78,Card,B2C
AMZ-1003515,2023-06-01,Delivered,Amazon,Amazon.in,TAMIL NADU,Beauty,Beard Oil,1,344.09,UPI,B2C
AMZ-1003516,2023-06-01,Delivered,Amazon,Amazon.in,BIHAR,Apparel,Denim Jacket,3,6635.92,Card,B2C
AMZ-1003517,2023-05-03,Delivered,Merchant,Amazon.in,HARYANA,Apparel,Polo T-Shirt,1,3235.43,UPI,B2C
AMZ-1003518,2023-05-07,Delivered,Amazon,Amazon.in,MADHYA PRADESH,Apparel,Leather Belt,1,1227.22,Card,B2C
AMZ-1003519,2023-05-19,Delivered,Merchant,Amazon.in,TELANGANA,Footwear,Formal Leather Shoes,1,3974.27,Net Banking,B2C
AMZ-1003520,2023-03-13,Delivered,Amazon,Amazon.in,UTTAR PRADESH,Electronics,Power Bank 20000mAh,1,16652.06,Wallet,B2C
AMZ-1003521,2023-04-19,Cancelled,Merchant,Amazon.in,DELHI,Home & Kitchen,Mixer Grinder 750W,2,5706.46,COD,B2C
AMZ-1003522,2023-04-18,Shipped,Amazon,Amazon.in,TAMIL NADU,Books,Ikigai,2,2091.85,Card,B2C
AMZ-1003523,2023-03-16,Delivered,Merchant,Amazon.in,TAMIL NADU,Sports & Fitness,Skipping Rope,1,6421.08,Wallet,B2B
AMZ-1003524,2023-03-26,Delivered,Merchant,Amazon.in,KARNATAKA,Apparel,Cotton T-Shirt Slim Fit,1,2287.72,UPI,B2C
AMZ-1003525,2023-06-23,Delivered,Merchant,Amazon.in,UTTAR PRADESH,Electronics,Power Bank 20000mAh,1,9421.51,COD,B2C
AMZ-1003526,2023-05-09,Cancelled,Amazon,Amazon.in,UTTAR PRADESH,Books,Think and Grow Rich,2,1368.62,COD,B2C
AMZ-1003527,2023-06-29,Delivered,Merchant,Amazon.in,MAHARASHTRA,Electronics,Laptop Backpack,1,4827.4,UPI,B2B
AMZ-1003528,2023-03-14,Delivered,Amazon,Amazon.in,TAMIL NADU,Books,Atomic Habits,1,528.4,Wallet,B2C
AMZ-1003529,2023-05-05,Delivered,Amazon,Amazon.in,RAJASTHAN,Home & Kitchen,LED Table Lamp,1,8107.2,Wallet,B2C
AMZ-1003530,2023-06-01,Cancelled,Amazon,Amazon.in,TAMIL NADU,Beauty,Perfume EDT 100ml,1,1888.58,COD,B2C
AMZ-1003531,2023-04-11,Delivered,Amazon,Amazon.in,MAHARASHTRA,Home & Kitchen,Vacuum Flask,1,1608.81,Net Banking,B2C
AMZ-1003532,2023-03-16,Delivered,Amazon,Amazon.in,RAJASTHAN,Footwear,Trail Hiking Boots,1,5001.73,UPI,B2C
AMZ-1003533,2023-06-22,Delivered,Amazon,Amazon.in,GUJARAT,Books,Atomic Habits,1,386.29,UPI,B2C
AMZ-1003534,2023-04-01,Delivered,Amazon,Amazon.in,MAHARASHTRA,Electronics,Smart TV 43" 4K,1,31728.68,Net Banking,B2C
AMZ-1003535,2023-05-24,Delivered,Merchant,Amazon.in,MAHARASHTRA,Electronics,HDMI Cable 2m,1,21968.2,UPI,B2C
AMZ-1003536,2023-03-07,Delivered,Amazon,Amazon.in,TELANGANA,Apparel,Denim Jacket,3,5226.54,Card,B2C
AMZ-1003537,2023-04-07,Delivered,Merchant,Amazon.in,MAHARASHTRA,Sports & Fitness,Skipping Rope,1,1057.44,Card,B2C
AMZ-1003538,2023-05-08,Delivered,Merchant,Amazon.in,KARNATAKA,Home & Kitchen,Non-Stick Cookware Set,1,4149.17,Card,B2C
AMZ-1003539,2023-06-29,Returned,Amazon,Amazon.in,DELHI,Beauty,Lipstick Matte Set,1,835,COD,B2C
AMZ-1003540,2023-03-27,Shipped,Merchant,Amazon.in,HARYANA,Footwear,Trail Hiking Boots,1,755.97,UPI,B2C
AMZ-1003541,2023-05-05,Delivered,Merchant,Amazon.in,UTTAR PRADESH,Sports & Fitness,Skipping Rope,2,3317.23,UPI,B2C
AMZ-1003542,2023-05-20,Delivered,Merchant,Amazon.in,MAHARASHTRA,Beauty,Face Wash Neem,1,1954.58,Net Banking,B2C
AMZ-1003543,2023-04-15,Delivered,Amazon,Amazon.in,KERALA,Books,Think and Grow Rich,1,790.82,Card,B2C
AMZ-1003544,2023-05-22,Delivered,Amazon,Amazon.in,TAMIL NADU,Apparel,Kurta Set,3,3239.5,COD,B2C
AMZ-1003545,2023-04-07,Delivered,Amazon,Amazon.in,WEST BENGAL,Home & Kitchen,Vacuum Flask,1,2933.49,Card,B2C
AMZ-1003546,2023-04-21,Delivered,Amazon,Amazon.in,GUJARAT,Apparel,Formal Shirt,1,1560.55,UPI,B2C
AMZ-1003547,2023-03-20,Delivered,Amazon,Amazon.in,MAHARASHTRA,Sports & Fitness,Skipping Rope,1,7338.2,Net Banking,B2C
AMZ-1003548,2023-05-05,Delivered,Merchant,Amazon.in,RAJASTHAN,Electronics,HDMI Cable 2m,1,6508.8,Net Banking,B2C
AMZ-1003549,2023-05-10,Cancelled,Amazon,Amazon.in,WEST BENGAL,Home & Kitchen,Curtain Set 7ft,1,4832.16,Net Banking,B2C
AMZ-1003550,2023-04-13,Delivered,Merchant,Amazon.in,RAJASTHAN,Electronics,HDMI Cable 2m,2,36961.82,Card,B2C
AMZ-1003551,2023-04-06,Delivered,Amazon,Amazon.in,MAHARASHTRA,Electronics,Bluetooth Speaker,1,14786.54,Card,B2C
AMZ-1003552,2023-06-18,Delivered,Merchant,Amazon.in,KERALA,Footwear,Running Shoes,1,3688.52,COD,B2C
AMZ-1003553,2023-05-18,Delivered,Amazon,Amazon.in,TAMIL NADU,Books,Think and Grow Rich,1,642.48,COD,B2C
AMZ-1003554,2023-03-13,Delivered,Amazon,Amazon.in,KARNATAKA,Sports & Fitness,Badminton Racket,3,7201.41,COD,B2C
AMZ-1003555,2023-03-29,Shipped,Amazon,Amazon.in,TAMIL NADU,Electronics,Power Bank 20000mAh,2,76673.9,Card,B2C
AMZ-1003556,2023-03-12,Shipped,Amazon,Amazon.in,MAHARASHTRA,Electronics,Smart TV 43" 4K,1,16500.1,UPI,B2C
AMZ-1003557,2023-05-04,Delivered,Amazon,Amazon.in,MAHARASHTRA,Books,Deep Work,1,790.48,Net Banking,B2C
AMZ-1003558,2023-06-19,Delivered,Amazon,Amazon.in,BIHAR,Electronics,Power Bank 20000mAh,1,11791.42,UPI,B2C
AMZ-1003559,2023-06-17,Delivered,Amazon,Amazon.in,GUJARAT,Home & Kitchen,Vacuum Flask,1,10609.3,Card,B2C
AMZ-1003560,2023-04-07,Returned,Amazon,Amazon.in,UTTAR PRADESH,Apparel,Cotton T-Shirt Slim Fit,1,505.81,COD,B2C
AMZ-1003561,2023-04-10,Delivered,Merchant,Amazon.in,HARYANA,Footwear,Casual Sneakers,1,2043.25,UPI,B2C
AMZ-1003562,2023-06-14,Shipped,Merchant,Amazon.in,PUNJAB,Apparel,Cotton T-Shirt Slim Fit,1,1573.69,Wallet,B2C
AMZ-1003563,2023-05-16,Delivered,Amazon,Amazon.in,TELANGANA,Footwear,Sports Sandals,1,5465.91,Card,B2C
AMZ-1003564,2023-04-15,Cancelled,Merchant,Amazon.in,UTTAR PRADESH,Sports & Fitness,Badminton Racket,3,20844.18,COD,B2C
AMZ-1003565,2023-04-02,Delivered,Merchant,Amazon.in,PUNJAB,Electronics,USB-C Fast Charger,1,35028.54,UPI,B2C
AMZ-1003566,2023-04-28,Delivered,Merchant,Amazon.in,GUJARAT,Apparel,Denim Jacket,1,1424.21,COD,B2C
AMZ-1003567,2023-06-14,Delivered,Amazon,Amazon.in,MAHARASHTRA,Home & Kitchen,Bedsheet Double,2,23990.42,COD,B2C
AMZ-1003568,2023-05-21,Delivered,Amazon,Amazon.in,MAHARASHTRA,Home & Kitchen,Bedsheet Double,1,9961.64,Net Banking,B2C
AMZ-1003569,2023-05-20,Cancelled,Amazon,Amazon.in,KARNATAKA,Home & Kitchen,Steel Water Bottle 1L,1,4787.45,COD,B2C
AMZ-1003570,2023-03-09,Delivered,Amazon,Amazon.in,TAMIL NADU,Sports & Fitness,Cricket Bat,1,7828.39,Card,B2C
AMZ-1003571,2023-03-19,Delivered,Amazon,Amazon.in,KERALA,Home & Kitchen,Storage Container Set,1,1423.61,UPI,B2C
AMZ-1003572,2023-04-29,Delivered,Merchant,Amazon.in,UTTAR PRADESH,Apparel,Winter Sweatshirt,1,1141.93,Card,B2C
AMZ-1003573,2023-03-24,Delivered,Merchant,Amazon.in,TAMIL NADU,Electronics,Smart Watch Series 5,1,35777.91,Card,B2C
AMZ-1003574,2023-03-26,Cancelled,Amazon,Amazon.in,MAHARASHTRA,Electronics,USB-C Fast Charger,2,67599.54,UPI,B2C
AMZ-1003575,2023-04-15,Delivered,Merchant,Amazon.in,KARNATAKA,Beauty,Shampoo Anti-Dandruff,1,458.19,UPI,B2C
AMZ-1003576,2023-06-13,Shipped,Merchant,Amazon.in,MAHARASHTRA,Apparel,Winter Sweatshirt,1,3282.57,UPI,B2C
AMZ-1003577,2023-05-09,Delivered,Merchant,Amazon.in,GUJARAT,Footwear,Loafers,1,5248.3,UPI,B2C
AMZ-1003578,2023-05-26,Shipped,Merchant,Amazon.in,MAHARASHTRA,Home & Kitchen,Vacuum Flask,1,1897.59,UPI,B2C
AMZ-1003579,2023-05-08,Delivered,Amazon,Amazon.in,GUJARAT,Footwear,Loafers,1,2980.18,UPI,B2C
AMZ-1003580,2023-05-17,Returned,Amazon,Amazon.in,DELHI,Electronics,Laptop Backpack,2,15730.84,UPI,B2C
AMZ-1003581,2023-05-25,Delivered,Amazon,Amazon.in,UTTAR PRADESH,Apparel,Sports Shorts,2,4135.06,Card,B2C
AMZ-1003582,2023-05-19,Shipped,Amazon,Amazon.in,BIHAR,Footwear,Loafers,1,4591.09,UPI,B2C
AMZ-1003583,2023-03-08,Delivered,Merchant,Amazon.in,KARNATAKA,Home & Kitchen,Mixer Grinder 750W,1,1601,UPI,B2C
AMZ-1003584,2023-04-06,Delivered,Amazon,Amazon.in,UTTAR PRADESH,Electronics,Laptop Backpack,1,42755.46,UPI,B2C
AMZ-1003585,2023-05-25,Shipped,Amazon,Amazon.in,TELANGANA,Beauty,Lipstick Matte Set,1,2459.06,COD,B2C
AMZ-1003586,2023-05-22,Delivered,Merchant,Amazon.in,BIHAR,Sports & Fitness,Resistance Bands,1,4446.49,UPI,B2C
AMZ-1003587,2023-06-07,Delivered,Merchant,Amazon.in,DELHI,Beauty,Sunscreen SPF 50,1,686.6,UPI,B2C
AMZ-1003588,2023-03-19,Delivered,Merchant,Amazon.in,KARNATAKA,Apparel,Kurta Set,1,3264.86,Card,B2B
AMZ-1003589,2023-04-29,Delivered,Merchant,Amazon.in,DELHI,Beauty,Hair Dryer 1600W,1,1338.14,Card,B2C
AMZ-1003590,2023-05-19,Delivered,Amazon,Amazon.in,TELANGANA,Apparel,Kurta Set,1,1872.66,COD,B2C
AMZ-1003591,2023-05-23,Delivered,Merchant,Amazon.in,KARNATAKA,Home & Kitchen,Curtain Set 7ft,1,10502.7,Wallet,B2C
AMZ-1003592,2023-04-28,Pending,Amazon,Amazon.in,KARNATAKA,Footwear,Loafers,1,3739.31,Net Banking,B2C
AMZ-1003593,2023-04-12,Delivered,Merchant,Amazon.in,HARYANA,Electronics,Wireless Earbuds Pro,2,62890.21,UPI,B2C
AMZ-1003594,2023-05-11,Delivered,Amazon,Amazon.in,TELANGANA,Sports & Fitness,Foam Roller,1,1387.28,Card,B2C
AMZ-1003595,2023-05-22,Returned,Merchant,Amazon.in,KARNATAKA,Books,Deep Work,1,194.67,Card,B2C
AMZ-1003596,2023-06-16,Delivered,Amazon,Amazon.in,TAMIL NADU,Beauty,Hair Dryer 1600W,2,3003.59,Wallet,B2C
AMZ-1003597,2023-03-18,Returned,Amazon,Amazon.in,WEST BENGAL,Electronics,Power Bank 20000mAh,1,10321.56,COD,B2C
AMZ-1003598,2023-03-31,Delivered,Merchant,Amazon.in,MAHARASHTRA,Apparel,Denim Jacket,1,582.76,UPI,B2C
AMZ-1003599,2023-05-05,Delivered,Amazon,Amazon.in,TAMIL NADU,Beauty,Sunscreen SPF 50,1,1756.22,UPI,B2C
AMZ-1003600,2023-04-15,Delivered,Amazon,Amazon.in,TAMIL NADU,Books,Rich Dad Poor Dad,1,635.4,Wallet,B2C
AMZ-1003601,2023-05-19,Delivered,Merchant,Amazon.in,WEST BENGAL,Apparel,Polo T-Shirt,2,2680.93,Wallet,B2C
AMZ-1003602,2023-04-28,Delivered,Amazon,Amazon.in,GUJARAT,Electronics,Bluetooth Speaker,1,7316.29,Card,B2C
AMZ-1003603,2023-04-15,Shipped,Amazon,Amazon.in,KARNATAKA,Home & Kitchen,Curtain Set 7ft,1,11078.75,Card,B2C
AMZ-1003604,2023-05-05,Delivered,Amazon,Amazon.in,UTTAR PRADESH,Home & Kitchen,Mixer Grinder 750W,1,3765.54,UPI,B2C
AMZ-1003605,2023-03-06,Delivered,Merchant,Amazon.in,TAMIL NADU,Sports & Fitness,Cricket Bat,1,7201.47,UPI,B2C
AMZ-1003606,2023-06-08,Cancelled,Amazon,Amazon.in,KARNATAKA,Electronics,Wireless Earbuds Pro,1,32013.83,COD,B2C
AMZ-1003607,2023-03-21,Cancelled,Amazon,Amazon.in,DELHI,Footwear,Running Shoes,1,1296.57,COD,B2C
AMZ-1003608,2023-04-07,Delivered,Merchant,Amazon.in,DELHI,Beauty,Shampoo Anti-Dandruff,1,1051.93,Card,B2C
AMZ-1003609,2023-05-24,Delivered,Merchant,Amazon.in,MAHARASHTRA,Beauty,Shampoo Anti-Dandruff,1,442.39,Card,B2C
AMZ-1003610,2023-05-15,Delivered,Amazon,Amazon.in,DELHI,Electronics,Wireless Earbuds Pro,1,1932.5,Card,B2C
AMZ-1003611,2023-06-24,Cancelled,Amazon,Amazon.in,KARNATAKA,Electronics,Power Bank 20000mAh,1,38024.37,COD,B2C
AMZ-1003612,2023-04-09,Delivered,Amazon,Amazon.in,DELHI,Footwear,Canvas Shoes,2,3453.94,UPI,B2C
AMZ-1003613,2023-05-31,Delivered,Merchant,Amazon.in,KARNATAKA,Apparel,Kurta Set,1,2889.83,Net Banking,B2B
AMZ-1003614,2023-05-05,Cancelled,Amazon,Amazon.in,KERALA,Books,Rich Dad Poor Dad,1,900.87,Wallet,B2C
AMZ-1003615,2023-04-07,Delivered,Amazon,Amazon.in,MAHARASHTRA,Sports & Fitness,Dumbbell Set 10kg,1,1869.68,UPI,B2C
AMZ-1003616,2023-05-21,Delivered,Amazon,Amazon.in,MAHARASHTRA,Sports & Fitness,Cricket Bat,1,711.91,UPI,B2C
AMZ-1003617,2023-05-16,Delivered,Merchant,Amazon.in,KARNATAKA,Electronics,Bluetooth Speaker,1,43197.94,Card,B2C
AMZ-1003618,2023-04-24,Delivered,Amazon,Amazon.in,MADHYA PRADESH,Apparel,Denim Jacket,1,3410.71,Wallet,B2C
AMZ-1003619,2023-05-21,Delivered,Amazon,Amazon.in,GUJARAT,Footwear,Casual Sneakers,2,3748.11,UPI,B2C
AMZ-1003620,2023-04-13,Returned,Amazon,Amazon.in,MAHARASHTRA,Apparel,Denim Jacket,1,578.26,Card,B2C
AMZ-1003621,2023-04-20,Shipped,Amazon,Amazon.in,WEST BENGAL,Electronics,HDMI Cable 2m,1,35821.43,UPI,B2C
AMZ-1003622,2023-05-30,Delivered,Amazon,Amazon.in,UTTAR PRADESH,Apparel,Winter Sweatshirt,1,2484.18,UPI,B2C
AMZ-1003623,2023-06-11,Cancelled,Amazon,Amazon.in,TAMIL NADU,Electronics,Wireless Earbuds Pro,1,3494.53,COD,B2C
AMZ-1003624,2023-03-02,Delivered,Amazon,Amazon.in,TELANGANA,Books,Atomic Habits,2,945.62,UPI,B2C
AMZ-1003625,2023-06-28,Delivered,Amazon,Amazon.in,TELANGANA,Electronics,Laptop Backpack,1,36872.29,UPI,B2B
AMZ-1003626,2023-05-02,Delivered,Merchant,Amazon.in,UTTAR PRADESH,Apparel,Denim Jacket,3,2887.53,COD,B2C
AMZ-1003627,2023-05-14,Cancelled,Amazon,Amazon.in,MAHARASHTRA,Beauty,Lipstick Matte Set,1,1695.76,Card,B2C
AMZ-1003628,2023-03-17,Delivered,Amazon,Amazon.in,MAHARASHTRA,Beauty,Face Wash Neem,1,1257.01,UPI,B2C
AMZ-1003629,2023-04-13,Delivered,Amazon,Amazon.in,HARYANA,Electronics,Laptop Backpack,2,53446.1,Card,B2C
AMZ-1003630,2023-06-27,Cancelled,Merchant,Amazon.in,KARNATAKA,Electronics,Laptop Backpack,1,33658.12,COD,B2C
AMZ-1003631,2023-04-01,Cancelled,Amazon,Amazon.in,TELANGANA,Apparel,Cotton T-Shirt Slim Fit,1,2778.51,COD,B2C
AMZ-1003632,2023-06-08,Delivered,Amazon,Amazon.in,TAMIL NADU,Home & Kitchen,LED Table Lamp,1,5781.97,Net Banking,B2B
AMZ-1003633,2023-06-20,Delivered,Merchant,Amazon.in,KARNATAKA,Footwear,Trail Hiking Boots,1,2426.62,Card,B2C
AMZ-1003634,2023-05-27,Delivered,Amazon,Amazon.in,MAHARASHTRA,Footwear,Casual Sneakers,2,11598.71,UPI,B2C
AMZ-1003635,2023-05-28,Delivered,Amazon,Amazon.in,PUNJAB,Apparel,Polo T-Shirt,1,3396.51,COD,B2C
AMZ-1003636,2023-04-06,Delivered,Amazon,Amazon.in,TAMIL NADU,Home & Kitchen,LED Table Lamp,1,11273.48,UPI,B2C
AMZ-1003637,2023-04-27,Delivered,Merchant,Amazon.in,KARNATAKA,Electronics,Bluetooth Speaker,1,43600.64,COD,B2C
AMZ-1003638,2023-05-01,Delivered,Amazon,Amazon.in,GUJARAT,Electronics,Smart Watch Series 5,1,42778.36,Card,B2C
AMZ-1003639,2023-05-01,Delivered,Amazon,Amazon.in,UTTAR PRADESH,Sports & Fitness,Yoga Mat 6mm,1,6583.95,COD,B2C
AMZ-1003640,2023-06-04,Cancelled,Merchant,Amazon.in,WEST BENGAL,Apparel,Denim Jacket,2,4772.89,COD,B2C
AMZ-1003641,2023-05-16,Delivered,Amazon,Amazon.in,DELHI,Electronics,Power Bank 20000mAh,3,127917.68,Net Banking,B2C
AMZ-1003642,2023-05-16,Cancelled,Amazon,Amazon.in,MAHARASHTRA,Electronics,Bluetooth Speaker,3,53806.49,COD,B2C
AMZ-1003643,2023-05-31,Delivered,Amazon,Amazon.in,MAHARASHTRA,Home & Kitchen,Bedsheet Double,1,1123.58,COD,B2B
AMZ-1003644,2023-06-22,Delivered,Amazon,Amazon.in,WEST BENGAL,Electronics,Power Bank 20000mAh,1,11682.26,UPI,B2C
AMZ-1003645,2023-03-11,Pending,Amazon,Amazon.in,TAMIL NADU,Sports & Fitness,Cricket Bat,2,3494.69,Card,B2C
AMZ-1003646,2023-04-13,Delivered,Amazon,Amazon.in,TAMIL NADU,Footwear,Loafers,2,5054.07,Card,B2C
AMZ-1003647,2023-03-02,Delivered,Amazon,Amazon.in,TAMIL NADU,Footwear,Casual Sneakers,1,1765.46,Card,B2C
AMZ-1003648,2023-05-08,Returned,Amazon,Amazon.in,MAHARASHTRA,Electronics,HDMI Cable 2m,2,29194.27,COD,B2C
AMZ-1003649,2023-05-07,Delivered,Merchant,Amazon.in,KARNATAKA,Sports & Fitness,Badminton Racket,2,13255.23,Wallet,B2C
AMZ-1003650,2023-05-31,Delivered,Merchant,Amazon.in,MAHARASHTRA,Electronics,USB-C Fast Charger,2,28655.52,Card,B2C
AMZ-1003651,2023-04-15,Delivered,Amazon,Amazon.in,HARYANA,Apparel,Sports Shorts,1,1289.45,COD,B2C
AMZ-1003652,2023-06-11,Delivered,Amazon,Amazon.in,KARNATAKA,Beauty,Lipstick Matte Set,1,687.68,COD,B2C
AMZ-1003653,2023-05-26,Delivered,Amazon,Amazon.in,WEST BENGAL,Beauty,Face Wash Neem,1,1505.59,Wallet,B2C
AMZ-1003654,2023-05-10,Delivered,Merchant,Amazon.in,WEST BENGAL,Electronics,HDMI Cable 2m,2,15772.63,COD,B2C
AMZ-1003655,2023-05-15,Shipped,Merchant,Amazon.in,TAMIL NADU,Sports & Fitness,Yoga Mat 6mm,1,2199.92,Card,B2C
AMZ-1003656,2023-03-30,Delivered,Merchant,Amazon.in,KARNATAKA,Beauty,Shampoo Anti-Dandruff,1,528.2,Card,B2C
AMZ-1003657,2023-04-09,Delivered,Merchant,Amazon.in,GUJARAT,Books,The Psychology of Money,1,1044.52,Card,B2C
AMZ-1003658,2023-03-17,Delivered,Amazon,Amazon.in,KARNATAKA,Home & Kitchen,Storage Container Set,1,3276.42,UPI,B2B
AMZ-1003659,2023-05-19,Delivered,Amazon,Amazon.in,TAMIL NADU,Home & Kitchen,Non-Stick Cookware Set,1,8396.64,Net Banking,B2C
AMZ-1003660,2023-06-13,Delivered,Amazon,Amazon.in,GUJARAT,Electronics,Smart TV 43" 4K,1,42294.27,Wallet,B2C
AMZ-1003661,2023-06-04,Delivered,Amazon,Amazon.in,KARNATAKA,Books,The Alchemist,1,611.75,UPI,B2C
AMZ-1003662,2023-04-10,Delivered,Amazon,Amazon.in,RAJASTHAN,Electronics,Laptop Backpack,1,24077.23,Net Banking,B2C
AMZ-1003663,2023-03-22,Delivered,Amazon,Amazon.in,KARNATAKA,Electronics,Smart Watch Series 5,1,18477.73,Net Banking,B2C
AMZ-1003664,2023-03-01,Shipped,Merchant,Amazon.in,UTTAR PRADESH,Home & Kitchen,Steel Water Bottle 1L,2,7155.22,Card,B2C
AMZ-1003665,2023-05-15,Delivered,Amazon,Amazon.in,KARNATAKA,Apparel,Sports Shorts,1,525.58,COD,B2C
AMZ-1003666,2023-04-29,Delivered,Amazon,Amazon.in,TAMIL NADU,Apparel,Polo T-Shirt,1,1944.33,Net Banking,B2C
AMZ-1003667,2023-03-09,Returned,Amazon,Amazon.in,MADHYA PRADESH,Home & Kitchen,Non-Stick Cookware Set,1,2660.81,COD,B2C
AMZ-1003668,2023-03-11,Shipped,Amazon,Amazon.in,KARNATAKA,Electronics,Smart TV 43" 4K,1,14339.08,UPI,B2C
AMZ-1003669,2023-06-19,Delivered,Amazon,Amazon.in,TAMIL NADU,Beauty,Perfume EDT 100ml,1,1558.36,Card,B2B
AMZ-1003670,2023-06-15,Delivered,Merchant,Amazon.in,UTTAR PRADESH,Footwear,Loafers,1,4839.6,UPI,B2C
AMZ-1003671,2023-04-10,Delivered,Amazon,Amazon.in,UTTAR PRADESH,Sports & Fitness,Foam Roller,2,4398.67,Card,B2C
AMZ-1003672,2023-05-05,Delivered,Amazon,Amazon.in,UTTAR PRADESH,Electronics,Smart Watch Series 5,1,12681.56,UPI,B2C
AMZ-1003673,2023-06-08,Delivered,Merchant,Amazon.in,TAMIL NADU,Home & Kitchen,Non-Stick Cookware Set,1,11506.85,UPI,B2C
AMZ-1003674,2023-06-22,Delivered,Amazon,Amazon.in,MAHARASHTRA,Electronics,Power Bank 20000mAh,1,1976.35,Card,B2C
AMZ-1003675,2023-04-29,Cancelled,Amazon,Amazon.in,TAMIL NADU,Apparel,Winter Sweatshirt,3,10276.53,COD,B2C
AMZ-1003676,2023-05-04,Shipped,Merchant,Amazon.in,MAHARASHTRA,Apparel,Denim Jacket,1,1814.37,COD,B2C
AMZ-1003677,2023-04-09,Cancelled,Merchant,Amazon.in,WEST BENGAL,Home & Kitchen,Non-Stick Cookware Set,1,4539.64,COD,B2C
AMZ-1003678,2023-04-23,Delivered,Merchant,Amazon.in,RAJASTHAN,Electronics,Bluetooth Speaker,1,26544.05,Card,B2C
AMZ-1003679,2023-05-05,Delivered,Merchant,Amazon.in,TAMIL NADU,Electronics,Bluetooth Speaker,1,43768.41,COD,B2C
AMZ-1003680,2023-04-11,Shipped,Amazon,Amazon.in,KERALA,Sports & Fitness,Dumbbell Set 10kg,1,7695.83,Card,B2C
AMZ-1003681,2023-05-03,Delivered,Merchant,Amazon.in,UTTAR PRADESH,Electronics,HDMI Cable 2m,1,11762.2,Net Banking,B2C
AMZ-1003682,2023-04-26,Delivered,Amazon,Amazon.in,MADHYA PRADESH,Home & Kitchen,Storage Container Set,2,23384.64,COD,B2C
AMZ-1003683,2023-05-15,Delivered,Amazon,Amazon.in,MAHARASHTRA,Home & Kitchen,Mixer Grinder 750W,1,2731.5,Card,B2B
AMZ-1003684,2023-04-29,Delivered,Amazon,Amazon.in,TELANGANA,Electronics,HDMI Cable 2m,1,11509.23,COD,B2C
AMZ-1003685,2023-04-26,Delivered,Merchant,Amazon.in,DELHI,Electronics,Power Bank 20000mAh,2,6883.35,UPI,B2C
AMZ-1003686,2023-04-30,Cancelled,Amazon,Amazon.in,MAHARASHTRA,Books,The Alchemist,1,766.9,COD,B2C
AMZ-1003687,2023-06-13,Delivered,Amazon,Amazon.in,KARNATAKA,Home & Kitchen,Mixer Grinder 750W,1,9493.26,UPI,B2C
AMZ-1003688,2023-05-17,Delivered,Merchant,Amazon.in,GUJARAT,Electronics,Smart Watch Series 5,1,32096.97,UPI,B2C
AMZ-1003689,2023-06-09,Delivered,Merchant,Amazon.in,TELANGANA,Home & Kitchen,Steel Water Bottle 1L,1,1729.62,COD,B2C
AMZ-1003690,2023-06-09,Shipped,Amazon,Amazon.in,KARNATAKA,Books,The Psychology of Money,1,154.56,Net Banking,B2C
AMZ-1003691,2023-03-18,Delivered,Amazon,Amazon.in,TAMIL NADU,Beauty,Beard Oil,3,2020.61,Card,B2C
AMZ-1003692,2023-04-28,Delivered,Merchant,Amazon.in,DELHI,Beauty,Hair Dryer 1600W,1,987.27,UPI,B2C
AMZ-1003693,2023-03-26,Delivered,Merchant,Amazon.in,MAHARASHTRA,Home & Kitchen,LED Table Lamp,1,6623.15,COD,B2C
AMZ-1003694,2023-06-01,Delivered,Merchant,Amazon.in,WEST BENGAL,Electronics,USB-C Fast Charger,2,62077.18,UPI,B2C
AMZ-1003695,2023-04-26,Delivered,Amazon,Amazon.in,KARNATAKA,Apparel,Sports Shorts,1,930.83,Net Banking,B2C
AMZ-1003696,2023-03-13,Shipped,Amazon,Amazon.in,KERALA,Footwear,Sports Sandals,2,11688.73,COD,B2C
AMZ-1003697,2023-03-16,Delivered,Amazon,Amazon.in,MADHYA PRADESH,Home & Kitchen,Storage Container Set,2,2785.63,UPI,B2C
AMZ-1003698,2023-06-08,Delivered,Merchant,Amazon.in,DELHI,Beauty,Beard Oil,2,798.87,UPI,B2C
AMZ-1003699,2023-05-27,Delivered,Amazon,Amazon.in,UTTAR PRADESH,Home & Kitchen,Bedsheet Double,2,18985.43,UPI,B2C
AMZ-1003700,2023-06-10,Delivered,Amazon,Amazon.in,MAHARASHTRA,Electronics,Smart Watch Series 5,2,19227.03,Card,B2C
AMZ-1003701,2023-06-09,Delivered,Amazon,Amazon.in,TELANGANA,Electronics,Bluetooth Speaker,1,20584.69,Card,B2C
AMZ-1003702,2023-05-19,Delivered,Amazon,Amazon.in,GUJARAT,Home & Kitchen,Non-Stick Cookware Set,1,8379.83,UPI,B2C
AMZ-1003703,2023-04-13,Delivered,Merchant,Amazon.in,GUJARAT,Home & Kitchen,Non-Stick Cookware Set,1,6680.75,COD,B2C
AMZ-1003704,2023-03-06,Delivered,Amazon,Amazon.in,KERALA,Home & Kitchen,Non-Stick Cookware Set,1,11707.11,Net Banking,B2C
AMZ-1003705,2023-05-26,Delivered,Amazon,Amazon.in,TELANGANA,Books,Ikigai,2,1712.63,UPI,B2C
AMZ-1003706,2023-04-11,Delivered,Amazon,Amazon.in,MAHARASHTRA,Apparel,Kurta Set,1,2948.45,UPI,B2C
AMZ-1003707,2023-04-14,Delivered,Amazon,Amazon.in,TAMIL NADU,Electronics,Power Bank 20000mAh,1,13111.3,Wallet,B2C
AMZ-1003708,2023-05-30,Shipped,Amazon,Amazon.in,PUNJAB,Beauty,Shampoo Anti-Dandruff,1,711.94,COD,B2C
AMZ-1003709,2023-05-11,Delivered,Amazon,Amazon.in,UTTAR PRADESH,Apparel,Polo T-Shirt,1,2340.13,COD,B2C
AMZ-1003710,2023-03-23,Delivered,Amazon,Amazon.in,TAMIL NADU,Sports & Fitness,Badminton Racket,1,5210.62,UPI,B2C
AMZ-1003711,2023-05-04,Delivered,Amazon,Amazon.in,MAHARASHTRA,Books,Deep Work,1,265.34,UPI,B2C
AMZ-1003712,2023-06-03,Delivered,Amazon,Amazon.in,GUJARAT,Home & Kitchen,Curtain Set 7ft,1,8486.07,UPI,B2C
AMZ-1003713,2023-03-20,Delivered,Amazon,Amazon.in,DELHI,Electronics,Smart Watch Series 5,1,17179.79,Card,B2C
AMZ-1003714,2023-03-01,Delivered,Amazon,Amazon.in,PUNJAB,Electronics,Power Bank 20000mAh,3,76730.56,UPI,B2C
AMZ-1003715,2023-04-19,Delivered,Amazon,Amazon.in,MAHARASHTRA,Apparel,Sports Shorts,3,7502.57,Wallet,B2B
AMZ-1003716,2023-04-07,Delivered,Amazon,Amazon.in,DELHI,Apparel,Winter Sweatshirt,1,2240.01,Net Banking,B2C
AMZ-1003717,2023-05-30,Cancelled,Merchant,Amazon.in,UTTAR PRADESH,Electronics,Bluetooth Speaker,1,16274.11,COD,B2C
AMZ-1003718,2023-03-29,Shipped,Merchant,Amazon.in,WEST BENGAL,Books,Sapiens,1,976.01,UPI,B2C
AMZ-1003719,2023-05-27,Delivered,Amazon,Amazon.in,KERALA,Books,Rich Dad Poor Dad,2,1808.94,Card,B2C
AMZ-1003720,2023-05-07,Delivered,Amazon,Amazon.in,GUJARAT,Sports & Fitness,Foam Roller,1,1237.19,Card,B2C
AMZ-1003721,2023-03-07,Delivered,Merchant,Amazon.in,RAJASTHAN,Electronics,Smart TV 43" 4K,1,33311.62,Card,B2C
AMZ-1003722,2023-05-23,Delivered,Merchant,Amazon.in,TELANGANA,Electronics,HDMI Cable 2m,1,22601.98,UPI,B2C
AMZ-1003723,2023-06-26,Delivered,Amazon,Amazon.in,MAHARASHTRA,Books,Rich Dad Poor Dad,1,765.9,COD,B2C
AMZ-1003724,2023-04-10,Delivered,Amazon,Amazon.in,KERALA,Books,Sapiens,1,531.05,COD,B2C
AMZ-1003725,2023-03-03,Delivered,Merchant,Amazon.in,RAJASTHAN,Apparel,Leather Belt,1,1730.36,Card,B2C
AMZ-1003726,2023-03-10,Delivered,Merchant,Amazon.in,UTTAR PRADESH,Beauty,Sunscreen SPF 50,1,849.59,COD,B2C
AMZ-1003727,2023-05-01,Shipped,Amazon,Amazon.in,TAMIL NADU,Beauty,Hair Dryer 1600W,1,626.12,UPI,B2B
AMZ-1003728,2023-05-06,Delivered,Amazon,Amazon.in,TELANGANA,Electronics,Smart Watch Series 5,2,77074.14,UPI,B2C
AMZ-1003729,2023-04-01,Delivered,Amazon,Amazon.in,TAMIL NADU,Books,The Psychology of Money,1,897.82,Net Banking,B2C
AMZ-1003730,2023-06-23,Cancelled,Merchant,Amazon.in,KARNATAKA,Electronics,Bluetooth Speaker,1,23252.94,COD,B2C
AMZ-1003731,2023-04-16,Delivered,Amazon,Amazon.in,MAHARASHTRA,Books,The Psychology of Money,1,161.13,UPI,B2C
AMZ-1003732,2023-05-11,Cancelled,Amazon,Amazon.in,KARNATAKA,Beauty,Vitamin C Face Serum,2,1113.42,COD,B2C
AMZ-1003733,2023-06-22,Shipped,Amazon,Amazon.in,KERALA,Beauty,Perfume EDT 100ml,1,645.89,Wallet,B2B
AMZ-1003734,2023-05-12,Shipped,Amazon,Amazon.in,TAMIL NADU,Beauty,Perfume EDT 100ml,2,1224.87,COD,B2C
AMZ-1003735,2023-05-20,Cancelled,Amazon,Amazon.in,UTTAR PRADESH,Books,Rich Dad Poor Dad,2,872.42,COD,B2C
AMZ-1003736,2023-05-09,Shipped,Amazon,Amazon.in,DELHI,Home & Kitchen,Steel Water Bottle 1L,1,5311.99,Card,B2C
AMZ-1003737,2023-04-01,Delivered,Amazon,Amazon.in,GUJARAT,Electronics,Power Bank 20000mAh,1,2159.02,Card,B2C
AMZ-1003738,2023-06-14,Cancelled,Merchant,Amazon.in,MAHARASHTRA,Home & Kitchen,Curtain Set 7ft,2,6987.55,UPI,B2C
AMZ-1003739,2023-06-20,Returned,Amazon,Amazon.in,TAMIL NADU,Electronics,USB-C Fast Charger,1,31582.1,UPI,B2C
AMZ-1003740,2023-04-13,Delivered,Amazon,Amazon.in,WEST BENGAL,Home & Kitchen,Bedsheet Double,1,8576.59,Card,B2C
AMZ-1003741,2023-04-13,Delivered,Amazon,Amazon.in,RAJASTHAN,Beauty,Beard Oil,1,1772.91,Net Banking,B2C
AMZ-1003742,2023-04-02,Delivered,Amazon,Amazon.in,KARNATAKA,Electronics,Wireless Earbuds Pro,1,15494.96,Net Banking,B2C
AMZ-1003743,2023-05-07,Delivered,Merchant,Amazon.in,GUJARAT,Apparel,Formal Shirt,1,3010.25,UPI,B2C
AMZ-1003744,2023-04-22,Delivered,Amazon,Amazon.in,UTTAR PRADESH,Electronics,HDMI Cable 2m,2,37772.22,COD,B2C
AMZ-1003745,2023-04-05,Delivered,Merchant,Amazon.in,MADHYA PRADESH,Electronics,Power Bank 20000mAh,2,33002.26,Net Banking,B2C
AMZ-1003746,2023-05-01,Delivered,Amazon,Amazon.in,KARNATAKA,Books,Think and Grow Rich,1,975.41,Card,B2C
AMZ-1003747,2023-03-13,Delivered,Merchant,Amazon.in,WEST BENGAL,Home & Kitchen,Non-Stick Cookware Set,3,2212.58,Wallet,B2C
AMZ-1003748,2023-05-28,Delivered,Merchant,Amazon.in,WEST BENGAL,Home & Kitchen,Vacuum Flask,1,1223.36,Card,B2C
AMZ-1003749,2023-06-21,Delivered,Merchant,Amazon.in,DELHI,Home & Kitchen,Vacuum Flask,1,8377.24,Card,B2C
AMZ-1003750,2023-06-02,Delivered,Merchant,Amazon.in,WEST BENGAL,Electronics,USB-C Fast Charger,2,55831.12,UPI,B2C
AMZ-1003751,2023-05-03,Cancelled,Amazon,Amazon.in,WEST BENGAL,Beauty,Shampoo Anti-Dandruff,1,1350.56,COD,B2C
AMZ-1003752,2023-04-04,Returned,Merchant,Amazon.in,KARNATAKA,Apparel,Cotton T-Shirt Slim Fit,2,4018.02,UPI,B2C
AMZ-1003753,2023-06-17,Delivered,Merchant,Amazon.in,TELANGANA,Sports & Fitness,Resistance Bands,1,4057.64,COD,B2C
AMZ-1003754,2023-03-07,Delivered,Amazon,Amazon.in,WEST BENGAL,Apparel,Sports Shorts,1,518.59,UPI,B2C
AMZ-1003755,2023-05-10,Delivered,Amazon,Amazon.in,GUJARAT,Apparel,Kurta Set,1,2370.82,Net Banking,B2C
AMZ-1003756,2023-03-19,Delivered,Merchant,Amazon.in,MAHARASHTRA,Beauty,Lipstick Matte Set,2,3331.77,UPI,B2C
AMZ-1003757,2023-03-21,Delivered,Amazon,Amazon.in,WEST BENGAL,Apparel,Cotton T-Shirt Slim Fit,3,9909.9,UPI,B2C
AMZ-1003758,2023-05-20,Delivered,Merchant,Amazon.in,KERALA,Electronics,Smart TV 43" 4K,1,12316.31,Wallet,B2C
AMZ-1003759,2023-05-20,Delivered,Merchant,Amazon.in,UTTAR PRADESH,Home & Kitchen,Bedsheet Double,2,12556.01,Card,B2C
AMZ-1003760,2023-04-15,Shipped,Amazon,Amazon.in,KARNATAKA,Footwear,Casual Sneakers,1,3715.39,UPI,B2C
AMZ-1003761,2023-04-19,Shipped,Amazon,Amazon.in,KERALA,Apparel,Leather Belt,1,2901.67,Net Banking,B2C
AMZ-1003762,2023-05-07,Delivered,Merchant,Amazon.in,MADHYA PRADESH,Electronics,Power Bank 20000mAh,2,30894.13,Card,B2C
AMZ-1003763,2023-06-24,Delivered,Merchant,Amazon.in,DELHI,Beauty,Shampoo Anti-Dandruff,1,893.76,Card,B2C
AMZ-1003764,2023-04-07,Cancelled,Amazon,Amazon.in,MAHARASHTRA,Home & Kitchen,Mixer Grinder 750W,1,7103.42,Wallet,B2C
AMZ-1003765,2023-05-30,Delivered,Amazon,Amazon.in,MAHARASHTRA,Sports & Fitness,Cricket Bat,1,5158.3,UPI,B2B
AMZ-1003766,2023-06-10,Delivered,Merchant,Amazon.in,TAMIL NADU,Sports & Fitness,Cricket Bat,1,1819.86,Card,B2C
AMZ-1003767,2023-05-20,Returned,Merchant,Amazon.in,HARYANA,Electronics,Smart Watch Series 5,1,19818.94,COD,B2C
AMZ-1003768,2023-04-10,Shipped,Merchant,Amazon.in,KARNATAKA,Beauty,Face Wash Neem,1,1958.13,UPI,B2C
AMZ-1003769,2023-04-10,Cancelled,Merchant,Amazon.in,MAHARASHTRA,Apparel,Sports Shorts,1,3295.76,COD,B2C
AMZ-1003770,2023-04-02,Delivered,Merchant,Amazon.in,WEST BENGAL,Electronics,HDMI Cable 2m,1,20004.63,COD,B2C
AMZ-1003771,2023-04-19,Cancelled,Amazon,Amazon.in,DELHI,Home & Kitchen,Storage Container Set,1,6907.08,UPI,B2C
AMZ-1003772,2023-03-21,Delivered,Amazon,Amazon.in,KARNATAKA,Books,The Alchemist,1,718.65,Net Banking,B2C
AMZ-1003773,2023-04-03,Delivered,Merchant,Amazon.in,MADHYA PRADESH,Home & Kitchen,Storage Container Set,2,3253.26,Card,B2C
AMZ-1003774,2023-05-09,Delivered,Amazon,Amazon.in,TAMIL NADU,Electronics,Laptop Backpack,1,13370.45,UPI,B2C
AMZ-1003775,2023-04-12,Delivered,Merchant,Amazon.in,GUJARAT,Electronics,Wireless Earbuds Pro,1,44935.54,UPI,B2C
AMZ-1003776,2023-06-16,Delivered,Merchant,Amazon.in,TELANGANA,Beauty,Vitamin C Face Serum,1,1579.74,UPI,B2C
AMZ-1003777,2023-03-02,Delivered,Merchant,Amazon.in,KARNATAKA,Home & Kitchen,Vacuum Flask,1,6065.37,UPI,B2C
AMZ-1003778,2023-05-20,Delivered,Merchant,Amazon.in,KARNATAKA,Footwear,Casual Sneakers,1,2521.23,Net Banking,B2C
AMZ-1003779,2023-05-25,Delivered,Merchant,Amazon.in,WEST BENGAL,Apparel,Sports Shorts,1,657.32,Wallet,B2C
AMZ-1003780,2023-05-09,Delivered,Amazon,Amazon.in,DELHI,Home & Kitchen,Non-Stick Cookware Set,2,1464.21,Card,B2C
AMZ-1003781,2023-03-27,Pending,Amazon,Amazon.in,RAJASTHAN,Apparel,Kurta Set,1,3341.49,UPI,B2C
AMZ-1003782,2023-04-29,Cancelled,Amazon,Amazon.in,UTTAR PRADESH,Apparel,Cotton T-Shirt Slim Fit,1,1656.9,Wallet,B2C
AMZ-1003783,2023-04-27,Delivered,Amazon,Amazon.in,RAJASTHAN,Home & Kitchen,Steel Water Bottle 1L,1,2485.59,UPI,B2C
AMZ-1003784,2023-04-08,Delivered,Merchant,Amazon.in,MADHYA PRADESH,Sports & Fitness,Badminton Racket,1,4509.03,Net Banking,B2C
AMZ-1003785,2023-06-08,Delivered,Amazon,Amazon.in,TAMIL NADU,Beauty,Shampoo Anti-Dandruff,1,2292.56,COD,B2C
AMZ-1003786,2023-04-23,Delivered,Amazon,Amazon.in,TAMIL NADU,Home & Kitchen,Storage Container Set,1,9505.64,Card,B2C
AMZ-1003787,2023-04-13,Delivered,Amazon,Amazon.in,PUNJAB,Home & Kitchen,LED Table Lamp,1,4974.15,Card,B2C
AMZ-1003788,2023-03-05,Cancelled,Amazon,Amazon.in,BIHAR,Footwear,Formal Leather Shoes,1,3155.38,Wallet,B2C
AMZ-1003789,2023-03-20,Delivered,Merchant,Amazon.in,DELHI,Electronics,Smart Watch Series 5,1,14587.8,Card,B2C
AMZ-1003790,2023-05-31,Delivered,Amazon,Amazon.in,UTTAR PRADESH,Electronics,USB-C Fast Charger,2,59241.14,UPI,B2C
AMZ-1003791,2023-05-27,Cancelled,Amazon,Amazon.in,MAHARASHTRA,Books,The Alchemist,2,888.6,COD,B2C
AMZ-1003792,2023-05-30,Delivered,Amazon,Amazon.in,BIHAR,Electronics,Smart Watch Series 5,1,14836.14,COD,B2C
AMZ-1003793,2023-03-02,Delivered,Amazon,Amazon.in,MAHARASHTRA,Electronics,Smart Watch Series 5,1,19622.92,Wallet,B2C
AMZ-1003794,2023-04-23,Delivered,Amazon,Amazon.in,TAMIL NADU,Electronics,HDMI Cable 2m,1,9689.79,UPI,B2C
AMZ-1003795,2023-06-25,Cancelled,Merchant,Amazon.in,DELHI,Books,Sapiens,1,167.47,COD,B2C
AMZ-1003796,2023-06-24,Delivered,Amazon,Amazon.in,KARNATAKA,Home & Kitchen,Non-Stick Cookware Set,1,961.03,COD,B2C
AMZ-1003797,2023-03-10,Delivered,Amazon,Amazon.in,DELHI,Home & Kitchen,LED Table Lamp,1,2028.42,UPI,B2C
AMZ-1003798,2023-05-15,Delivered,Amazon,Amazon.in,GUJARAT,Beauty,Vitamin C Face Serum,2,4512.99,Wallet,B2C
AMZ-1003799,2023-06-02,Delivered,Amazon,Amazon.in,KARNATAKA,Electronics,Smart TV 43" 4K,1,31028.98,COD,B2C
AMZ-1003800,2023-03-01,Cancelled,Merchant,Amazon.in,BIHAR,Beauty,Sunscreen SPF 50,1,2069.78,COD,B2C
AMZ-1003801,2023-06-13,Delivered,Amazon,Amazon.in,TELANGANA,Home & Kitchen,Bedsheet Double,1,7002.39,UPI,B2C
AMZ-1003802,2023-03-31,Pending,Amazon,Amazon.in,MAHARASHTRA,Electronics,Power Bank 20000mAh,2,19413.83,UPI,B2C
AMZ-1003803,2023-05-29,Delivered,Merchant,Amazon.in,TAMIL NADU,Electronics,Wireless Earbuds Pro,1,17340.31,UPI,B2C
AMZ-1003804,2023-04-14,Delivered,Merchant,Amazon.in,KERALA,Home & Kitchen,LED Table Lamp,1,7223.89,Wallet,B2C
AMZ-1003805,2023-05-20,Delivered,Merchant,Amazon.in,TAMIL NADU,Sports & Fitness,Dumbbell Set 10kg,2,2691.52,COD,B2C
AMZ-1003806,2023-03-03,Delivered,Amazon,Amazon.in,KERALA,Home & Kitchen,LED Table Lamp,1,11031.69,Net Banking,B2C
AMZ-1003807,2023-05-30,Delivered,Amazon,Amazon.in,GUJARAT,Sports & Fitness,Yoga Mat 6mm,1,1168.13,Wallet,B2C
AMZ-1003808,2023-04-20,Delivered,Merchant,Amazon.in,MAHARASHTRA,Electronics,Power Bank 20000mAh,1,12009.31,Wallet,B2C
AMZ-1003809,2023-04-16,Delivered,Amazon,Amazon.in,TELANGANA,Beauty,Beard Oil,1,2414.45,UPI,B2B
AMZ-1003810,2023-04-18,Delivered,Amazon,Amazon.in,KARNATAKA,Beauty,Lipstick Matte Set,1,2164,UPI,B2B
AMZ-1003811,2023-03-11,Returned,Amazon,Amazon.in,HARYANA,Sports & Fitness,Yoga Mat 6mm,2,8060.01,COD,B2C
AMZ-1003812,2023-06-22,Delivered,Amazon,Amazon.in,MAHARASHTRA,Apparel,Denim Jacket,2,4200.29,UPI,B2C
AMZ-1003813,2023-06-04,Delivered,Merchant,Amazon.in,TELANGANA,Electronics,Wireless Earbuds Pro,1,43084.14,Wallet,B2C
AMZ-1003814,2023-05-19,Delivered,Amazon,Amazon.in,WEST BENGAL,Footwear,Sports Sandals,1,1666.75,COD,B2C
AMZ-1003815,2023-04-30,Delivered,Amazon,Amazon.in,DELHI,Home & Kitchen,Storage Container Set,1,1307.93,Card,B2C
AMZ-1003816,2023-06-11,Delivered,Amazon,Amazon.in,RAJASTHAN,Books,Atomic Habits,2,1905.25,UPI,B2C
AMZ-1003817,2023-05-13,Delivered,Amazon,Amazon.in,DELHI,Sports & Fitness,Dumbbell Set 10kg,1,4176.71,Net Banking,B2C
AMZ-1003818,2023-05-13,Delivered,Amazon,Amazon.in,GUJARAT,Electronics,Power Bank 20000mAh,2,21259.11,COD,B2C
AMZ-1003819,2023-04-02,Delivered,Amazon,Amazon.in,WEST BENGAL,Apparel,Cotton T-Shirt Slim Fit,1,1937.46,Card,B2C
AMZ-1003820,2023-03-01,Shipped,Merchant,Amazon.in,TAMIL NADU,Footwear,Canvas Shoes,1,5236.27,UPI,B2C
AMZ-1003821,2023-04-27,Delivered,Merchant,Amazon.in,BIHAR,Apparel,Formal Shirt,2,2614.1,UPI,B2C
AMZ-1003822,2023-06-20,Delivered,Amazon,Amazon.in,MAHARASHTRA,Books,Deep Work,2,1863.89,Card,B2C
AMZ-1003823,2023-06-06,Delivered,Amazon,Amazon.in,TELANGANA,Apparel,Formal Shirt,1,2201.83,UPI,B2C
AMZ-1003824,2023-04-20,Delivered,Amazon,Amazon.in,MAHARASHTRA,Apparel,Leather Belt,1,1100.66,UPI,B2C
AMZ-1003825,2023-05-11,Delivered,Amazon,Amazon.in,KARNATAKA,Sports & Fitness,Skipping Rope,1,4595.76,Net Banking,B2C
AMZ-1003826,2023-03-08,Delivered,Amazon,Amazon.in,RAJASTHAN,Electronics,HDMI Cable 2m,1,31176.02,Wallet,B2C
AMZ-1003827,2023-05-11,Delivered,Amazon,Amazon.in,UTTAR PRADESH,Home & Kitchen,LED Table Lamp,1,5816.08,UPI,B2C
AMZ-1003828,2023-03-08,Cancelled,Amazon,Amazon.in,KARNATAKA,Beauty,Shampoo Anti-Dandruff,1,468.79,Wallet,B2C
AMZ-1003829,2023-04-24,Returned,Amazon,Amazon.in,RAJASTHAN,Electronics,HDMI Cable 2m,2,35304.84,COD,B2C
AMZ-1003830,2023-05-27,Delivered,Amazon,Amazon.in,KARNATAKA,Footwear,Canvas Shoes,1,602.87,UPI,B2C
AMZ-1003831,2023-05-21,Delivered,Amazon,Amazon.in,MAHARASHTRA,Sports & Fitness,Cricket Bat,1,4057.96,COD,B2C
AMZ-1003832,2023-04-15,Delivered,Amazon,Amazon.in,BIHAR,Books,Think and Grow Rich,2,1769.87,Wallet,B2C
AMZ-1003833,2023-05-04,Returned,Merchant,Amazon.in,MAHARASHTRA,Sports & Fitness,Yoga Mat 6mm,1,5674.7,Card,B2C
AMZ-1003834,2023-06-17,Shipped,Amazon,Amazon.in,GUJARAT,Books,The Alchemist,1,1114.28,UPI,B2C
AMZ-1003835,2023-05-14,Delivered,Amazon,Amazon.in,RAJASTHAN,Beauty,Vitamin C Face Serum,1,2440.49,UPI,B2C
AMZ-1003836,2023-06-27,Delivered,Merchant,Amazon.in,TELANGANA,Footwear,Trail Hiking Boots,2,5458.48,Card,B2C
AMZ-1003837,2023-03-03,Delivered,Amazon,Amazon.in,MAHARASHTRA,Home & Kitchen,Curtain Set 7ft,2,3979.18,UPI,B2C
AMZ-1003838,2023-04-01,Delivered,Merchant,Amazon.in,KARNATAKA,Apparel,Sports Shorts,1,2697.64,UPI,B2C
AMZ-1003839,2023-06-05,Delivered,Amazon,Amazon.in,KERALA,Books,Atomic Habits,2,1994.23,UPI,B2C
AMZ-1003840,2023-06-12,Cancelled,Merchant,Amazon.in,DELHI,Footwear,Flip Flops,1,5524.85,COD,B2C
AMZ-1003841,2023-05-22,Delivered,Merchant,Amazon.in,TAMIL NADU,Electronics,Smart TV 43" 4K,1,3273.13,Net Banking,B2C
AMZ-1003842,2023-04-01,Delivered,Amazon,Amazon.in,KERALA,Electronics,HDMI Cable 2m,1,28120.93,COD,B2C
AMZ-1003843,2023-03-02,Delivered,Amazon,Amazon.in,UTTAR PRADESH,Books,Rich Dad Poor Dad,2,2216.41,Card,B2C
AMZ-1003844,2023-05-23,Delivered,Amazon,Amazon.in,WEST BENGAL,Beauty,Sunscreen SPF 50,1,1994.96,Card,B2C
AMZ-1003845,2023-06-08,Delivered,Amazon,Amazon.in,RAJASTHAN,Apparel,Kurta Set,1,1837.69,UPI,B2B
AMZ-1003846,2023-03-29,Delivered,Amazon,Amazon.in,KERALA,Footwear,Canvas Shoes,1,5274.95,UPI,B2C
AMZ-1003847,2023-04-07,Returned,Amazon,Amazon.in,RAJASTHAN,Home & Kitchen,Non-Stick Cookware Set,1,7445.86,Card,B2C
AMZ-1003848,2023-05-19,Shipped,Amazon,Amazon.in,GUJARAT,Home & Kitchen,Vacuum Flask,1,11008.87,Card,B2C
AMZ-1003849,2023-05-02,Delivered,Amazon,Amazon.in,TELANGANA,Beauty,Beard Oil,1,640.01,UPI,B2C
AMZ-1003850,2023-06-23,Delivered,Amazon,Amazon.in,GUJARAT,Apparel,Denim Jacket,1,3090.26,COD,B2C
AMZ-1003851,2023-04-08,Returned,Amazon,Amazon.in,MAHARASHTRA,Apparel,Sports Shorts,2,3541.08,Wallet,B2C
AMZ-1003852,2023-05-01,Delivered,Merchant,Amazon.in,TAMIL NADU,Home & Kitchen,Curtain Set 7ft,2,5752.36,Card,B2C
AMZ-1003853,2023-05-21,Delivered,Amazon,Amazon.in,GUJARAT,Sports & Fitness,Badminton Racket,1,6245.99,UPI,B2C
AMZ-1003854,2023-03-27,Delivered,Amazon,Amazon.in,UTTAR PRADESH,Apparel,Denim Jacket,1,3419.18,Card,B2C
AMZ-1003855,2023-05-18,Delivered,Amazon,Amazon.in,DELHI,Books,Think and Grow Rich,1,899.7,Wallet,B2C
AMZ-1003856,2023-04-10,Delivered,Amazon,Amazon.in,GUJARAT,Electronics,Power Bank 20000mAh,3,89954.44,Card,B2C
AMZ-1003857,2023-03-06,Delivered,Amazon,Amazon.in,MAHARASHTRA,Home & Kitchen,Non-Stick Cookware Set,3,8478.19,UPI,B2C
AMZ-1003858,2023-06-09,Delivered,Amazon,Amazon.in,KARNATAKA,Books,Deep Work,1,669.31,Card,B2C
AMZ-1003859,2023-03-27,Delivered,Merchant,Amazon.in,TAMIL NADU,Electronics,Wireless Earbuds Pro,2,19183.68,COD,B2C
AMZ-1003860,2023-04-22,Delivered,Merchant,Amazon.in,MAHARASHTRA,Footwear,Casual Sneakers,2,9250.2,UPI,B2C
AMZ-1003861,2023-05-02,Delivered,Amazon,Amazon.in,TELANGANA,Electronics,Smart Watch Series 5,2,44027.69,UPI,B2C
AMZ-1003862,2023-05-07,Shipped,Amazon,Amazon.in,KARNATAKA,Footwear,Casual Sneakers,1,5952.49,COD,B2C
AMZ-1003863,2023-04-22,Delivered,Merchant,Amazon.in,UTTAR PRADESH,Footwear,Running Shoes,1,5882.44,Card,B2C
AMZ-1003864,2023-03-27,Delivered,Merchant,Amazon.in,UTTAR PRADESH,Footwear,Trail Hiking Boots,1,3946.76,Wallet,B2B
AMZ-1003865,2023-05-26,Shipped,Amazon,Amazon.in,TAMIL NADU,Home & Kitchen,Curtain Set 7ft,2,8261.81,UPI,B2C
AMZ-1003866,2023-05-27,Delivered,Amazon,Amazon.in,TELANGANA,Apparel,Denim Jacket,2,4062.85,Net Banking,B2C
AMZ-1003867,2023-05-16,Delivered,Amazon,Amazon.in,WEST BENGAL,Apparel,Denim Jacket,2,6952.67,Wallet,B2C
AMZ-1003868,2023-03-01,Delivered,Merchant,Amazon.in,WEST BENGAL,Apparel,Sports Shorts,2,2669.84,UPI,B2C
AMZ-1003869,2023-04-25,Shipped,Amazon,Amazon.in,MAHARASHTRA,Apparel,Denim Jacket,1,2150.84,UPI,B2C
AMZ-1003870,2023-03-19,Cancelled,Merchant,Amazon.in,MAHARASHTRA,Electronics,Laptop Backpack,2,78203.29,Card,B2C
AMZ-1003871,2023-05-13,Delivered,Merchant,Amazon.in,DELHI,Apparel,Polo T-Shirt,1,799.78,COD,B2C
AMZ-1003872,2023-06-24,Delivered,Amazon,Amazon.in,WEST BENGAL,Sports & Fitness,Football Size 5,3,19984.58,UPI,B2C
AMZ-1003873,2023-03-12,Cancelled,Merchant,Amazon.in,DELHI,Home & Kitchen,Storage Container Set,2,16201.26,Card,B2C
AMZ-1003874,2023-03-14,Delivered,Merchant,Amazon.in,UTTAR PRADESH,Sports & Fitness,Resistance Bands,1,2067.28,Card,B2C
AMZ-1003875,2023-06-09,Shipped,Amazon,Amazon.in,KARNATAKA,Electronics,Wireless Earbuds Pro,1,34467.2,Card,B2C
AMZ-1003876,2023-04-11,Delivered,Merchant,Amazon.in,KARNATAKA,Electronics,Smart Watch Series 5,1,2757.66,Card,B2C
AMZ-1003877,2023-06-17,Delivered,Merchant,Amazon.in,DELHI,Books,The Psychology of Money,1,989.51,UPI,B2C
AMZ-1003878,2023-04-07,Delivered,Merchant,Amazon.in,GUJARAT,Beauty,Perfume EDT 100ml,2,3144.78,UPI,B2C
AMZ-1003879,2023-06-05,Returned,Merchant,Amazon.in,MAHARASHTRA,Beauty,Sunscreen SPF 50,1,2283.43,Card,B2C
AMZ-1003880,2023-06-14,Delivered,Amazon,Amazon.in,RAJASTHAN,Electronics,Laptop Backpack,2,12298.8,Card,B2C
AMZ-1003881,2023-06-11,Delivered,Amazon,Amazon.in,TELANGANA,Books,The Psychology of Money,2,2077.48,COD,B2C
AMZ-1003882,2023-05-26,Delivered,Amazon,Amazon.in,TELANGANA,Apparel,Cotton T-Shirt Slim Fit,1,2901.22,Wallet,B2C
AMZ-1003883,2023-05-12,Delivered,Merchant,Amazon.in,PUNJAB,Electronics,HDMI Cable 2m,1,8166.32,Card,B2C
AMZ-1003884,2023-04-18,Delivered,Merchant,Amazon.in,MAHARASHTRA,Footwear,Formal Leather Shoes,3,7409.12,UPI,B2C
AMZ-1003885,2023-03-17,Returned,Merchant,Amazon.in,TAMIL NADU,Footwear,Formal Leather Shoes,1,2729.11,Card,B2C
AMZ-1003886,2023-05-25,Delivered,Amazon,Amazon.in,MAHARASHTRA,Beauty,Shampoo Anti-Dandruff,1,1224.09,UPI,B2C
AMZ-1003887,2023-05-19,Delivered,Merchant,Amazon.in,DELHI,Footwear,Formal Leather Shoes,1,4343.67,Card,B2C
AMZ-1003888,2023-03-31,Cancelled,Amazon,Amazon.in,UTTAR PRADESH,Electronics,Smart TV 43" 4K,2,55055.79,COD,B2C
AMZ-1003889,2023-04-22,Returned,Amazon,Amazon.in,WEST BENGAL,Home & Kitchen,Steel Water Bottle 1L,2,11241.87,UPI,B2C
AMZ-1003890,2023-03-24,Delivered,Amazon,Amazon.in,RAJASTHAN,Apparel,Sports Shorts,3,7861.85,Card,B2C
AMZ-1003891,2023-04-22,Delivered,Merchant,Amazon.in,TELANGANA,Electronics,Power Bank 20000mAh,1,2218.41,COD,B2C
AMZ-1003892,2023-05-15,Delivered,Amazon,Amazon.in,MAHARASHTRA,Apparel,Formal Shirt,1,1791.96,Card,B2C
AMZ-1003893,2023-05-14,Shipped,Merchant,Amazon.in,DELHI,Apparel,Polo T-Shirt,1,620.57,Card,B2C
AMZ-1003894,2023-06-01,Delivered,Amazon,Amazon.in,MAHARASHTRA,Electronics,Bluetooth Speaker,1,27572.45,Card,B2C
AMZ-1003895,2023-03-06,Delivered,Amazon,Amazon.in,GUJARAT,Apparel,Denim Jacket,1,3271.97,UPI,B2C
AMZ-1003896,2023-04-18,Delivered,Amazon,Amazon.in,TAMIL NADU,Apparel,Denim Jacket,2,3115.37,Net Banking,B2C
AMZ-1003897,2023-06-28,Delivered,Merchant,Amazon.in,TAMIL NADU,Electronics,HDMI Cable 2m,1,35501.36,UPI,B2C
AMZ-1003898,2023-06-08,Delivered,Amazon,Amazon.in,DELHI,Home & Kitchen,Vacuum Flask,1,4908.88,UPI,B2C
AMZ-1003899,2023-03-26,Delivered,Amazon,Amazon.in,RAJASTHAN,Beauty,Hair Dryer 1600W,1,1750.14,Wallet,B2C
AMZ-1003900,2023-03-29,Shipped,Amazon,Amazon.in,MAHARASHTRA,Sports & Fitness,Skipping Rope,2,7915.61,UPI,B2C
AMZ-1003901,2023-05-09,Delivered,Amazon,Amazon.in,TAMIL NADU,Sports & Fitness,Skipping Rope,1,1728.6,COD,B2C
AMZ-1003902,2023-03-05,Shipped,Merchant,Amazon.in,UTTAR PRADESH,Beauty,Perfume EDT 100ml,1,1060.67,Card,B2C
AMZ-1003903,2023-05-22,Cancelled,Amazon,Amazon.in,TELANGANA,Apparel,Leather Belt,3,8048.65,COD,B2C
AMZ-1003904,2023-03-09,Delivered,Amazon,Amazon.in,PUNJAB,Beauty,Hair Dryer 1600W,1,1422.43,Wallet,B2C
AMZ-1003905,2023-05-04,Delivered,Amazon,Amazon.in,UTTAR PRADESH,Sports & Fitness,Cricket Bat,2,1994.3,Net Banking,B2C
AMZ-1003906,2023-03-08,Delivered,Merchant,Amazon.in,MAHARASHTRA,Footwear,Running Shoes,1,5982.54,Net Banking,B2C
AMZ-1003907,2023-05-03,Delivered,Amazon,Amazon.in,WEST BENGAL,Apparel,Cotton T-Shirt Slim Fit,1,1155.46,Wallet,B2C
AMZ-1003908,2023-04-27,Delivered,Merchant,Amazon.in,DELHI,Books,Deep Work,1,396.19,UPI,B2C
AMZ-1003909,2023-04-28,Delivered,Merchant,Amazon.in,RAJASTHAN,Sports & Fitness,Yoga Mat 6mm,1,2002.29,Card,B2C
AMZ-1003910,2023-05-20,Cancelled,Merchant,Amazon.in,RAJASTHAN,Footwear,Loafers,2,8054.84,COD,B2C
AMZ-1003911,2023-03-09,Pending,Amazon,Amazon.in,MAHARASHTRA,Electronics,Power Bank 20000mAh,1,36857.85,Wallet,B2C
AMZ-1003912,2023-04-12,Delivered,Amazon,Amazon.in,GUJARAT,Apparel,Denim Jacket,1,3068.91,UPI,B2C
AMZ-1003913,2023-04-30,Delivered,Amazon,Amazon.in,UTTAR PRADESH,Apparel,Formal Shirt,1,2798.29,UPI,B2C
AMZ-1003914,2023-04-11,Delivered,Merchant,Amazon.in,PUNJAB,Footwear,Flip Flops,1,657.6,COD,B2C
AMZ-1003915,2023-05-22,Shipped,Merchant,Amazon.in,MAHARASHTRA,Footwear,Casual Sneakers,2,2386.53,Card,B2C
AMZ-1003916,2023-05-26,Pending,Amazon,Amazon.in,WEST BENGAL,Beauty,Beard Oil,2,479.38,UPI,B2C
AMZ-1003917,2023-05-19,Cancelled,Merchant,Amazon.in,RAJASTHAN,Apparel,Formal Shirt,1,692.4,COD,B2C
AMZ-1003918,2023-05-01,Shipped,Merchant,Amazon.in,KERALA,Home & Kitchen,LED Table Lamp,1,8480.45,Card,B2C
AMZ-1003919,2023-05-05,Delivered,Merchant,Amazon.in,MAHARASHTRA,Beauty,Vitamin C Face Serum,1,1350.65,COD,B2C
AMZ-1003920,2023-06-07,Delivered,Amazon,Amazon.in,MAHARASHTRA,Books,Ikigai,2,2307.06,Wallet,B2C
AMZ-1003921,2023-06-28,Delivered,Amazon,Amazon.in,MAHARASHTRA,Beauty,Beard Oil,1,874.52,COD,B2C
AMZ-1003922,2023-03-20,Delivered,Merchant,Amazon.in,DELHI,Apparel,Leather Belt,2,6809.39,UPI,B2C
AMZ-1003923,2023-05-11,Delivered,Merchant,Amazon.in,DELHI,Footwear,Running Shoes,2,8952.3,Card,B2C
AMZ-1003924,2023-03-22,Delivered,Amazon,Amazon.in,HARYANA,Electronics,HDMI Cable 2m,1,35762.32,Card,B2C
AMZ-1003925,2023-05-05,Delivered,Amazon,Amazon.in,TELANGANA,Apparel,Denim Jacket,1,2708.81,UPI,B2C
AMZ-1003926,2023-04-22,Cancelled,Amazon,Amazon.in,HARYANA,Apparel,Denim Jacket,2,1724.44,Wallet,B2C
AMZ-1003927,2023-03-25,Delivered,Merchant,Amazon.in,HARYANA,Books,Deep Work,1,321.43,COD,B2C
AMZ-1003928,2023-03-23,Delivered,Amazon,Amazon.in,KARNATAKA,Home & Kitchen,Bedsheet Double,1,7380.91,Card,B2C
AMZ-1003929,2023-05-08,Delivered,Amazon,Amazon.in,MAHARASHTRA,Beauty,Shampoo Anti-Dandruff,1,452.28,UPI,B2C
AMZ-1003930,2023-05-10,Delivered,Amazon,Amazon.in,WEST BENGAL,Sports & Fitness,Football Size 5,2,1122.03,Net Banking,B2C
AMZ-1003931,2023-05-16,Delivered,Amazon,Amazon.in,MAHARASHTRA,Electronics,Power Bank 20000mAh,1,1946.72,Card,B2C
AMZ-1003932,2023-04-23,Cancelled,Merchant,Amazon.in,RAJASTHAN,Beauty,Vitamin C Face Serum,1,670.07,COD,B2C
AMZ-1003933,2023-04-03,Delivered,Merchant,Amazon.in,TELANGANA,Electronics,HDMI Cable 2m,1,20348.43,Card,B2C
AMZ-1003934,2023-05-23,Delivered,Merchant,Amazon.in,RAJASTHAN,Apparel,Polo T-Shirt,2,1602.38,UPI,B2C
AMZ-1003935,2023-05-01,Delivered,Merchant,Amazon.in,TAMIL NADU,Apparel,Polo T-Shirt,1,3328.03,UPI,B2C
AMZ-1003936,2023-05-07,Delivered,Amazon,Amazon.in,DELHI,Beauty,Shampoo Anti-Dandruff,1,247.41,Net Banking,B2C
AMZ-1003937,2023-03-18,Delivered,Amazon,Amazon.in,KARNATAKA,Beauty,Face Wash Neem,3,3859.36,UPI,B2C
AMZ-1003938,2023-04-18,Delivered,Merchant,Amazon.in,KARNATAKA,Home & Kitchen,Non-Stick Cookware Set,1,1355.79,Wallet,B2C
AMZ-1003939,2023-04-05,Delivered,Amazon,Amazon.in,MAHARASHTRA,Home & Kitchen,Storage Container Set,1,3007.27,COD,B2C
AMZ-1003940,2023-04-27,Delivered,Merchant,Amazon.in,KERALA,Apparel,Polo T-Shirt,1,1358.09,UPI,B2C
AMZ-1003941,2023-03-12,Cancelled,Amazon,Amazon.in,MAHARASHTRA,Books,The Psychology of Money,1,571.31,COD,B2C
AMZ-1003942,2023-05-03,Delivered,Merchant,Amazon.in,MAHARASHTRA,Electronics,Smart TV 43" 4K,1,19026.53,COD,B2C
AMZ-1003943,2023-04-22,Delivered,Merchant,Amazon.in,UTTAR PRADESH,Apparel,Kurta Set,1,1632.97,UPI,B2C
AMZ-1003944,2023-03-05,Delivered,Amazon,Amazon.in,KARNATAKA,Beauty,Face Wash Neem,1,1261.23,UPI,B2C
AMZ-1003945,2023-04-29,Delivered,Amazon,Amazon.in,KERALA,Beauty,Beard Oil,1,1107.49,UPI,B2C
AMZ-1003946,2023-05-20,Shipped,Amazon,Amazon.in,UTTAR PRADESH,Footwear,Sports Sandals,2,9631.72,UPI,B2C
AMZ-1003947,2023-04-07,Delivered,Amazon,Amazon.in,MAHARASHTRA,Footwear,Casual Sneakers,1,2541.69,Card,B2C
AMZ-1003948,2023-03-25,Cancelled,Amazon,Amazon.in,UTTAR PRADESH,Sports & Fitness,Football Size 5,1,6877.74,COD,B2C
AMZ-1003949,2023-05-08,Returned,Amazon,Amazon.in,HARYANA,Beauty,Face Wash Neem,1,894.33,Wallet,B2C
AMZ-1003950,2023-05-10,Delivered,Merchant,Amazon.in,HARYANA,Home & Kitchen,Mixer Grinder 750W,1,2381.11,Card,B2C
AMZ-1003951,2023-05-11,Delivered,Amazon,Amazon.in,GUJARAT,Books,Atomic Habits,1,612.6,Wallet,B2B
AMZ-1003952,2023-06-23,Delivered,Amazon,Amazon.in,DELHI,Electronics,Laptop Backpack,2,34310.09,Card,B2C
AMZ-1003953,2023-06-23,Delivered,Amazon,Amazon.in,MAHARASHTRA,Books,The Psychology of Money,2,532.89,Card,B2C
AMZ-1003954,2023-04-27,Delivered,Amazon,Amazon.in,DELHI,Beauty,Lipstick Matte Set,1,533.2,UPI,B2C
AMZ-1003955,2023-06-03,Cancelled,Merchant,Amazon.in,RAJASTHAN,Books,Think and Grow Rich,2,1788.16,COD,B2C
AMZ-1003956,2023-05-24,Shipped,Merchant,Amazon.in,UTTAR PRADESH,Books,The Psychology of Money,3,1471.61,Card,B2C
AMZ-1003957,2023-04-11,Delivered,Amazon,Amazon.in,UTTAR PRADESH,Books,The Alchemist,1,204.86,UPI,B2C
AMZ-1003958,2023-06-26,Delivered,Amazon,Amazon.in,RAJASTHAN,Electronics,USB-C Fast Charger,2,43441.68,COD,B2C
AMZ-1003959,2023-04-20,Shipped,Merchant,Amazon.in,KARNATAKA,Apparel,Polo T-Shirt,1,473.48,COD,B2C
AMZ-1003960,2023-06-24,Delivered,Merchant,Amazon.in,UTTAR PRADESH,Beauty,Lipstick Matte Set,1,2222.72,UPI,B2C
AMZ-1003961,2023-05-14,Delivered,Amazon,Amazon.in,GUJARAT,Footwear,Casual Sneakers,1,537.31,Wallet,B2C
AMZ-1003962,2023-05-07,Delivered,Amazon,Amazon.in,MAHARASHTRA,Footwear,Flip Flops,2,9666.55,COD,B2C
AMZ-1003963,2023-04-13,Cancelled,Amazon,Amazon.in,MAHARASHTRA,Sports & Fitness,Yoga Mat 6mm,1,3409.02,Card,B2C
AMZ-1003964,2023-06-23,Returned,Amazon,Amazon.in,MAHARASHTRA,Footwear,Loafers,1,2031.97,Card,B2C
AMZ-1003965,2023-05-05,Delivered,Amazon,Amazon.in,UTTAR PRADESH,Beauty,Face Wash Neem,2,1344.8,UPI,B2C
AMZ-1003966,2023-06-15,Delivered,Amazon,Amazon.in,BIHAR,Home & Kitchen,Storage Container Set,1,8439.79,UPI,B2C
AMZ-1003967,2023-05-06,Delivered,Merchant,Amazon.in,GUJARAT,Apparel,Polo T-Shirt,1,1239.69,Card,B2C
AMZ-1003968,2023-05-28,Shipped,Amazon,Amazon.in,TAMIL NADU,Electronics,Smart Watch Series 5,2,49056.05,Net Banking,B2C
AMZ-1003969,2023-03-07,Cancelled,Amazon,Amazon.in,TAMIL NADU,Electronics,Laptop Backpack,1,5668.53,COD,B2C
AMZ-1003970,2023-03-21,Delivered,Amazon,Amazon.in,DELHI,Home & Kitchen,Non-Stick Cookware Set,1,5228.57,Card,B2C
AMZ-1003971,2023-05-10,Delivered,Amazon,Amazon.in,MAHARASHTRA,Books,Think and Grow Rich,1,414.85,UPI,B2C
AMZ-1003972,2023-03-20,Delivered,Merchant,Amazon.in,UTTAR PRADESH,Footwear,Running Shoes,1,1181.44,Card,B2C
AMZ-1003973,2023-03-05,Cancelled,Amazon,Amazon.in,KERALA,Electronics,Wireless Earbuds Pro,1,15313.18,COD,B2C
AMZ-1003974,2023-03-08,Cancelled,Merchant,Amazon.in,TAMIL NADU,Footwear,Running Shoes,2,10198.48,COD,B2C
AMZ-1003975,2023-06-20,Delivered,Merchant,Amazon.in,DELHI,Apparel,Kurta Set,2,3912.16,Card,B2C
AMZ-1003976,2023-04-01,Delivered,Amazon,Amazon.in,GUJARAT,Beauty,Beard Oil,1,993.4,Card,B2C
AMZ-1003977,2023-03-31,Delivered,Amazon,Amazon.in,TAMIL NADU,Home & Kitchen,Bedsheet Double,1,3702.86,COD,B2C
AMZ-1003978,2023-03-20,Delivered,Amazon,Amazon.in,MAHARASHTRA,Sports & Fitness,Cricket Bat,3,2190.37,COD,B2C
AMZ-1003979,2023-04-14,Delivered,Merchant,Amazon.in,RAJASTHAN,Apparel,Kurta Set,1,3352.26,Wallet,B2C
AMZ-1003980,2023-04-06,Delivered,Merchant,Amazon.in,TELANGANA,Apparel,Denim Jacket,1,1337.5,Card,B2C
AMZ-1003981,2023-03-09,Delivered,Amazon,Amazon.in,UTTAR PRADESH,Electronics,Bluetooth Speaker,1,10744.46,COD,B2C
AMZ-1003982,2023-04-15,Delivered,Amazon,Amazon.in,MADHYA PRADESH,Apparel,Winter Sweatshirt,2,4644.39,COD,B2C
AMZ-1003983,2023-04-22,Delivered,Amazon,Amazon.in,TELANGANA,Electronics,HDMI Cable 2m,1,24763.39,Card,B2C
AMZ-1003984,2023-05-01,Delivered,Amazon,Amazon.in,MADHYA PRADESH,Apparel,Kurta Set,1,1690.57,UPI,B2C
AMZ-1003985,2023-05-23,Shipped,Amazon,Amazon.in,TAMIL NADU,Books,Deep Work,1,1185.22,Wallet,B2C
AMZ-1003986,2023-06-20,Delivered,Amazon,Amazon.in,KARNATAKA,Electronics,Bluetooth Speaker,1,41487.59,UPI,B2C
AMZ-1003987,2023-04-08,Delivered,Merchant,Amazon.in,KERALA,Home & Kitchen,LED Table Lamp,1,1096.99,UPI,B2C
AMZ-1003988,2023-05-07,Delivered,Amazon,Amazon.in,KERALA,Beauty,Hair Dryer 1600W,1,589.91,UPI,B2C
AMZ-1003989,2023-03-15,Delivered,Amazon,Amazon.in,BIHAR,Apparel,Cotton T-Shirt Slim Fit,2,1630.93,Card,B2C
AMZ-1003990,2023-05-01,Delivered,Amazon,Amazon.in,MAHARASHTRA,Apparel,Formal Shirt,1,509.46,UPI,B2C
AMZ-1003991,2023-06-12,Delivered,Amazon,Amazon.in,DELHI,Beauty,Shampoo Anti-Dandruff,1,1003.34,Card,B2C
AMZ-1003992,2023-06-13,Shipped,Amazon,Amazon.in,RAJASTHAN,Books,Sapiens,1,1016.09,UPI,B2C
AMZ-1003993,2023-03-03,Delivered,Amazon,Amazon.in,TELANGANA,Sports & Fitness,Foam Roller,2,2843.77,COD,B2C
AMZ-1003994,2023-06-21,Returned,Merchant,Amazon.in,RAJASTHAN,Beauty,Sunscreen SPF 50,2,4537.84,Net Banking,B2C
AMZ-1003995,2023-05-19,Shipped,Merchant,Amazon.in,KARNATAKA,Sports & Fitness,Yoga Mat 6mm,1,605.17,COD,B2C
AMZ-1003996,2023-05-14,Delivered,Merchant,Amazon.in,KARNATAKA,Apparel,Winter Sweatshirt,1,1103.05,Card,B2C
AMZ-1003997,2023-03-15,Delivered,Amazon,Amazon.in,KARNATAKA,Footwear,Running Shoes,2,11670.58,COD,B2C
AMZ-1003998,2023-04-23,Delivered,Amazon,Amazon.in,RAJASTHAN,Books,Atomic Habits,1,578.53,COD,B2C
AMZ-1003999,2023-05-02,Delivered,Amazon,Amazon.in,KARNATAKA,Footwear,Flip Flops,2,7921.72,Card,B2C
AMZ-1004000,2023-05-19,Shipped,Amazon,Amazon.in,MAHARASHTRA,Apparel,Kurta Set,2,4308.42,Card,B2C
AMZ-1004001,2023-04-15,Shipped,Amazon,Amazon.in,DELHI,Apparel,Kurta Set,1,1323.91,Wallet,B2C
AMZ-1004002,2023-05-14,Delivered,Amazon,Amazon.in,MADHYA PRADESH,Beauty,Face Wash Neem,1,2351.87,Wallet,B2C
AMZ-1004003,2023-05-08,Delivered,Amazon,Amazon.in,RAJASTHAN,Electronics,Smart Watch Series 5,2,13419.72,Wallet,B2C
AMZ-1004004,2023-03-27,Delivered,Merchant,Amazon.in,KARNATAKA,Apparel,Polo T-Shirt,1,1794.56,Card,B2C
AMZ-1004005,2023-06-25,Delivered,Amazon,Amazon.in,MAHARASHTRA,Home & Kitchen,Mixer Grinder 750W,1,1471.28,UPI,B2C
AMZ-1004006,2023-04-09,Delivered,Merchant,Amazon.in,HARYANA,Sports & Fitness,Skipping Rope,1,4196.21,Card,B2C
AMZ-1004007,2023-04-14,Delivered,Amazon,Amazon.in,MAHARASHTRA,Electronics,Power Bank 20000mAh,1,32032.26,UPI,B2C
AMZ-1004008,2023-03-26,Delivered,Amazon,Amazon.in,MAHARASHTRA,Apparel,Formal Shirt,1,3324.85,UPI,B2C
AMZ-1004009,2023-05-15,Shipped,Amazon,Amazon.in,UTTAR PRADESH,Apparel,Formal Shirt,2,3381.26,UPI,B2C
AMZ-1004010,2023-05-05,Delivered,Merchant,Amazon.in,KERALA,Apparel,Winter Sweatshirt,1,1071.41,UPI,B2C
AMZ-1004011,2023-03-15,Delivered,Amazon,Amazon.in,WEST BENGAL,Electronics,Wireless Earbuds Pro,2,49871.45,Card,B2C
AMZ-1004012,2023-06-07,Delivered,Amazon,Amazon.in,WEST BENGAL,Footwear,Running Shoes,1,5835.39,Card,B2C
AMZ-1004013,2023-06-16,Delivered,Amazon,Amazon.in,TELANGANA,Home & Kitchen,LED Table Lamp,1,4649.09,COD,B2C
AMZ-1004014,2023-03-11,Delivered,Merchant,Amazon.in,DELHI,Beauty,Beard Oil,2,2444.73,Net Banking,B2C
AMZ-1004015,2023-06-23,Delivered,Amazon,Amazon.in,TELANGANA,Apparel,Kurta Set,1,2883.99,Net Banking,B2C
AMZ-1004016,2023-06-04,Delivered,Merchant,Amazon.in,GUJARAT,Apparel,Leather Belt,1,2652.57,Card,B2C
AMZ-1004017,2023-06-09,Delivered,Amazon,Amazon.in,GUJARAT,Home & Kitchen,Storage Container Set,2,5661.68,Card,B2C
AMZ-1004018,2023-05-17,Shipped,Amazon,Amazon.in,TELANGANA,Beauty,Perfume EDT 100ml,1,843.07,UPI,B2C
AMZ-1004019,2023-03-17,Delivered,Amazon,Amazon.in,UTTAR PRADESH,Apparel,Sports Shorts,1,539.61,UPI,B2C
AMZ-1004020,2023-04-02,Shipped,Amazon,Amazon.in,TELANGANA,Footwear,Formal Leather Shoes,1,5802.73,Card,B2C
AMZ-1004021,2023-05-24,Delivered,Amazon,Amazon.in,DELHI,Home & Kitchen,Bedsheet Double,1,7894.06,Card,B2C
AMZ-1004022,2023-05-04,Delivered,Amazon,Amazon.in,UTTAR PRADESH,Apparel,Formal Shirt,1,1254.08,Card,B2C
AMZ-1004023,2023-05-06,Delivered,Amazon,Amazon.in,UTTAR PRADESH,Electronics,HDMI Cable 2m,1,26779.65,UPI,B2C
AMZ-1004024,2023-06-22,Delivered,Merchant,Amazon.in,HARYANA,Sports & Fitness,Badminton Racket,1,3192.99,COD,B2C
AMZ-1004025,2023-05-10,Delivered,Amazon,Amazon.in,KARNATAKA,Electronics,HDMI Cable 2m,1,11848.89,Card,B2C
AMZ-1004026,2023-05-01,Delivered,Amazon,Amazon.in,TELANGANA,Footwear,Canvas Shoes,1,3320.61,Wallet,B2C
AMZ-1004027,2023-04-28,Delivered,Amazon,Amazon.in,TAMIL NADU,Electronics,Laptop Backpack,3,9639.99,COD,B2C
AMZ-1004028,2023-04-17,Delivered,Merchant,Amazon.in,KERALA,Apparel,Denim Jacket,1,1172.95,UPI,B2C
AMZ-1004029,2023-03-02,Delivered,Amazon,Amazon.in,KARNATAKA,Home & Kitchen,Curtain Set 7ft,3,24552.28,Net Banking,B2C
AMZ-1004030,2023-04-28,Delivered,Merchant,Amazon.in,UTTAR PRADESH,Footwear,Sports Sandals,2,5522.79,UPI,B2C
AMZ-1004031,2023-06-22,Delivered,Amazon,Amazon.in,KARNATAKA,Apparel,Winter Sweatshirt,1,2329.08,COD,B2C
AMZ-1004032,2023-06-16,Delivered,Amazon,Amazon.in,MAHARASHTRA,Beauty,Lipstick Matte Set,1,2400.36,Card,B2C
AMZ-1004033,2023-06-22,Delivered,Merchant,Amazon.in,KARNATAKA,Electronics,Smart Watch Series 5,2,44295.38,Wallet,B2C
AMZ-1004034,2023-03-03,Pending,Amazon,Amazon.in,WEST BENGAL,Beauty,Sunscreen SPF 50,3,4513.27,COD,B2C
AMZ-1004035,2023-03-17,Delivered,Merchant,Amazon.in,TAMIL NADU,Electronics,Bluetooth Speaker,1,39239.84,Net Banking,B2C
AMZ-1004036,2023-04-04,Delivered,Amazon,Amazon.in,BIHAR,Books,Deep Work,1,818.39,Card,B2C
AMZ-1004037,2023-05-14,Pending,Amazon,Amazon.in,MAHARASHTRA,Home & Kitchen,LED Table Lamp,1,5806.96,Net Banking,B2C
AMZ-1004038,2023-05-17,Delivered,Merchant,Amazon.in,WEST BENGAL,Beauty,Hair Dryer 1600W,1,554.3,UPI,B2C
AMZ-1004039,2023-05-11,Delivered,Amazon,Amazon.in,TAMIL NADU,Electronics,Laptop Backpack,1,44578.02,Card,B2C
AMZ-1004040,2023-05-09,Returned,Amazon,Amazon.in,MAHARASHTRA,Beauty,Sunscreen SPF 50,1,1544.45,COD,B2C
AMZ-1004041,2023-05-17,Delivered,Merchant,Amazon.in,TELANGANA,Footwear,Canvas Shoes,1,4592.37,COD,B2C
AMZ-1004042,2023-06-26,Delivered,Merchant,Amazon.in,UTTAR PRADESH,Electronics,Bluetooth Speaker,1,16053.87,Card,B2C
AMZ-1004043,2023-05-28,Delivered,Amazon,Amazon.in,BIHAR,Apparel,Leather Belt,1,702.8,Card,B2C
AMZ-1004044,2023-06-20,Delivered,Amazon,Amazon.in,KARNATAKA,Home & Kitchen,Vacuum Flask,1,7755.88,Wallet,B2C
AMZ-1004045,2023-06-04,Delivered,Amazon,Amazon.in,HARYANA,Electronics,Laptop Backpack,2,62823.22,Card,B2C
AMZ-1004046,2023-04-07,Returned,Merchant,Amazon.in,KARNATAKA,Footwear,Trail Hiking Boots,1,2909.54,Card,B2C
AMZ-1004047,2023-05-13,Delivered,Amazon,Amazon.in,UTTAR PRADESH,Apparel,Leather Belt,1,1839.61,Card,B2C
AMZ-1004048,2023-05-06,Shipped,Amazon,Amazon.in,KARNATAKA,Electronics,Smart TV 43" 4K,1,24248.71,UPI,B2C
AMZ-1004049,2023-05-07,Delivered,Amazon,Amazon.in,BIHAR,Apparel,Kurta Set,1,1253.34,UPI,B2C
AMZ-1004050,2023-05-08,Cancelled,Merchant,Amazon.in,DELHI,Books,Rich Dad Poor Dad,1,446.07,COD,B2C
AMZ-1004051,2023-03-28,Delivered,Merchant,Amazon.in,TAMIL NADU,Electronics,Bluetooth Speaker,1,9542.64,COD,B2C
AMZ-1004052,2023-04-03,Delivered,Amazon,Amazon.in,TAMIL NADU,Beauty,Shampoo Anti-Dandruff,1,504.39,COD,B2C
AMZ-1004053,2023-05-01,Delivered,Merchant,Amazon.in,HARYANA,Home & Kitchen,Curtain Set 7ft,2,11910.07,Card,B2C
AMZ-1004054,2023-05-20,Delivered,Merchant,Amazon.in,KARNATAKA,Electronics,Wireless Earbuds Pro,2,88892.87,UPI,B2C
AMZ-1004055,2023-05-25,Delivered,Amazon,Amazon.in,UTTAR PRADESH,Books,Sapiens,2,387.57,COD,B2C
AMZ-1004056,2023-03-07,Delivered,Amazon,Amazon.in,RAJASTHAN,Books,Sapiens,1,1187,UPI,B2C
AMZ-1004057,2023-06-17,Delivered,Amazon,Amazon.in,WEST BENGAL,Sports & Fitness,Badminton Racket,1,6227.79,Card,B2C
AMZ-1004058,2023-04-15,Delivered,Merchant,Amazon.in,GUJARAT,Beauty,Sunscreen SPF 50,1,1401.69,Card,B2C
AMZ-1004059,2023-03-04,Shipped,Amazon,Amazon.in,GUJARAT,Beauty,Sunscreen SPF 50,1,1504.51,UPI,B2C
AMZ-1004060,2023-04-09,Shipped,Amazon,Amazon.in,TELANGANA,Electronics,Smart TV 43" 4K,2,62712.85,Card,B2B
AMZ-1004061,2023-06-11,Delivered,Amazon,Amazon.in,MAHARASHTRA,Electronics,Power Bank 20000mAh,1,40758.86,Card,B2C
AMZ-1004062,2023-06-20,Delivered,Amazon,Amazon.in,DELHI,Electronics,Wireless Earbuds Pro,2,20535.97,UPI,B2C
AMZ-1004063,2023-04-21,Delivered,Amazon,Amazon.in,MAHARASHTRA,Apparel,Formal Shirt,2,6866.36,Card,B2C
AMZ-1004064,2023-03-13,Delivered,Amazon,Amazon.in,RAJASTHAN,Books,Sapiens,2,2288.38,UPI,B2C
AMZ-1004065,2023-03-30,Delivered,Amazon,Amazon.in,DELHI,Sports & Fitness,Football Size 5,1,4326.75,UPI,B2C
AMZ-1004066,2023-05-15,Delivered,Merchant,Amazon.in,GUJARAT,Apparel,Kurta Set,2,2092.17,Card,B2C
AMZ-1004067,2023-03-13,Shipped,Merchant,Amazon.in,TAMIL NADU,Home & Kitchen,Curtain Set 7ft,1,10246.49,Wallet,B2C
AMZ-1004068,2023-06-11,Delivered,Amazon,Amazon.in,WEST BENGAL,Books,Think and Grow Rich,1,287.35,Net Banking,B2C
AMZ-1004069,2023-05-03,Delivered,Amazon,Amazon.in,WEST BENGAL,Books,The Psychology of Money,1,505.65,Card,B2C
AMZ-1004070,2023-05-18,Delivered,Amazon,Amazon.in,TAMIL NADU,Footwear,Canvas Shoes,1,1252.44,UPI,B2C
AMZ-1004071,2023-04-25,Delivered,Amazon,Amazon.in,WEST BENGAL,Apparel,Winter Sweatshirt,3,5096.92,UPI,B2C
AMZ-1004072,2023-05-23,Delivered,Amazon,Amazon.in,TAMIL NADU,Electronics,Bluetooth Speaker,1,22006.63,UPI,B2C
AMZ-1004073,2023-04-26,Delivered,Amazon,Amazon.in,UTTAR PRADESH,Electronics,Smart TV 43" 4K,1,12179.91,Net Banking,B2C
AMZ-1004074,2023-04-12,Delivered,Merchant,Amazon.in,DELHI,Home & Kitchen,Bedsheet Double,2,7122.06,COD,B2C
AMZ-1004075,2023-04-30,Delivered,Amazon,Amazon.in,TELANGANA,Beauty,Lipstick Matte Set,1,1662.22,UPI,B2C
AMZ-1004076,2023-05-06,Shipped,Merchant,Amazon.in,KARNATAKA,Apparel,Leather Belt,1,1634.38,Card,B2C
AMZ-1004077,2023-04-21,Delivered,Merchant,Amazon.in,DELHI,Electronics,USB-C Fast Charger,1,44981.1,Card,B2C
AMZ-1004078,2023-06-19,Delivered,Amazon,Amazon.in,GUJARAT,Apparel,Formal Shirt,1,2206.65,Card,B2C
AMZ-1004079,2023-04-19,Delivered,Merchant,Amazon.in,TAMIL NADU,Footwear,Casual Sneakers,1,5691,Card,B2C
AMZ-1004080,2023-04-13,Delivered,Amazon,Amazon.in,MAHARASHTRA,Electronics,HDMI Cable 2m,1,18073.52,UPI,B2C
AMZ-1004081,2023-06-20,Delivered,Amazon,Amazon.in,MAHARASHTRA,Electronics,HDMI Cable 2m,1,36647.83,UPI,B2C
AMZ-1004082,2023-04-10,Shipped,Amazon,Amazon.in,MAHARASHTRA,Electronics,USB-C Fast Charger,1,11924.71,UPI,B2C
AMZ-1004083,2023-04-09,Delivered,Amazon,Amazon.in,TELANGANA,Apparel,Formal Shirt,2,5474.68,Card,B2C
AMZ-1004084,2023-04-02,Delivered,Amazon,Amazon.in,UTTAR PRADESH,Electronics,Wireless Earbuds Pro,1,21516.27,UPI,B2C
AMZ-1004085,2023-05-16,Returned,Amazon,Amazon.in,HARYANA,Sports & Fitness,Badminton Racket,1,4021.83,UPI,B2C
AMZ-1004086,2023-03-15,Returned,Merchant,Amazon.in,MADHYA PRADESH,Apparel,Formal Shirt,1,1214.58,UPI,B2C
AMZ-1004087,2023-05-06,Delivered,Amazon,Amazon.in,WEST BENGAL,Electronics,USB-C Fast Charger,1,40306.52,COD,B2C
AMZ-1004088,2023-05-13,Delivered,Amazon,Amazon.in,MAHARASHTRA,Footwear,Canvas Shoes,2,6694.96,Wallet,B2C
AMZ-1004089,2023-03-27,Delivered,Amazon,Amazon.in,DELHI,Books,Atomic Habits,1,483.43,Card,B2C
AMZ-1004090,2023-03-23,Delivered,Merchant,Amazon.in,PUNJAB,Apparel,Denim Jacket,2,1713.43,Card,B2C
AMZ-1004091,2023-05-05,Delivered,Merchant,Amazon.in,UTTAR PRADESH,Sports & Fitness,Football Size 5,1,3551.41,COD,B2C
AMZ-1004092,2023-03-28,Delivered,Amazon,Amazon.in,TELANGANA,Sports & Fitness,Resistance Bands,1,1414.6,Wallet,B2C
AMZ-1004093,2023-05-13,Delivered,Amazon,Amazon.in,TAMIL NADU,Home & Kitchen,Curtain Set 7ft,1,7982.64,Wallet,B2C
AMZ-1004094,2023-04-25,Delivered,Amazon,Amazon.in,KARNATAKA,Home & Kitchen,Bedsheet Double,2,17219.03,Wallet,B2C
AMZ-1004095,2023-05-01,Delivered,Amazon,Amazon.in,TAMIL NADU,Apparel,Leather Belt,2,1999.81,Wallet,B2B
AMZ-1004096,2023-03-04,Shipped,Amazon,Amazon.in,GUJARAT,Apparel,Denim Jacket,1,1767.77,UPI,B2B
AMZ-1004097,2023-06-27,Delivered,Amazon,Amazon.in,TAMIL NADU,Home & Kitchen,Steel Water Bottle 1L,1,5313.13,COD,B2C
AMZ-1004098,2023-04-05,Shipped,Amazon,Amazon.in,WEST BENGAL,Electronics,HDMI Cable 2m,2,36814.97,Net Banking,B2C
AMZ-1004099,2023-06-07,Delivered,Amazon,Amazon.in,TAMIL NADU,Electronics,Smart TV 43" 4K,1,26028.88,UPI,B2C
AMZ-1004100,2023-06-09,Shipped,Merchant,Amazon.in,BIHAR,Apparel,Winter Sweatshirt,1,3446.96,Net Banking,B2C
AMZ-1004101,2023-04-08,Returned,Amazon,Amazon.in,MAHARASHTRA,Home & Kitchen,Steel Water Bottle 1L,1,9226.09,Card,B2B
AMZ-1004102,2023-06-14,Delivered,Amazon,Amazon.in,HARYANA,Footwear,Casual Sneakers,2,11747.19,COD,B2C
AMZ-1004103,2023-04-28,Pending,Merchant,Amazon.in,TAMIL NADU,Books,The Alchemist,2,2030.95,Card,B2C
AMZ-1004104,2023-06-22,Delivered,Merchant,Amazon.in,DELHI,Books,Think and Grow Rich,1,509.85,Card,B2C
AMZ-1004105,2023-05-10,Cancelled,Amazon,Amazon.in,DELHI,Electronics,USB-C Fast Charger,1,13409.66,COD,B2C
AMZ-1004106,2023-05-30,Delivered,Amazon,Amazon.in,PUNJAB,Electronics,Smart TV 43" 4K,1,39285.34,UPI,B2C
AMZ-1004107,2023-03-11,Delivered,Merchant,Amazon.in,MAHARASHTRA,Beauty,Beard Oil,1,1067.27,UPI,B2C
AMZ-1004108,2023-06-19,Delivered,Amazon,Amazon.in,KARNATAKA,Electronics,Wireless Earbuds Pro,1,19274.32,UPI,B2C
AMZ-1004109,2023-03-16,Cancelled,Amazon,Amazon.in,TAMIL NADU,Home & Kitchen,Mixer Grinder 750W,1,10869.24,COD,B2C
AMZ-1004110,2023-04-12,Shipped,Merchant,Amazon.in,DELHI,Home & Kitchen,LED Table Lamp,1,8251.01,Wallet,B2C
AMZ-1004111,2023-04-14,Delivered,Merchant,Amazon.in,KARNATAKA,Electronics,Wireless Earbuds Pro,2,20601.68,COD,B2C
AMZ-1004112,2023-04-14,Delivered,Amazon,Amazon.in,BIHAR,Electronics,Power Bank 20000mAh,2,88528,Card,B2C
AMZ-1004113,2023-05-29,Delivered,Merchant,Amazon.in,GUJARAT,Home & Kitchen,Non-Stick Cookware Set,1,2244.24,Wallet,B2C
AMZ-1004114,2023-05-15,Delivered,Merchant,Amazon.in,KARNATAKA,Sports & Fitness,Dumbbell Set 10kg,1,5019.61,UPI,B2C
AMZ-1004115,2023-04-17,Delivered,Merchant,Amazon.in,MAHARASHTRA,Apparel,Winter Sweatshirt,1,2554.3,COD,B2C
AMZ-1004116,2023-05-04,Delivered,Amazon,Amazon.in,UTTAR PRADESH,Beauty,Vitamin C Face Serum,2,4306.26,UPI,B2C
AMZ-1004117,2023-04-06,Pending,Amazon,Amazon.in,HARYANA,Books,Atomic Habits,1,1182.64,UPI,B2C
AMZ-1004118,2023-04-29,Delivered,Amazon,Amazon.in,GUJARAT,Apparel,Sports Shorts,1,1298.87,Card,B2C
AMZ-1004119,2023-04-29,Delivered,Amazon,Amazon.in,KARNATAKA,Footwear,Trail Hiking Boots,1,853.78,UPI,B2C
AMZ-1004120,2023-05-28,Delivered,Merchant,Amazon.in,KARNATAKA,Apparel,Denim Jacket,1,781.64,UPI,B2C
AMZ-1004121,2023-04-07,Delivered,Amazon,Amazon.in,DELHI,Books,Atomic Habits,1,753.13,Card,B2C
AMZ-1004122,2023-06-23,Delivered,Amazon,Amazon.in,TAMIL NADU,Apparel,Sports Shorts,1,755.21,UPI,B2C
AMZ-1004123,2023-05-04,Delivered,Amazon,Amazon.in,UTTAR PRADESH,Apparel,Leather Belt,2,6737.14,UPI,B2C
AMZ-1004124,2023-05-17,Delivered,Merchant,Amazon.in,DELHI,Apparel,Formal Shirt,1,2411.89,UPI,B2C
AMZ-1004125,2023-03-12,Delivered,Amazon,Amazon.in,DELHI,Beauty,Sunscreen SPF 50,1,505.87,Wallet,B2C
AMZ-1004126,2023-04-22,Cancelled,Merchant,Amazon.in,KARNATAKA,Home & Kitchen,LED Table Lamp,2,3041.92,COD,B2C
AMZ-1004127,2023-06-23,Delivered,Merchant,Amazon.in,TAMIL NADU,Beauty,Vitamin C Face Serum,2,4943.73,UPI,B2C
AMZ-1004128,2023-03-20,Shipped,Merchant,Amazon.in,MAHARASHTRA,Electronics,HDMI Cable 2m,1,3679.66,Card,B2C
AMZ-1004129,2023-05-02,Delivered,Amazon,Amazon.in,WEST BENGAL,Electronics,Power Bank 20000mAh,1,44046.64,UPI,B2C
AMZ-1004130,2023-06-04,Delivered,Amazon,Amazon.in,UTTAR PRADESH,Electronics,HDMI Cable 2m,2,79639.16,UPI,B2C
AMZ-1004131,2023-04-29,Shipped,Amazon,Amazon.in,KARNATAKA,Home & Kitchen,Curtain Set 7ft,1,2459.08,COD,B2C
AMZ-1004132,2023-05-20,Delivered,Merchant,Amazon.in,KERALA,Beauty,Lipstick Matte Set,2,3053.62,Net Banking,B2C
AMZ-1004133,2023-03-20,Delivered,Amazon,Amazon.in,UTTAR PRADESH,Home & Kitchen,Bedsheet Double,2,3734.64,UPI,B2C
AMZ-1004134,2023-04-22,Cancelled,Amazon,Amazon.in,TAMIL NADU,Electronics,Bluetooth Speaker,1,25257.47,COD,B2C
AMZ-1004135,2023-05-04,Delivered,Amazon,Amazon.in,RAJASTHAN,Home & Kitchen,Steel Water Bottle 1L,1,6646.32,Net Banking,B2C
AMZ-1004136,2023-06-21,Delivered,Amazon,Amazon.in,MADHYA PRADESH,Electronics,HDMI Cable 2m,2,13252.19,Card,B2C
AMZ-1004137,2023-05-09,Delivered,Amazon,Amazon.in,TAMIL NADU,Home & Kitchen,Curtain Set 7ft,1,1229.42,COD,B2C
AMZ-1004138,2023-03-05,Delivered,Amazon,Amazon.in,DELHI,Sports & Fitness,Dumbbell Set 10kg,1,7986,Card,B2C
AMZ-1004139,2023-04-04,Delivered,Merchant,Amazon.in,TAMIL NADU,Books,The Psychology of Money,1,352.08,UPI,B2C
AMZ-1004140,2023-05-30,Delivered,Amazon,Amazon.in,UTTAR PRADESH,Books,Atomic Habits,2,2091.12,UPI,B2C
AMZ-1004141,2023-05-20,Delivered,Amazon,Amazon.in,PUNJAB,Electronics,Wireless Earbuds Pro,2,38874.18,Card,B2C
AMZ-1004142,2023-04-10,Returned,Amazon,Amazon.in,HARYANA,Sports & Fitness,Skipping Rope,1,1989.03,Card,B2C
AMZ-1004143,2023-03-22,Delivered,Amazon,Amazon.in,KARNATAKA,Footwear,Formal Leather Shoes,1,3714.87,Card,B2C
AMZ-1004144,2023-05-07,Delivered,Amazon,Amazon.in,MAHARASHTRA,Apparel,Denim Jacket,1,1745.9,UPI,B2C
AMZ-1004145,2023-06-12,Shipped,Amazon,Amazon.in,KARNATAKA,Electronics,HDMI Cable 2m,1,13260.02,UPI,B2C
AMZ-1004146,2023-03-26,Delivered,Merchant,Amazon.in,WEST BENGAL,Beauty,Sunscreen SPF 50,2,2913.45,UPI,B2C
AMZ-1004147,2023-04-06,Delivered,Amazon,Amazon.in,KARNATAKA,Electronics,Smart TV 43" 4K,2,63182.75,Card,B2C
AMZ-1004148,2023-06-03,Delivered,Amazon,Amazon.in,TELANGANA,Sports & Fitness,Dumbbell Set 10kg,1,4774.21,Card,B2C
AMZ-1004149,2023-04-10,Returned,Amazon,Amazon.in,KARNATAKA,Home & Kitchen,LED Table Lamp,1,8882.67,Net Banking,B2C
AMZ-1004150,2023-03-30,Shipped,Amazon,Amazon.in,RAJASTHAN,Beauty,Beard Oil,1,257.01,COD,B2C
AMZ-1004151,2023-04-14,Delivered,Amazon,Amazon.in,MAHARASHTRA,Apparel,Denim Jacket,1,3006.47,COD,B2C
AMZ-1004152,2023-03-23,Delivered,Amazon,Amazon.in,KERALA,Home & Kitchen,Bedsheet Double,2,20505.48,UPI,B2C
AMZ-1004153,2023-05-27,Delivered,Amazon,Amazon.in,UTTAR PRADESH,Home & Kitchen,Vacuum Flask,3,17650.85,Wallet,B2C
AMZ-1004154,2023-03-11,Delivered,Merchant,Amazon.in,MAHARASHTRA,Electronics,Power Bank 20000mAh,2,17962.19,Card,B2C
AMZ-1004155,2023-04-04,Delivered,Amazon,Amazon.in,RAJASTHAN,Footwear,Flip Flops,2,8153.48,UPI,B2B
AMZ-1004156,2023-03-27,Delivered,Amazon,Amazon.in,WEST BENGAL,Footwear,Sports Sandals,1,4634.07,Card,B2C
AMZ-1004157,2023-04-16,Delivered,Merchant,Amazon.in,TAMIL NADU,Books,Sapiens,1,408.54,Net Banking,B2C
AMZ-1004158,2023-06-06,Delivered,Merchant,Amazon.in,KARNATAKA,Electronics,Bluetooth Speaker,1,25074.78,Card,B2C
AMZ-1004159,2023-05-18,Delivered,Merchant,Amazon.in,MAHARASHTRA,Electronics,Laptop Backpack,1,32023.64,Wallet,B2C
AMZ-1004160,2023-06-06,Delivered,Amazon,Amazon.in,TAMIL NADU,Beauty,Lipstick Matte Set,1,1812.04,Net Banking,B2C
AMZ-1004161,2023-03-04,Pending,Amazon,Amazon.in,MAHARASHTRA,Electronics,USB-C Fast Charger,2,77884.07,COD,B2C
AMZ-1004162,2023-03-10,Delivered,Amazon,Amazon.in,MAHARASHTRA,Books,The Psychology of Money,1,353.25,UPI,B2C
AMZ-1004163,2023-05-30,Delivered,Amazon,Amazon.in,KARNATAKA,Home & Kitchen,Non-Stick Cookware Set,2,8511.05,UPI,B2C
AMZ-1004164,2023-03-22,Delivered,Merchant,Amazon.in,HARYANA,Apparel,Winter Sweatshirt,1,1248.11,UPI,B2C
AMZ-1004165,2023-05-08,Delivered,Amazon,Amazon.in,KARNATAKA,Apparel,Sports Shorts,1,2552.3,COD,B2C
AMZ-1004166,2023-06-05,Shipped,Amazon,Amazon.in,DELHI,Home & Kitchen,Curtain Set 7ft,1,2933,Card,B2C
AMZ-1004167,2023-06-02,Delivered,Amazon,Amazon.in,DELHI,Electronics,Bluetooth Speaker,1,28831.3,Net Banking,B2C
AMZ-1004168,2023-05-21,Delivered,Merchant,Amazon.in,UTTAR PRADESH,Electronics,Smart Watch Series 5,1,27351.27,COD,B2C
AMZ-1004169,2023-03-11,Shipped,Merchant,Amazon.in,TAMIL NADU,Apparel,Polo T-Shirt,1,3289.74,UPI,B2C
AMZ-1004170,2023-04-21,Delivered,Amazon,Amazon.in,GUJARAT,Footwear,Loafers,2,9645.2,UPI,B2C
AMZ-1004171,2023-05-30,Delivered,Amazon,Amazon.in,UTTAR PRADESH,Sports & Fitness,Dumbbell Set 10kg,1,805.74,Card,B2C
AMZ-1004172,2023-03-16,Delivered,Merchant,Amazon.in,WEST BENGAL,Home & Kitchen,Bedsheet Double,1,9625.79,UPI,B2C
AMZ-1004173,2023-04-25,Delivered,Merchant,Amazon.in,KERALA,Books,Rich Dad Poor Dad,2,504.72,Card,B2C
AMZ-1004174,2023-04-28,Returned,Amazon,Amazon.in,MAHARASHTRA,Apparel,Winter Sweatshirt,1,2082.25,UPI,B2C
AMZ-1004175,2023-05-24,Delivered,Merchant,Amazon.in,UTTAR PRADESH,Books,Deep Work,3,475.57,UPI,B2C
AMZ-1004176,2023-06-23,Delivered,Amazon,Amazon.in,MAHARASHTRA,Sports & Fitness,Badminton Racket,1,1602.14,UPI,B2C
AMZ-1004177,2023-03-30,Delivered,Amazon,Amazon.in,PUNJAB,Beauty,Sunscreen SPF 50,2,4228.95,Wallet,B2C
AMZ-1004178,2023-03-16,Delivered,Amazon,Amazon.in,MAHARASHTRA,Books,Rich Dad Poor Dad,1,186.06,UPI,B2C
AMZ-1004179,2023-06-26,Delivered,Amazon,Amazon.in,KARNATAKA,Electronics,Laptop Backpack,1,22686.32,Net Banking,B2C
AMZ-1004180,2023-03-11,Returned,Amazon,Amazon.in,PUNJAB,Electronics,HDMI Cable 2m,2,19821.56,Wallet,B2C
AMZ-1004181,2023-06-23,Pending,Amazon,Amazon.in,TAMIL NADU,Books,Atomic Habits,1,1160.7,UPI,B2C
AMZ-1004182,2023-04-15,Delivered,Amazon,Amazon.in,KARNATAKA,Electronics,Laptop Backpack,1,8484.81,UPI,B2C
AMZ-1004183,2023-06-28,Delivered,Amazon,Amazon.in,MAHARASHTRA,Apparel,Kurta Set,2,1775.08,Card,B2C
AMZ-1004184,2023-05-10,Delivered,Amazon,Amazon.in,HARYANA,Home & Kitchen,Curtain Set 7ft,1,9055.96,UPI,B2C
AMZ-1004185,2023-05-19,Delivered,Amazon,Amazon.in,GUJARAT,Books,Atomic Habits,2,324.22,Wallet,B2C
AMZ-1004186,2023-04-01,Delivered,Merchant,Amazon.in,KARNATAKA,Sports & Fitness,Resistance Bands,1,3116.72,Net Banking,B2C
AMZ-1004187,2023-06-01,Delivered,Amazon,Amazon.in,TAMIL NADU,Apparel,Sports Shorts,1,911.4,Net Banking,B2C
AMZ-1004188,2023-06-28,Delivered,Amazon,Amazon.in,KERALA,Apparel,Denim Jacket,1,3155.71,UPI,B2C
AMZ-1004189,2023-03-05,Delivered,Amazon,Amazon.in,GUJARAT,Apparel,Polo T-Shirt,2,1912.85,UPI,B2C
AMZ-1004190,2023-04-28,Returned,Merchant,Amazon.in,MAHARASHTRA,Beauty,Hair Dryer 1600W,2,1625.41,UPI,B2C
AMZ-1004191,2023-05-11,Shipped,Merchant,Amazon.in,HARYANA,Apparel,Leather Belt,2,1828.92,UPI,B2C
AMZ-1004192,2023-06-20,Cancelled,Merchant,Amazon.in,GUJARAT,Apparel,Cotton T-Shirt Slim Fit,1,1679.96,COD,B2C
AMZ-1004193,2023-05-29,Cancelled,Amazon,Amazon.in,MAHARASHTRA,Beauty,Beard Oil,2,3472.08,Card,B2C
AMZ-1004194,2023-05-30,Delivered,Merchant,Amazon.in,UTTAR PRADESH,Beauty,Vitamin C Face Serum,1,1522.51,Card,B2C
AMZ-1004195,2023-05-01,Delivered,Amazon,Amazon.in,RAJASTHAN,Sports & Fitness,Foam Roller,2,10263.12,UPI,B2C
AMZ-1004196,2023-05-11,Delivered,Amazon,Amazon.in,RAJASTHAN,Sports & Fitness,Skipping Rope,1,1647.38,Card,B2C
AMZ-1004197,2023-05-14,Returned,Amazon,Amazon.in,DELHI,Electronics,HDMI Cable 2m,2,34522.26,Wallet,B2C
AMZ-1004198,2023-03-11,Delivered,Amazon,Amazon.in,MAHARASHTRA,Home & Kitchen,LED Table Lamp,1,10968.09,UPI,B2C
AMZ-1004199,2023-06-04,Delivered,Amazon,Amazon.in,TAMIL NADU,Sports & Fitness,Badminton Racket,1,2593.16,Wallet,B2C
AMZ-1004200,2023-05-08,Delivered,Merchant,Amazon.in,DELHI,Electronics,HDMI Cable 2m,1,22613.38,UPI,B2C
AMZ-1004201,2023-03-05,Returned,Amazon,Amazon.in,DELHI,Sports & Fitness,Skipping Rope,1,2759.15,UPI,B2C
AMZ-1004202,2023-05-05,Cancelled,Merchant,Amazon.in,KARNATAKA,Home & Kitchen,Bedsheet Double,2,12903.7,UPI,B2C
AMZ-1004203,2023-04-08,Delivered,Amazon,Amazon.in,TAMIL NADU,Beauty,Beard Oil,1,361.89,UPI,B2C
AMZ-1004204,2023-04-08,Cancelled,Amazon,Amazon.in,MAHARASHTRA,Beauty,Lipstick Matte Set,1,2076.92,COD,B2C
AMZ-1004205,2023-05-08,Delivered,Amazon,Amazon.in,DELHI,Sports & Fitness,Resistance Bands,1,1055.43,Wallet,B2C
AMZ-1004206,2023-05-29,Delivered,Amazon,Amazon.in,TAMIL NADU,Apparel,Leather Belt,1,2962.93,Card,B2C
AMZ-1004207,2023-05-18,Delivered,Amazon,Amazon.in,RAJASTHAN,Home & Kitchen,Storage Container Set,2,6840.91,COD,B2C
AMZ-1004208,2023-04-14,Cancelled,Amazon,Amazon.in,WEST BENGAL,Electronics,Bluetooth Speaker,1,42293.2,COD,B2C
AMZ-1004209,2023-06-12,Delivered,Merchant,Amazon.in,RAJASTHAN,Books,Atomic Habits,1,1118.78,UPI,B2C
AMZ-1004210,2023-03-28,Delivered,Merchant,Amazon.in,GUJARAT,Electronics,USB-C Fast Charger,2,9487.48,COD,B2C
AMZ-1004211,2023-04-08,Delivered,Amazon,Amazon.in,MAHARASHTRA,Sports & Fitness,Foam Roller,1,2516.32,UPI,B2C
AMZ-1004212,2023-03-26,Delivered,Merchant,Amazon.in,WEST BENGAL,Electronics,Laptop Backpack,2,59149.51,Card,B2C
AMZ-1004213,2023-05-20,Delivered,Amazon,Amazon.in,TELANGANA,Apparel,Formal Shirt,2,4273.94,Card,B2C
AMZ-1004214,2023-05-26,Delivered,Amazon,Amazon.in,KARNATAKA,Apparel,Winter Sweatshirt,3,9488.59,UPI,B2C
AMZ-1004215,2023-05-27,Delivered,Amazon,Amazon.in,UTTAR PRADESH,Footwear,Running Shoes,2,7789.93,Wallet,B2C
AMZ-1004216,2023-05-25,Delivered,Amazon,Amazon.in,KARNATAKA,Electronics,Laptop Backpack,1,30149.77,Card,B2C
AMZ-1004217,2023-06-29,Delivered,Amazon,Amazon.in,GUJARAT,Footwear,Formal Leather Shoes,1,4632.34,Net Banking,B2C
AMZ-1004218,2023-03-18,Returned,Amazon,Amazon.in,MAHARASHTRA,Books,The Alchemist,1,1183.67,Wallet,B2C
AMZ-1004219,2023-05-01,Delivered,Amazon,Amazon.in,WEST BENGAL,Electronics,Wireless Earbuds Pro,1,12914.12,Card,B2C
AMZ-1004220,2023-04-14,Shipped,Merchant,Amazon.in,DELHI,Books,Rich Dad Poor Dad,1,917.4,Card,B2C
AMZ-1004221,2023-05-19,Pending,Merchant,Amazon.in,DELHI,Electronics,Power Bank 20000mAh,1,18407.43,UPI,B2C
AMZ-1004222,2023-03-04,Delivered,Amazon,Amazon.in,MAHARASHTRA,Footwear,Running Shoes,1,4752.72,Wallet,B2C
AMZ-1004223,2023-06-16,Delivered,Amazon,Amazon.in,TAMIL NADU,Apparel,Leather Belt,2,4139.75,UPI,B2C
AMZ-1004224,2023-03-05,Delivered,Amazon,Amazon.in,GUJARAT,Home & Kitchen,Bedsheet Double,1,5659.85,Net Banking,B2C
AMZ-1004225,2023-04-28,Cancelled,Amazon,Amazon.in,DELHI,Beauty,Shampoo Anti-Dandruff,1,1024.88,UPI,B2C
AMZ-1004226,2023-04-01,Delivered,Merchant,Amazon.in,MAHARASHTRA,Apparel,Formal Shirt,1,1307.8,Net Banking,B2B
AMZ-1004227,2023-04-10,Delivered,Amazon,Amazon.in,TELANGANA,Sports & Fitness,Cricket Bat,1,2374.59,UPI,B2C
AMZ-1004228,2023-03-11,Delivered,Amazon,Amazon.in,MAHARASHTRA,Beauty,Vitamin C Face Serum,1,1050.46,UPI,B2C
AMZ-1004229,2023-03-16,Delivered,Amazon,Amazon.in,UTTAR PRADESH,Books,Rich Dad Poor Dad,1,584.88,Net Banking,B2C
AMZ-1004230,2023-04-14,Delivered,Merchant,Amazon.in,KARNATAKA,Home & Kitchen,Non-Stick Cookware Set,1,11072.5,Wallet,B2C
AMZ-1004231,2023-03-07,Delivered,Amazon,Amazon.in,TELANGANA,Sports & Fitness,Yoga Mat 6mm,1,5974.58,UPI,B2C
AMZ-1004232,2023-03-11,Shipped,Amazon,Amazon.in,MAHARASHTRA,Beauty,Perfume EDT 100ml,3,7141.16,Card,B2C
AMZ-1004233,2023-04-09,Delivered,Amazon,Amazon.in,MAHARASHTRA,Beauty,Vitamin C Face Serum,1,1733.87,UPI,B2C
AMZ-1004234,2023-04-15,Shipped,Amazon,Amazon.in,TAMIL NADU,Electronics,Power Bank 20000mAh,2,17280.27,Card,B2C
AMZ-1004235,2023-06-02,Delivered,Amazon,Amazon.in,KARNATAKA,Apparel,Polo T-Shirt,2,4740.04,UPI,B2C
AMZ-1004236,2023-03-01,Delivered,Amazon,Amazon.in,KARNATAKA,Electronics,HDMI Cable 2m,2,50426.17,UPI,B2C
AMZ-1004237,2023-04-28,Cancelled,Amazon,Amazon.in,TELANGANA,Apparel,Cotton T-Shirt Slim Fit,2,1617.51,COD,B2C
AMZ-1004238,2023-06-25,Delivered,Amazon,Amazon.in,UTTAR PRADESH,Home & Kitchen,Curtain Set 7ft,1,8207.09,COD,B2C
AMZ-1004239,2023-06-05,Delivered,Amazon,Amazon.in,MAHARASHTRA,Beauty,Face Wash Neem,1,533.42,UPI,B2C
AMZ-1004240,2023-06-28,Delivered,Amazon,Amazon.in,TELANGANA,Sports & Fitness,Foam Roller,2,1874.53,Card,B2C
AMZ-1004241,2023-05-21,Returned,Merchant,Amazon.in,KARNATAKA,Books,Think and Grow Rich,1,1111.59,Wallet,B2C
AMZ-1004242,2023-03-22,Delivered,Merchant,Amazon.in,HARYANA,Electronics,USB-C Fast Charger,1,30459.04,COD,B2C
AMZ-1004243,2023-03-19,Delivered,Amazon,Amazon.in,BIHAR,Home & Kitchen,Non-Stick Cookware Set,1,9945.66,Net Banking,B2C
AMZ-1004244,2023-05-16,Delivered,Amazon,Amazon.in,KERALA,Footwear,Canvas Shoes,1,1814.17,Card,B2C
AMZ-1004245,2023-03-09,Delivered,Amazon,Amazon.in,TAMIL NADU,Apparel,Cotton T-Shirt Slim Fit,1,2009.92,UPI,B2C
AMZ-1004246,2023-05-23,Delivered,Amazon,Amazon.in,TELANGANA,Electronics,Bluetooth Speaker,1,24101.28,Card,B2C
AMZ-1004247,2023-05-25,Returned,Amazon,Amazon.in,WEST BENGAL,Books,Ikigai,2,1490.61,UPI,B2C
AMZ-1004248,2023-04-06,Delivered,Amazon,Amazon.in,GUJARAT,Apparel,Sports Shorts,1,1851.66,Card,B2C
AMZ-1004249,2023-03-07,Delivered,Amazon,Amazon.in,MAHARASHTRA,Beauty,Hair Dryer 1600W,1,601.41,COD,B2C
AMZ-1004250,2023-05-04,Delivered,Amazon,Amazon.in,HARYANA,Apparel,Formal Shirt,1,1282.26,Card,B2C
AMZ-1004251,2023-05-07,Shipped,Amazon,Amazon.in,KARNATAKA,Apparel,Formal Shirt,2,3944.32,UPI,B2C
AMZ-1004252,2023-05-14,Cancelled,Amazon,Amazon.in,RAJASTHAN,Footwear,Casual Sneakers,1,2673.06,Net Banking,B2B
AMZ-1004253,2023-06-16,Delivered,Amazon,Amazon.in,UTTAR PRADESH,Electronics,Wireless Earbuds Pro,1,44812.73,UPI,B2C
AMZ-1004254,2023-06-19,Delivered,Amazon,Amazon.in,TELANGANA,Apparel,Leather Belt,1,3372.44,UPI,B2B
AMZ-1004255,2023-05-04,Delivered,Amazon,Amazon.in,TAMIL NADU,Apparel,Formal Shirt,2,5198.44,UPI,B2C
AMZ-1004256,2023-05-08,Delivered,Merchant,Amazon.in,KARNATAKA,Apparel,Leather Belt,1,3013.41,Card,B2C
AMZ-1004257,2023-03-12,Delivered,Merchant,Amazon.in,MAHARASHTRA,Footwear,Casual Sneakers,1,1651.37,Card,B2C
AMZ-1004258,2023-03-20,Delivered,Amazon,Amazon.in,HARYANA,Apparel,Formal Shirt,1,1118.22,Card,B2C
AMZ-1004259,2023-03-10,Delivered,Amazon,Amazon.in,TAMIL NADU,Apparel,Kurta Set,1,2223.59,Card,B2C
AMZ-1004260,2023-06-28,Delivered,Amazon,Amazon.in,WEST BENGAL,Apparel,Winter Sweatshirt,1,3134.96,Card,B2C
AMZ-1004261,2023-05-27,Delivered,Merchant,Amazon.in,MAHARASHTRA,Footwear,Sports Sandals,1,795.69,Wallet,B2C
AMZ-1004262,2023-06-29,Delivered,Amazon,Amazon.in,TAMIL NADU,Sports & Fitness,Dumbbell Set 10kg,2,10679.47,Card,B2C
AMZ-1004263,2023-05-27,Delivered,Amazon,Amazon.in,MAHARASHTRA,Electronics,HDMI Cable 2m,1,42241.62,Net Banking,B2C
AMZ-1004264,2023-04-18,Returned,Merchant,Amazon.in,KERALA,Electronics,Laptop Backpack,1,25190.87,Wallet,B2C
AMZ-1004265,2023-05-23,Delivered,Amazon,Amazon.in,TELANGANA,Beauty,Hair Dryer 1600W,1,1242.87,UPI,B2C
AMZ-1004266,2023-04-10,Delivered,Amazon,Amazon.in,DELHI,Home & Kitchen,Non-Stick Cookware Set,1,7988.22,UPI,B2C
AMZ-1004267,2023-03-07,Delivered,Merchant,Amazon.in,MAHARASHTRA,Beauty,Lipstick Matte Set,2,482.59,Card,B2C
AMZ-1004268,2023-05-14,Delivered,Amazon,Amazon.in,DELHI,Electronics,Laptop Backpack,1,42232.08,Net Banking,B2C
AMZ-1004269,2023-03-15,Delivered,Amazon,Amazon.in,KARNATAKA,Home & Kitchen,Curtain Set 7ft,1,9914.37,Wallet,B2C
AMZ-1004270,2023-05-12,Delivered,Amazon,Amazon.in,HARYANA,Books,Think and Grow Rich,1,384.52,Net Banking,B2C
AMZ-1004271,2023-05-05,Delivered,Merchant,Amazon.in,MADHYA PRADESH,Home & Kitchen,Mixer Grinder 750W,1,945.27,UPI,B2C
AMZ-1004272,2023-06-01,Cancelled,Amazon,Amazon.in,RAJASTHAN,Sports & Fitness,Cricket Bat,1,3027.97,COD,B2C
AMZ-1004273,2023-06-23,Cancelled,Amazon,Amazon.in,MADHYA PRADESH,Apparel,Kurta Set,2,4049.96,COD,B2C
AMZ-1004274,2023-04-22,Delivered,Merchant,Amazon.in,TELANGANA,Sports & Fitness,Football Size 5,1,6277.33,COD,B2C
AMZ-1004275,2023-06-18,Delivered,Amazon,Amazon.in,TELANGANA,Books,Rich Dad Poor Dad,1,736.93,Wallet,B2C
AMZ-1004276,2023-06-11,Delivered,Amazon,Amazon.in,DELHI,Home & Kitchen,Vacuum Flask,1,2918.83,UPI,B2C
AMZ-1004277,2023-03-14,Delivered,Amazon,Amazon.in,PUNJAB,Electronics,HDMI Cable 2m,1,42374.68,COD,B2C
AMZ-1004278,2023-05-05,Delivered,Amazon,Amazon.in,WEST BENGAL,Electronics,Smart Watch Series 5,1,14989.18,Card,B2C
AMZ-1004279,2023-05-06,Cancelled,Amazon,Amazon.in,MAHARASHTRA,Apparel,Denim Jacket,1,2078.86,COD,B2C
AMZ-1004280,2023-05-01,Delivered,Amazon,Amazon.in,TAMIL NADU,Electronics,Smart TV 43" 4K,2,44785.65,Card,B2C
AMZ-1004281,2023-03-25,Delivered,Amazon,Amazon.in,TAMIL NADU,Beauty,Beard Oil,1,1184.74,Wallet,B2C
AMZ-1004282,2023-03-31,Delivered,Amazon,Amazon.in,DELHI,Electronics,Smart Watch Series 5,2,25538.76,Card,B2C
AMZ-1004283,2023-05-06,Delivered,Merchant,Amazon.in,TELANGANA,Electronics,Laptop Backpack,2,69250.78,UPI,B2C
AMZ-1004284,2023-03-14,Delivered,Amazon,Amazon.in,MAHARASHTRA,Books,The Alchemist,1,751.44,UPI,B2C
AMZ-1004285,2023-03-02,Delivered,Amazon,Amazon.in,GUJARAT,Apparel,Winter Sweatshirt,2,6365.94,COD,B2C
AMZ-1004286,2023-06-19,Cancelled,Amazon,Amazon.in,DELHI,Electronics,Smart TV 43" 4K,1,23209.41,COD,B2C
AMZ-1004287,2023-03-21,Delivered,Amazon,Amazon.in,MAHARASHTRA,Books,Think and Grow Rich,1,484.12,UPI,B2C
AMZ-1004288,2023-04-19,Delivered,Amazon,Amazon.in,RAJASTHAN,Apparel,Sports Shorts,2,1149.36,UPI,B2C
AMZ-1004289,2023-06-06,Pending,Merchant,Amazon.in,RAJASTHAN,Footwear,Canvas Shoes,1,3797.59,Card,B2C
AMZ-1004290,2023-03-14,Delivered,Amazon,Amazon.in,UTTAR PRADESH,Home & Kitchen,Non-Stick Cookware Set,3,13857.06,COD,B2C
AMZ-1004291,2023-06-25,Shipped,Amazon,Amazon.in,TELANGANA,Sports & Fitness,Dumbbell Set 10kg,2,5411.64,Card,B2C
AMZ-1004292,2023-04-13,Cancelled,Merchant,Amazon.in,KARNATAKA,Electronics,Smart Watch Series 5,1,10529.49,COD,B2C
AMZ-1004293,2023-06-29,Delivered,Amazon,Amazon.in,HARYANA,Electronics,Laptop Backpack,2,38535.85,COD,B2C
AMZ-1004294,2023-03-27,Shipped,Merchant,Amazon.in,PUNJAB,Electronics,USB-C Fast Charger,1,29176.12,Card,B2C
AMZ-1004295,2023-04-11,Shipped,Merchant,Amazon.in,KARNATAKA,Footwear,Flip Flops,1,2430.37,Net Banking,B2C
AMZ-1004296,2023-04-04,Delivered,Merchant,Amazon.in,KERALA,Home & Kitchen,Storage Container Set,1,9711.66,Wallet,B2C
AMZ-1004297,2023-04-22,Delivered,Amazon,Amazon.in,GUJARAT,Books,Think and Grow Rich,1,211.84,Net Banking,B2C
AMZ-1004298,2023-04-11,Delivered,Merchant,Amazon.in,TAMIL NADU,Sports & Fitness,Dumbbell Set 10kg,2,1230.27,Wallet,B2C
AMZ-1004299,2023-05-12,Delivered,Amazon,Amazon.in,GUJARAT,Electronics,Smart Watch Series 5,2,15265.54,Card,B2C
AMZ-1004300,2023-06-21,Delivered,Amazon,Amazon.in,TELANGANA,Apparel,Winter Sweatshirt,2,3622.41,Net Banking,B2B
AMZ-1004301,2023-05-14,Delivered,Merchant,Amazon.in,WEST BENGAL,Footwear,Sports Sandals,1,1335.46,UPI,B2C
AMZ-1004302,2023-05-16,Delivered,Amazon,Amazon.in,RAJASTHAN,Electronics,Laptop Backpack,1,20474.71,Card,B2C
AMZ-1004303,2023-05-25,Delivered,Amazon,Amazon.in,MADHYA PRADESH,Electronics,Wireless Earbuds Pro,1,35306.42,UPI,B2C
AMZ-1004304,2023-05-07,Delivered,Amazon,Amazon.in,TAMIL NADU,Electronics,HDMI Cable 2m,1,32546.56,Card,B2C
AMZ-1004305,2023-05-15,Pending,Merchant,Amazon.in,TAMIL NADU,Apparel,Sports Shorts,3,5421.48,Card,B2C
AMZ-1004306,2023-06-19,Delivered,Amazon,Amazon.in,WEST BENGAL,Beauty,Vitamin C Face Serum,1,2423.31,UPI,B2C
AMZ-1004307,2023-03-26,Delivered,Amazon,Amazon.in,WEST BENGAL,Home & Kitchen,Steel Water Bottle 1L,3,12252.69,Card,B2C
AMZ-1004308,2023-06-18,Delivered,Amazon,Amazon.in,BIHAR,Footwear,Sports Sandals,1,5972.07,Wallet,B2C
AMZ-1004309,2023-03-19,Pending,Amazon,Amazon.in,PUNJAB,Apparel,Denim Jacket,2,1564.33,COD,B2B
AMZ-1004310,2023-06-21,Cancelled,Amazon,Amazon.in,WEST BENGAL,Apparel,Cotton T-Shirt Slim Fit,1,492.55,COD,B2C
AMZ-1004311,2023-06-07,Delivered,Amazon,Amazon.in,PUNJAB,Home & Kitchen,Bedsheet Double,1,11878.4,COD,B2C
AMZ-1004312,2023-05-19,Delivered,Amazon,Amazon.in,KARNATAKA,Apparel,Kurta Set,1,2806.73,Card,B2C
AMZ-1004313,2023-06-07,Delivered,Merchant,Amazon.in,MAHARASHTRA,Apparel,Sports Shorts,2,1638.17,UPI,B2C
AMZ-1004314,2023-05-22,Delivered,Amazon,Amazon.in,KARNATAKA,Apparel,Formal Shirt,1,1232.13,Wallet,B2C
AMZ-1004315,2023-05-21,Delivered,Amazon,Amazon.in,MAHARASHTRA,Apparel,Formal Shirt,2,3445.06,COD,B2C
AMZ-1004316,2023-06-22,Cancelled,Merchant,Amazon.in,WEST BENGAL,Home & Kitchen,Non-Stick Cookware Set,1,5003.06,COD,B2C
AMZ-1004317,2023-04-17,Delivered,Amazon,Amazon.in,KARNATAKA,Footwear,Loafers,1,4049.71,UPI,B2C
AMZ-1004318,2023-05-15,Returned,Merchant,Amazon.in,MADHYA PRADESH,Footwear,Sports Sandals,1,3195.18,UPI,B2C
AMZ-1004319,2023-05-14,Shipped,Merchant,Amazon.in,GUJARAT,Electronics,USB-C Fast Charger,1,34089.55,COD,B2C
AMZ-1004320,2023-05-23,Cancelled,Amazon,Amazon.in,MAHARASHTRA,Apparel,Kurta Set,1,1354.25,COD,B2C
AMZ-1004321,2023-05-04,Delivered,Merchant,Amazon.in,KARNATAKA,Footwear,Loafers,1,1997.05,COD,B2C
AMZ-1004322,2023-06-29,Shipped,Amazon,Amazon.in,TAMIL NADU,Apparel,Denim Jacket,2,1865.96,UPI,B2C
AMZ-1004323,2023-05-02,Delivered,Merchant,Amazon.in,GUJARAT,Electronics,Smart Watch Series 5,2,43464.41,UPI,B2B
AMZ-1004324,2023-06-15,Delivered,Merchant,Amazon.in,TAMIL NADU,Books,Atomic Habits,3,1546.56,COD,B2C
AMZ-1004325,2023-05-21,Delivered,Merchant,Amazon.in,TELANGANA,Footwear,Flip Flops,1,1631.59,UPI,B2C
AMZ-1004326,2023-05-01,Shipped,Amazon,Amazon.in,TAMIL NADU,Beauty,Lipstick Matte Set,2,3236.03,Card,B2C
AMZ-1004327,2023-04-10,Pending,Amazon,Amazon.in,UTTAR PRADESH,Apparel,Leather Belt,1,2097.28,Card,B2C
AMZ-1004328,2023-03-20,Shipped,Amazon,Amazon.in,KARNATAKA,Apparel,Kurta Set,2,2591.01,COD,B2C
AMZ-1004329,2023-03-27,Delivered,Amazon,Amazon.in,DELHI,Sports & Fitness,Badminton Racket,1,6393.33,COD,B2C
AMZ-1004330,2023-06-02,Delivered,Amazon,Amazon.in,MADHYA PRADESH,Books,Think and Grow Rich,1,776.65,Wallet,B2C
AMZ-1004331,2023-04-30,Delivered,Amazon,Amazon.in,GUJARAT,Footwear,Flip Flops,1,754.32,UPI,B2C
AMZ-1004332,2023-06-20,Delivered,Merchant,Amazon.in,KARNATAKA,Footwear,Canvas Shoes,3,9365.77,Card,B2C
AMZ-1004333,2023-05-10,Delivered,Merchant,Amazon.in,KARNATAKA,Beauty,Shampoo Anti-Dandruff,1,1985.71,UPI,B2C
AMZ-1004334,2023-05-29,Delivered,Amazon,Amazon.in,MAHARASHTRA,Home & Kitchen,Bedsheet Double,1,5819.99,UPI,B2C
AMZ-1004335,2023-06-24,Delivered,Amazon,Amazon.in,TAMIL NADU,Footwear,Formal Leather Shoes,1,2349.95,Card,B2C
AMZ-1004336,2023-05-02,Returned,Merchant,Amazon.in,MAHARASHTRA,Home & Kitchen,Curtain Set 7ft,1,2851.82,COD,B2C
AMZ-1004337,2023-04-27,Delivered,Amazon,Amazon.in,MAHARASHTRA,Footwear,Trail Hiking Boots,1,4458.58,UPI,B2C
AMZ-1004338,2023-03-16,Delivered,Amazon,Amazon.in,MAHARASHTRA,Electronics,HDMI Cable 2m,1,35528,Wallet,B2C
AMZ-1004339,2023-04-18,Returned,Amazon,Amazon.in,KARNATAKA,Electronics,Power Bank 20000mAh,1,10355.61,UPI,B2C
AMZ-1004340,2023-04-30,Delivered,Amazon,Amazon.in,DELHI,Home & Kitchen,Non-Stick Cookware Set,2,1271.69,UPI,B2C
AMZ-1004341,2023-04-03,Delivered,Amazon,Amazon.in,MAHARASHTRA,Footwear,Running Shoes,1,3745.77,Wallet,B2C
AMZ-1004342,2023-04-23,Returned,Amazon,Amazon.in,RAJASTHAN,Home & Kitchen,Storage Container Set,2,3223.68,Card,B2C
AMZ-1004343,2023-04-01,Delivered,Merchant,Amazon.in,KERALA,Home & Kitchen,Mixer Grinder 750W,1,10024.47,Card,B2C
AMZ-1004344,2023-05-29,Delivered,Merchant,Amazon.in,PUNJAB,Electronics,Power Bank 20000mAh,2,43616.88,UPI,B2C
AMZ-1004345,2023-06-03,Delivered,Amazon,Amazon.in,DELHI,Apparel,Leather Belt,1,2158.4,UPI,B2C
AMZ-1004346,2023-04-15,Delivered,Amazon,Amazon.in,DELHI,Books,Think and Grow Rich,3,3523.92,Net Banking,B2C
AMZ-1004347,2023-03-15,Delivered,Merchant,Amazon.in,MAHARASHTRA,Electronics,Wireless Earbuds Pro,1,6520.62,Card,B2C
AMZ-1004348,2023-05-01,Delivered,Merchant,Amazon.in,PUNJAB,Apparel,Winter Sweatshirt,1,589.66,Net Banking,B2C
AMZ-1004349,2023-05-26,Cancelled,Amazon,Amazon.in,RAJASTHAN,Electronics,Smart Watch Series 5,2,66294.22,COD,B2C
AMZ-1004350,2023-04-27,Delivered,Merchant,Amazon.in,DELHI,Electronics,Power Bank 20000mAh,1,23764.12,COD,B2B
AMZ-1004351,2023-05-24,Delivered,Amazon,Amazon.in,GUJARAT,Apparel,Denim Jacket,1,567.76,UPI,B2C
AMZ-1004352,2023-04-20,Delivered,Amazon,Amazon.in,TAMIL NADU,Apparel,Formal Shirt,1,847.18,Card,B2C
AMZ-1004353,2023-06-18,Shipped,Amazon,Amazon.in,TAMIL NADU,Footwear,Loafers,1,4329.28,UPI,B2C
AMZ-1004354,2023-05-22,Delivered,Merchant,Amazon.in,PUNJAB,Beauty,Beard Oil,2,1956.5,UPI,B2C
AMZ-1004355,2023-05-31,Cancelled,Merchant,Amazon.in,GUJARAT,Electronics,USB-C Fast Charger,1,24208.6,COD,B2C
AMZ-1004356,2023-04-10,Delivered,Merchant,Amazon.in,DELHI,Electronics,Laptop Backpack,1,25640.9,COD,B2C
AMZ-1004357,2023-06-26,Delivered,Merchant,Amazon.in,TAMIL NADU,Electronics,Power Bank 20000mAh,2,8687.27,UPI,B2C
AMZ-1004358,2023-04-30,Delivered,Amazon,Amazon.in,TAMIL NADU,Electronics,Smart Watch Series 5,1,44213.88,UPI,B2C
AMZ-1004359,2023-06-27,Shipped,Amazon,Amazon.in,DELHI,Apparel,Sports Shorts,1,1796.24,UPI,B2C
AMZ-1004360,2023-05-12,Pending,Amazon,Amazon.in,TELANGANA,Electronics,Bluetooth Speaker,2,27048.86,Card,B2C
AMZ-1004361,2023-05-13,Delivered,Merchant,Amazon.in,KARNATAKA,Home & Kitchen,Vacuum Flask,1,8452.45,COD,B2C
AMZ-1004362,2023-05-01,Shipped,Amazon,Amazon.in,DELHI,Beauty,Hair Dryer 1600W,1,237.68,Card,B2C
AMZ-1004363,2023-06-07,Delivered,Amazon,Amazon.in,MAHARASHTRA,Books,Ikigai,1,935.86,UPI,B2C
AMZ-1004364,2023-05-05,Delivered,Merchant,Amazon.in,KERALA,Beauty,Sunscreen SPF 50,3,669.41,Net Banking,B2C
AMZ-1004365,2023-05-11,Delivered,Merchant,Amazon.in,WEST BENGAL,Home & Kitchen,Curtain Set 7ft,1,4231.47,UPI,B2C
AMZ-1004366,2023-03-05,Delivered,Amazon,Amazon.in,MAHARASHTRA,Beauty,Lipstick Matte Set,2,2473.14,Card,B2C
AMZ-1004367,2023-05-31,Delivered,Amazon,Amazon.in,KARNATAKA,Beauty,Sunscreen SPF 50,2,3006.06,Net Banking,B2C
AMZ-1004368,2023-06-16,Shipped,Merchant,Amazon.in,MAHARASHTRA,Beauty,Lipstick Matte Set,2,4079.45,UPI,B2C
AMZ-1004369,2023-04-14,Pending,Amazon,Amazon.in,KARNATAKA,Apparel,Formal Shirt,1,583.46,Wallet,B2C
AMZ-1004370,2023-06-25,Delivered,Amazon,Amazon.in,DELHI,Sports & Fitness,Cricket Bat,1,1363.32,COD,B2C
AMZ-1004371,2023-03-06,Delivered,Amazon,Amazon.in,TAMIL NADU,Beauty,Beard Oil,1,1763.84,UPI,B2C
AMZ-1004372,2023-05-24,Delivered,Amazon,Amazon.in,MAHARASHTRA,Electronics,Smart TV 43" 4K,2,14523.04,Wallet,B2C
AMZ-1004373,2023-05-20,Delivered,Merchant,Amazon.in,GUJARAT,Apparel,Winter Sweatshirt,1,2087.19,UPI,B2B
AMZ-1004374,2023-06-28,Delivered,Merchant,Amazon.in,MAHARASHTRA,Electronics,Smart TV 43" 4K,2,79458.49,Card,B2C
AMZ-1004375,2023-05-27,Delivered,Amazon,Amazon.in,GUJARAT,Electronics,Laptop Backpack,2,26111.7,UPI,B2C
AMZ-1004376,2023-06-21,Delivered,Amazon,Amazon.in,TELANGANA,Sports & Fitness,Football Size 5,1,4895.42,Card,B2C
AMZ-1004377,2023-06-29,Delivered,Amazon,Amazon.in,WEST BENGAL,Beauty,Lipstick Matte Set,1,1590.4,UPI,B2C
AMZ-1004378,2023-06-02,Cancelled,Amazon,Amazon.in,HARYANA,Sports & Fitness,Football Size 5,1,4044.08,COD,B2C
AMZ-1004379,2023-03-06,Delivered,Amazon,Amazon.in,MAHARASHTRA,Home & Kitchen,Steel Water Bottle 1L,2,22752.69,UPI,B2C
AMZ-1004380,2023-05-20,Delivered,Amazon,Amazon.in,KARNATAKA,Electronics,Smart Watch Series 5,1,40816.06,UPI,B2B
AMZ-1004381,2023-05-09,Returned,Amazon,Amazon.in,RAJASTHAN,Footwear,Running Shoes,1,902.84,Wallet,B2C
AMZ-1004382,2023-05-02,Delivered,Merchant,Amazon.in,DELHI,Sports & Fitness,Resistance Bands,1,2754.24,Wallet,B2C
AMZ-1004383,2023-04-01,Delivered,Amazon,Amazon.in,MAHARASHTRA,Beauty,Perfume EDT 100ml,1,956.54,UPI,B2C
AMZ-1004384,2023-06-23,Delivered,Amazon,Amazon.in,TAMIL NADU,Electronics,Smart TV 43" 4K,1,38581.02,Card,B2C
AMZ-1004385,2023-04-12,Cancelled,Merchant,Amazon.in,MAHARASHTRA,Home & Kitchen,Storage Container Set,2,8349.74,COD,B2C
AMZ-1004386,2023-05-29,Delivered,Amazon,Amazon.in,PUNJAB,Apparel,Polo T-Shirt,1,2829.12,COD,B2C
AMZ-1004387,2023-05-19,Delivered,Amazon,Amazon.in,RAJASTHAN,Apparel,Sports Shorts,1,1856.29,COD,B2C
AMZ-1004388,2023-05-16,Delivered,Amazon,Amazon.in,KARNATAKA,Home & Kitchen,Steel Water Bottle 1L,3,33578.77,UPI,B2C
AMZ-1004389,2023-05-11,Delivered,Amazon,Amazon.in,MAHARASHTRA,Electronics,Laptop Backpack,1,43639,Card,B2C
AMZ-1004390,2023-04-26,Delivered,Amazon,Amazon.in,TAMIL NADU,Apparel,Cotton T-Shirt Slim Fit,2,884.16,COD,B2C
AMZ-1004391,2023-05-22,Delivered,Amazon,Amazon.in,DELHI,Electronics,Smart Watch Series 5,1,2242.03,Wallet,B2C
AMZ-1004392,2023-06-23,Delivered,Merchant,Amazon.in,KARNATAKA,Sports & Fitness,Cricket Bat,1,1227.28,Card,B2C
AMZ-1004393,2023-03-08,Delivered,Merchant,Amazon.in,DELHI,Electronics,Power Bank 20000mAh,2,27163.59,COD,B2C
AMZ-1004394,2023-05-20,Delivered,Amazon,Amazon.in,KARNATAKA,Electronics,Smart TV 43" 4K,1,19552.1,Card,B2C
AMZ-1004395,2023-05-22,Cancelled,Amazon,Amazon.in,KARNATAKA,Footwear,Loafers,2,2900.49,COD,B2C
AMZ-1004396,2023-03-29,Delivered,Amazon,Amazon.in,GUJARAT,Apparel,Denim Jacket,2,6390.04,Card,B2C
AMZ-1004397,2023-03-11,Cancelled,Merchant,Amazon.in,TAMIL NADU,Apparel,Leather Belt,1,2317.86,COD,B2C
AMZ-1004398,2023-05-22,Delivered,Amazon,Amazon.in,HARYANA,Home & Kitchen,Bedsheet Double,1,10297.41,UPI,B2C
AMZ-1004399,2023-03-24,Shipped,Amazon,Amazon.in,MAHARASHTRA,Electronics,Power Bank 20000mAh,1,36720.76,Card,B2C
AMZ-1004400,2023-05-26,Delivered,Amazon,Amazon.in,UTTAR PRADESH,Home & Kitchen,Non-Stick Cookware Set,1,843.63,UPI,B2C
AMZ-1004401,2023-06-05,Cancelled,Merchant,Amazon.in,DELHI,Sports & Fitness,Skipping Rope,2,6988.22,COD,B2C
AMZ-1004402,2023-03-10,Delivered,Merchant,Amazon.in,UTTAR PRADESH,Apparel,Formal Shirt,1,777.94,Net Banking,B2C
AMZ-1004403,2023-03-22,Delivered,Amazon,Amazon.in,MAHARASHTRA,Electronics,Bluetooth Speaker,1,22301.26,UPI,B2C
AMZ-1004404,2023-04-20,Cancelled,Amazon,Amazon.in,KERALA,Sports & Fitness,Cricket Bat,2,6855.74,COD,B2C
AMZ-1004405,2023-06-04,Delivered,Amazon,Amazon.in,TAMIL NADU,Electronics,HDMI Cable 2m,1,44023.29,Net Banking,B2C
AMZ-1004406,2023-05-11,Delivered,Amazon,Amazon.in,MAHARASHTRA,Sports & Fitness,Foam Roller,1,6284.52,UPI,B2C
AMZ-1004407,2023-06-18,Cancelled,Merchant,Amazon.in,UTTAR PRADESH,Electronics,Smart TV 43" 4K,1,25612.96,COD,B2C
AMZ-1004408,2023-05-05,Returned,Merchant,Amazon.in,GUJARAT,Apparel,Formal Shirt,2,3066.04,UPI,B2C
AMZ-1004409,2023-06-15,Delivered,Amazon,Amazon.in,TAMIL NADU,Beauty,Lipstick Matte Set,1,482.36,UPI,B2C
AMZ-1004410,2023-06-06,Delivered,Merchant,Amazon.in,WEST BENGAL,Beauty,Hair Dryer 1600W,2,1413.39,Card,B2C
AMZ-1004411,2023-06-25,Delivered,Merchant,Amazon.in,TELANGANA,Apparel,Denim Jacket,1,645.74,Net Banking,B2C
AMZ-1004412,2023-03-07,Cancelled,Amazon,Amazon.in,HARYANA,Electronics,Power Bank 20000mAh,1,9516.95,COD,B2C
AMZ-1004413,2023-05-08,Cancelled,Amazon,Amazon.in,TELANGANA,Beauty,Shampoo Anti-Dandruff,1,940.74,UPI,B2C
AMZ-1004414,2023-05-08,Delivered,Amazon,Amazon.in,DELHI,Books,Sapiens,1,313.83,COD,B2C
AMZ-1004415,2023-05-28,Shipped,Amazon,Amazon.in,WEST BENGAL,Books,The Alchemist,1,162.6,Card,B2C
AMZ-1004416,2023-06-25,Delivered,Amazon,Amazon.in,TELANGANA,Apparel,Formal Shirt,1,1516.53,UPI,B2C
AMZ-1004417,2023-03-13,Delivered,Merchant,Amazon.in,TELANGANA,Electronics,USB-C Fast Charger,1,9189.2,UPI,B2C
AMZ-1004418,2023-04-22,Delivered,Amazon,Amazon.in,DELHI,Apparel,Sports Shorts,1,1876.39,Wallet,B2C
AMZ-1004419,2023-03-22,Delivered,Merchant,Amazon.in,DELHI,Books,Think and Grow Rich,2,1246.64,Card,B2B
AMZ-1004420,2023-06-22,Shipped,Amazon,Amazon.in,DELHI,Apparel,Denim Jacket,1,3160.84,UPI,B2C
AMZ-1004421,2023-03-06,Delivered,Merchant,Amazon.in,DELHI,Apparel,Leather Belt,1,473.16,Wallet,B2C
AMZ-1004422,2023-04-20,Delivered,Merchant,Amazon.in,MAHARASHTRA,Electronics,USB-C Fast Charger,1,43700.09,COD,B2C
AMZ-1004423,2023-04-06,Delivered,Merchant,Amazon.in,HARYANA,Sports & Fitness,Resistance Bands,2,13791.13,UPI,B2C
AMZ-1004424,2023-04-15,Delivered,Merchant,Amazon.in,UTTAR PRADESH,Home & Kitchen,Steel Water Bottle 1L,1,1067.24,COD,B2C
AMZ-1004425,2023-05-08,Delivered,Amazon,Amazon.in,WEST BENGAL,Electronics,Smart TV 43" 4K,1,44321.85,UPI,B2C
AMZ-1004426,2023-05-25,Shipped,Merchant,Amazon.in,KARNATAKA,Electronics,Smart Watch Series 5,1,12191.26,UPI,B2C
AMZ-1004427,2023-05-16,Delivered,Amazon,Amazon.in,DELHI,Beauty,Beard Oil,3,3810.18,UPI,B2C
AMZ-1004428,2023-06-12,Delivered,Amazon,Amazon.in,KARNATAKA,Electronics,Smart Watch Series 5,1,41988.35,Wallet,B2C
AMZ-1004429,2023-05-31,Delivered,Amazon,Amazon.in,TELANGANA,Apparel,Leather Belt,1,584.46,Wallet,B2C
AMZ-1004430,2023-06-09,Delivered,Merchant,Amazon.in,WEST BENGAL,Apparel,Leather Belt,2,6379.87,UPI,B2C
AMZ-1004431,2023-03-21,Delivered,Amazon,Amazon.in,TAMIL NADU,Electronics,Laptop Backpack,1,43284.67,Card,B2C
AMZ-1004432,2023-03-02,Delivered,Amazon,Amazon.in,KARNATAKA,Apparel,Winter Sweatshirt,1,2615.42,UPI,B2C
AMZ-1004433,2023-05-14,Delivered,Amazon,Amazon.in,RAJASTHAN,Apparel,Denim Jacket,1,1432.41,COD,B2C
AMZ-1004434,2023-06-17,Delivered,Merchant,Amazon.in,MAHARASHTRA,Electronics,Bluetooth Speaker,2,52539.44,COD,B2C
AMZ-1004435,2023-04-05,Cancelled,Amazon,Amazon.in,BIHAR,Home & Kitchen,LED Table Lamp,1,11165.88,COD,B2C
AMZ-1004436,2023-04-11,Delivered,Merchant,Amazon.in,GUJARAT,Books,Rich Dad Poor Dad,1,935.13,COD,B2C
AMZ-1004437,2023-04-06,Delivered,Merchant,Amazon.in,KARNATAKA,Home & Kitchen,Storage Container Set,1,4591.84,COD,B2C
AMZ-1004438,2023-05-10,Delivered,Amazon,Amazon.in,MAHARASHTRA,Beauty,Face Wash Neem,3,1343.52,COD,B2C
AMZ-1004439,2023-05-25,Delivered,Merchant,Amazon.in,MAHARASHTRA,Beauty,Vitamin C Face Serum,1,1312.78,Card,B2C
AMZ-1004440,2023-06-01,Delivered,Amazon,Amazon.in,TAMIL NADU,Beauty,Beard Oil,1,344.09,UPI,B2C
AMZ-1004441,2023-06-01,Delivered,Amazon,Amazon.in,BIHAR,Apparel,Denim Jacket,3,6635.92,Card,B2C
AMZ-1004442,2023-05-03,Delivered,Merchant,Amazon.in,HARYANA,Apparel,Polo T-Shirt,1,3235.43,UPI,B2C
AMZ-1004443,2023-05-07,Delivered,Amazon,Amazon.in,MADHYA PRADESH,Apparel,Leather Belt,1,1227.22,Card,B2C
AMZ-1004444,2023-05-19,Delivered,Merchant,Amazon.in,TELANGANA,Footwear,Formal Leather Shoes,1,3974.27,Net Banking,B2C
AMZ-1004445,2023-03-13,Delivered,Amazon,Amazon.in,UTTAR PRADESH,Electronics,Power Bank 20000mAh,1,16652.06,Wallet,B2C
AMZ-1004446,2023-04-19,Cancelled,Merchant,Amazon.in,DELHI,Home & Kitchen,Mixer Grinder 750W,2,5706.46,COD,B2C
AMZ-1004447,2023-04-18,Shipped,Amazon,Amazon.in,TAMIL NADU,Books,Ikigai,2,2091.85,Card,B2C
AMZ-1004448,2023-03-16,Delivered,Merchant,Amazon.in,TAMIL NADU,Sports & Fitness,Skipping Rope,1,6421.08,Wallet,B2B
AMZ-1004449,2023-03-26,Delivered,Merchant,Amazon.in,KARNATAKA,Apparel,Cotton T-Shirt Slim Fit,1,2287.72,UPI,B2C
AMZ-1004450,2023-06-23,Delivered,Merchant,Amazon.in,UTTAR PRADESH,Electronics,Power Bank 20000mAh,1,9421.51,COD,B2C
AMZ-1004451,2023-05-09,Cancelled,Amazon,Amazon.in,UTTAR PRADESH,Books,Think and Grow Rich,2,1368.62,COD,B2C
AMZ-1004452,2023-06-29,Delivered,Merchant,Amazon.in,MAHARASHTRA,Electronics,Laptop Backpack,1,4827.4,UPI,B2B
AMZ-1004453,2023-03-14,Delivered,Amazon,Amazon.in,TAMIL NADU,Books,Atomic Habits,1,528.4,Wallet,B2C
AMZ-1004454,2023-05-05,Delivered,Amazon,Amazon.in,RAJASTHAN,Home & Kitchen,LED Table Lamp,1,8107.2,Wallet,B2C
AMZ-1004455,2023-06-01,Cancelled,Amazon,Amazon.in,TAMIL NADU,Beauty,Perfume EDT 100ml,1,1888.58,COD,B2C
AMZ-1004456,2023-04-11,Delivered,Amazon,Amazon.in,MAHARASHTRA,Home & Kitchen,Vacuum Flask,1,1608.81,Net Banking,B2C
AMZ-1004457,2023-03-16,Delivered,Amazon,Amazon.in,RAJASTHAN,Footwear,Trail Hiking Boots,1,5001.73,UPI,B2C
AMZ-1004458,2023-06-22,Delivered,Amazon,Amazon.in,GUJARAT,Books,Atomic Habits,1,386.29,UPI,B2C
AMZ-1004459,2023-04-01,Delivered,Amazon,Amazon.in,MAHARASHTRA,Electronics,Smart TV 43" 4K,1,31728.68,Net Banking,B2C
AMZ-1004460,2023-05-24,Delivered,Merchant,Amazon.in,MAHARASHTRA,Electronics,HDMI Cable 2m,1,21968.2,UPI,B2C
AMZ-1004461,2023-03-07,Delivered,Amazon,Amazon.in,TELANGANA,Apparel,Denim Jacket,3,5226.54,Card,B2C
AMZ-1004462,2023-04-07,Delivered,Merchant,Amazon.in,MAHARASHTRA,Sports & Fitness,Skipping Rope,1,1057.44,Card,B2C
AMZ-1004463,2023-05-08,Delivered,Merchant,Amazon.in,KARNATAKA,Home & Kitchen,Non-Stick Cookware Set,1,4149.17,Card,B2C
AMZ-1004464,2023-06-29,Returned,Amazon,Amazon.in,DELHI,Beauty,Lipstick Matte Set,1,835,COD,B2C
AMZ-1004465,2023-03-27,Shipped,Merchant,Amazon.in,HARYANA,Footwear,Trail Hiking Boots,1,755.97,UPI,B2C
AMZ-1004466,2023-05-05,Delivered,Merchant,Amazon.in,UTTAR PRADESH,Sports & Fitness,Skipping Rope,2,3317.23,UPI,B2C
AMZ-1004467,2023-05-20,Delivered,Merchant,Amazon.in,MAHARASHTRA,Beauty,Face Wash Neem,1,1954.58,Net Banking,B2C
AMZ-1004468,2023-04-15,Delivered,Amazon,Amazon.in,KERALA,Books,Think and Grow Rich,1,790.82,Card,B2C
AMZ-1004469,2023-05-22,Delivered,Amazon,Amazon.in,TAMIL NADU,Apparel,Kurta Set,3,3239.5,COD,B2C
AMZ-1004470,2023-04-07,Delivered,Amazon,Amazon.in,WEST BENGAL,Home & Kitchen,Vacuum Flask,1,2933.49,Card,B2C
AMZ-1004471,2023-04-21,Delivered,Amazon,Amazon.in,GUJARAT,Apparel,Formal Shirt,1,1560.55,UPI,B2C
AMZ-1004472,2023-03-20,Delivered,Amazon,Amazon.in,MAHARASHTRA,Sports & Fitness,Skipping Rope,1,7338.2,Net Banking,B2C
AMZ-1004473,2023-05-05,Delivered,Merchant,Amazon.in,RAJASTHAN,Electronics,HDMI Cable 2m,1,6508.8,Net Banking,B2C
AMZ-1004474,2023-05-10,Cancelled,Amazon,Amazon.in,WEST BENGAL,Home & Kitchen,Curtain Set 7ft,1,4832.16,Net Banking,B2C
AMZ-1004475,2023-04-13,Delivered,Merchant,Amazon.in,RAJASTHAN,Electronics,HDMI Cable 2m,2,36961.82,Card,B2C
AMZ-1004476,2023-04-06,Delivered,Amazon,Amazon.in,MAHARASHTRA,Electronics,Bluetooth Speaker,1,14786.54,Card,B2C
AMZ-1004477,2023-06-18,Delivered,Merchant,Amazon.in,KERALA,Footwear,Running Shoes,1,3688.52,COD,B2C
AMZ-1004478,2023-05-18,Delivered,Amazon,Amazon.in,TAMIL NADU,Books,Think and Grow Rich,1,642.48,COD,B2C
AMZ-1004479,2023-03-13,Delivered,Amazon,Amazon.in,KARNATAKA,Sports & Fitness,Badminton Racket,3,7201.41,COD,B2C
AMZ-1004480,2023-03-29,Shipped,Amazon,Amazon.in,TAMIL NADU,Electronics,Power Bank 20000mAh,2,76673.9,Card,B2C
AMZ-1004481,2023-03-12,Shipped,Amazon,Amazon.in,MAHARASHTRA,Electronics,Smart TV 43" 4K,1,16500.1,UPI,B2C
AMZ-1004482,2023-05-04,Delivered,Amazon,Amazon.in,MAHARASHTRA,Books,Deep Work,1,790.48,Net Banking,B2C
AMZ-1004483,2023-06-19,Delivered,Amazon,Amazon.in,BIHAR,Electronics,Power Bank 20000mAh,1,11791.42,UPI,B2C
AMZ-1004484,2023-06-17,Delivered,Amazon,Amazon.in,GUJARAT,Home & Kitchen,Vacuum Flask,1,10609.3,Card,B2C
AMZ-1004485,2023-04-07,Returned,Amazon,Amazon.in,UTTAR PRADESH,Apparel,Cotton T-Shirt Slim Fit,1,505.81,COD,B2C
AMZ-1004486,2023-04-10,Delivered,Merchant,Amazon.in,HARYANA,Footwear,Casual Sneakers,1,2043.25,UPI,B2C
AMZ-1004487,2023-06-14,Shipped,Merchant,Amazon.in,PUNJAB,Apparel,Cotton T-Shirt Slim Fit,1,1573.69,Wallet,B2C
AMZ-1004488,2023-05-16,Delivered,Amazon,Amazon.in,TELANGANA,Footwear,Sports Sandals,1,5465.91,Card,B2C
AMZ-1004489,2023-04-15,Cancelled,Merchant,Amazon.in,UTTAR PRADESH,Sports & Fitness,Badminton Racket,3,20844.18,COD,B2C
AMZ-1004490,2023-04-02,Delivered,Merchant,Amazon.in,PUNJAB,Electronics,USB-C Fast Charger,1,35028.54,UPI,B2C
AMZ-1004491,2023-04-28,Delivered,Merchant,Amazon.in,GUJARAT,Apparel,Denim Jacket,1,1424.21,COD,B2C
AMZ-1004492,2023-06-14,Delivered,Amazon,Amazon.in,MAHARASHTRA,Home & Kitchen,Bedsheet Double,2,23990.42,COD,B2C
AMZ-1004493,2023-05-21,Delivered,Amazon,Amazon.in,MAHARASHTRA,Home & Kitchen,Bedsheet Double,1,9961.64,Net Banking,B2C
AMZ-1004494,2023-05-20,Cancelled,Amazon,Amazon.in,KARNATAKA,Home & Kitchen,Steel Water Bottle 1L,1,4787.45,COD,B2C
AMZ-1004495,2023-03-09,Delivered,Amazon,Amazon.in,TAMIL NADU,Sports & Fitness,Cricket Bat,1,7828.39,Card,B2C
AMZ-1004496,2023-03-19,Delivered,Amazon,Amazon.in,KERALA,Home & Kitchen,Storage Container Set,1,1423.61,UPI,B2C
AMZ-1004497,2023-04-29,Delivered,Merchant,Amazon.in,UTTAR PRADESH,Apparel,Winter Sweatshirt,1,1141.93,Card,B2C
AMZ-1004498,2023-03-24,Delivered,Merchant,Amazon.in,TAMIL NADU,Electronics,Smart Watch Series 5,1,35777.91,Card,B2C
AMZ-1004499,2023-03-26,Cancelled,Amazon,Amazon.in,MAHARASHTRA,Electronics,USB-C Fast Charger,2,67599.54,UPI,B2C
AMZ-1004500,2023-04-15,Delivered,Merchant,Amazon.in,KARNATAKA,Beauty,Shampoo Anti-Dandruff,1,458.19,UPI,B2C
AMZ-1004501,2023-06-13,Shipped,Merchant,Amazon.in,MAHARASHTRA,Apparel,Winter Sweatshirt,1,3282.57,UPI,B2C
AMZ-1004502,2023-05-09,Delivered,Merchant,Amazon.in,GUJARAT,Footwear,Loafers,1,5248.3,UPI,B2C
AMZ-1004503,2023-05-26,Shipped,Merchant,Amazon.in,MAHARASHTRA,Home & Kitchen,Vacuum Flask,1,1897.59,UPI,B2C
AMZ-1004504,2023-05-08,Delivered,Amazon,Amazon.in,GUJARAT,Footwear,Loafers,1,2980.18,UPI,B2C
AMZ-1004505,2023-05-17,Returned,Amazon,Amazon.in,DELHI,Electronics,Laptop Backpack,2,15730.84,UPI,B2C
AMZ-1004506,2023-05-25,Delivered,Amazon,Amazon.in,UTTAR PRADESH,Apparel,Sports Shorts,2,4135.06,Card,B2C
AMZ-1004507,2023-05-19,Shipped,Amazon,Amazon.in,BIHAR,Footwear,Loafers,1,4591.09,UPI,B2C
AMZ-1004508,2023-03-08,Delivered,Merchant,Amazon.in,KARNATAKA,Home & Kitchen,Mixer Grinder 750W,1,1601,UPI,B2C
AMZ-1004509,2023-04-06,Delivered,Amazon,Amazon.in,UTTAR PRADESH,Electronics,Laptop Backpack,1,42755.46,UPI,B2C
AMZ-1004510,2023-05-25,Shipped,Amazon,Amazon.in,TELANGANA,Beauty,Lipstick Matte Set,1,2459.06,COD,B2C
AMZ-1004511,2023-05-22,Delivered,Merchant,Amazon.in,BIHAR,Sports & Fitness,Resistance Bands,1,4446.49,UPI,B2C
AMZ-1004512,2023-06-07,Delivered,Merchant,Amazon.in,DELHI,Beauty,Sunscreen SPF 50,1,686.6,UPI,B2C
AMZ-1004513,2023-03-19,Delivered,Merchant,Amazon.in,KARNATAKA,Apparel,Kurta Set,1,3264.86,Card,B2B
AMZ-1004514,2023-04-29,Delivered,Merchant,Amazon.in,DELHI,Beauty,Hair Dryer 1600W,1,1338.14,Card,B2C
AMZ-1004515,2023-05-19,Delivered,Amazon,Amazon.in,TELANGANA,Apparel,Kurta Set,1,1872.66,COD,B2C
AMZ-1004516,2023-05-23,Delivered,Merchant,Amazon.in,KARNATAKA,Home & Kitchen,Curtain Set 7ft,1,10502.7,Wallet,B2C
AMZ-1004517,2023-04-28,Pending,Amazon,Amazon.in,KARNATAKA,Footwear,Loafers,1,3739.31,Net Banking,B2C
AMZ-1004518,2023-04-12,Delivered,Merchant,Amazon.in,HARYANA,Electronics,Wireless Earbuds Pro,2,62890.21,UPI,B2C
AMZ-1004519,2023-05-11,Delivered,Amazon,Amazon.in,TELANGANA,Sports & Fitness,Foam Roller,1,1387.28,Card,B2C
AMZ-1004520,2023-05-22,Returned,Merchant,Amazon.in,KARNATAKA,Books,Deep Work,1,194.67,Card,B2C
AMZ-1004521,2023-06-16,Delivered,Amazon,Amazon.in,TAMIL NADU,Beauty,Hair Dryer 1600W,2,3003.59,Wallet,B2C
AMZ-1004522,2023-03-18,Returned,Amazon,Amazon.in,WEST BENGAL,Electronics,Power Bank 20000mAh,1,10321.56,COD,B2C
AMZ-1004523,2023-03-31,Delivered,Merchant,Amazon.in,MAHARASHTRA,Apparel,Denim Jacket,1,582.76,UPI,B2C
AMZ-1004524,2023-05-05,Delivered,Amazon,Amazon.in,TAMIL NADU,Beauty,Sunscreen SPF 50,1,1756.22,UPI,B2C
AMZ-1004525,2023-04-15,Delivered,Amazon,Amazon.in,TAMIL NADU,Books,Rich Dad Poor Dad,1,635.4,Wallet,B2C
AMZ-1004526,2023-05-19,Delivered,Merchant,Amazon.in,WEST BENGAL,Apparel,Polo T-Shirt,2,2680.93,Wallet,B2C
AMZ-1004527,2023-04-28,Delivered,Amazon,Amazon.in,GUJARAT,Electronics,Bluetooth Speaker,1,7316.29,Card,B2C
AMZ-1004528,2023-04-15,Shipped,Amazon,Amazon.in,KARNATAKA,Home & Kitchen,Curtain Set 7ft,1,11078.75,Card,B2C
AMZ-1004529,2023-05-05,Delivered,Amazon,Amazon.in,UTTAR PRADESH,Home & Kitchen,Mixer Grinder 750W,1,3765.54,UPI,B2C
AMZ-1004530,2023-03-06,Delivered,Merchant,Amazon.in,TAMIL NADU,Sports & Fitness,Cricket Bat,1,7201.47,UPI,B2C
AMZ-1004531,2023-06-08,Cancelled,Amazon,Amazon.in,KARNATAKA,Electronics,Wireless Earbuds Pro,1,32013.83,COD,B2C
AMZ-1004532,2023-03-21,Cancelled,Amazon,Amazon.in,DELHI,Footwear,Running Shoes,1,1296.57,COD,B2C
AMZ-1004533,2023-04-07,Delivered,Merchant,Amazon.in,DELHI,Beauty,Shampoo Anti-Dandruff,1,1051.93,Card,B2C
AMZ-1004534,2023-05-24,Delivered,Merchant,Amazon.in,MAHARASHTRA,Beauty,Shampoo Anti-Dandruff,1,442.39,Card,B2C
AMZ-1004535,2023-05-15,Delivered,Amazon,Amazon.in,DELHI,Electronics,Wireless Earbuds Pro,1,1932.5,Card,B2C
AMZ-1004536,2023-06-24,Cancelled,Amazon,Amazon.in,KARNATAKA,Electronics,Power Bank 20000mAh,1,38024.37,COD,B2C
AMZ-1004537,2023-04-09,Delivered,Amazon,Amazon.in,DELHI,Footwear,Canvas Shoes,2,3453.94,UPI,B2C
AMZ-1004538,2023-05-31,Delivered,Merchant,Amazon.in,KARNATAKA,Apparel,Kurta Set,1,2889.83,Net Banking,B2B
AMZ-1004539,2023-05-05,Cancelled,Amazon,Amazon.in,KERALA,Books,Rich Dad Poor Dad,1,900.87,Wallet,B2C
AMZ-1004540,2023-04-07,Delivered,Amazon,Amazon.in,MAHARASHTRA,Sports & Fitness,Dumbbell Set 10kg,1,1869.68,UPI,B2C
AMZ-1004541,2023-05-21,Delivered,Amazon,Amazon.in,MAHARASHTRA,Sports & Fitness,Cricket Bat,1,711.91,UPI,B2C
AMZ-1004542,2023-05-16,Delivered,Merchant,Amazon.in,KARNATAKA,Electronics,Bluetooth Speaker,1,43197.94,Card,B2C
AMZ-1004543,2023-04-24,Delivered,Amazon,Amazon.in,MADHYA PRADESH,Apparel,Denim Jacket,1,3410.71,Wallet,B2C
AMZ-1004544,2023-05-21,Delivered,Amazon,Amazon.in,GUJARAT,Footwear,Casual Sneakers,2,3748.11,UPI,B2C
AMZ-1004545,2023-04-13,Returned,Amazon,Amazon.in,MAHARASHTRA,Apparel,Denim Jacket,1,578.26,Card,B2C
AMZ-1004546,2023-04-20,Shipped,Amazon,Amazon.in,WEST BENGAL,Electronics,HDMI Cable 2m,1,35821.43,UPI,B2C
AMZ-1004547,2023-05-30,Delivered,Amazon,Amazon.in,UTTAR PRADESH,Apparel,Winter Sweatshirt,1,2484.18,UPI,B2C
AMZ-1004548,2023-06-11,Cancelled,Amazon,Amazon.in,TAMIL NADU,Electronics,Wireless Earbuds Pro,1,3494.53,COD,B2C
AMZ-1004549,2023-03-02,Delivered,Amazon,Amazon.in,TELANGANA,Books,Atomic Habits,2,945.62,UPI,B2C
AMZ-1004550,2023-06-28,Delivered,Amazon,Amazon.in,TELANGANA,Electronics,Laptop Backpack,1,36872.29,UPI,B2B
AMZ-1004551,2023-05-02,Delivered,Merchant,Amazon.in,UTTAR PRADESH,Apparel,Denim Jacket,3,2887.53,COD,B2C
AMZ-1004552,2023-05-14,Cancelled,Amazon,Amazon.in,MAHARASHTRA,Beauty,Lipstick Matte Set,1,1695.76,Card,B2C
AMZ-1004553,2023-03-17,Delivered,Amazon,Amazon.in,MAHARASHTRA,Beauty,Face Wash Neem,1,1257.01,UPI,B2C
AMZ-1004554,2023-04-13,Delivered,Amazon,Amazon.in,HARYANA,Electronics,Laptop Backpack,2,53446.1,Card,B2C
AMZ-1004555,2023-06-27,Cancelled,Merchant,Amazon.in,KARNATAKA,Electronics,Laptop Backpack,1,33658.12,COD,B2C
AMZ-1004556,2023-04-01,Cancelled,Amazon,Amazon.in,TELANGANA,Apparel,Cotton T-Shirt Slim Fit,1,2778.51,COD,B2C
AMZ-1004557,2023-06-08,Delivered,Amazon,Amazon.in,TAMIL NADU,Home & Kitchen,LED Table Lamp,1,5781.97,Net Banking,B2B
AMZ-1004558,2023-06-20,Delivered,Merchant,Amazon.in,KARNATAKA,Footwear,Trail Hiking Boots,1,2426.62,Card,B2C
AMZ-1004559,2023-05-27,Delivered,Amazon,Amazon.in,MAHARASHTRA,Footwear,Casual Sneakers,2,11598.71,UPI,B2C
AMZ-1004560,2023-05-28,Delivered,Amazon,Amazon.in,PUNJAB,Apparel,Polo T-Shirt,1,3396.51,COD,B2C
AMZ-1004561,2023-04-06,Delivered,Amazon,Amazon.in,TAMIL NADU,Home & Kitchen,LED Table Lamp,1,11273.48,UPI,B2C
AMZ-1004562,2023-04-27,Delivered,Merchant,Amazon.in,KARNATAKA,Electronics,Bluetooth Speaker,1,43600.64,COD,B2C
AMZ-1004563,2023-05-01,Delivered,Amazon,Amazon.in,GUJARAT,Electronics,Smart Watch Series 5,1,42778.36,Card,B2C
AMZ-1004564,2023-05-01,Delivered,Amazon,Amazon.in,UTTAR PRADESH,Sports & Fitness,Yoga Mat 6mm,1,6583.95,COD,B2C
AMZ-1004565,2023-06-04,Cancelled,Merchant,Amazon.in,WEST BENGAL,Apparel,Denim Jacket,2,4772.89,COD,B2C
AMZ-1004566,2023-05-16,Delivered,Amazon,Amazon.in,DELHI,Electronics,Power Bank 20000mAh,3,127917.68,Net Banking,B2C
AMZ-1004567,2023-05-16,Cancelled,Amazon,Amazon.in,MAHARASHTRA,Electronics,Bluetooth Speaker,3,53806.49,COD,B2C
AMZ-1004568,2023-05-31,Delivered,Amazon,Amazon.in,MAHARASHTRA,Home & Kitchen,Bedsheet Double,1,1123.58,COD,B2B
AMZ-1004569,2023-06-22,Delivered,Amazon,Amazon.in,WEST BENGAL,Electronics,Power Bank 20000mAh,1,11682.26,UPI,B2C
AMZ-1004570,2023-03-11,Pending,Amazon,Amazon.in,TAMIL NADU,Sports & Fitness,Cricket Bat,2,3494.69,Card,B2C
AMZ-1004571,2023-04-13,Delivered,Amazon,Amazon.in,TAMIL NADU,Footwear,Loafers,2,5054.07,Card,B2C
AMZ-1004572,2023-03-02,Delivered,Amazon,Amazon.in,TAMIL NADU,Footwear,Casual Sneakers,1,1765.46,Card,B2C
AMZ-1004573,2023-05-08,Returned,Amazon,Amazon.in,MAHARASHTRA,Electronics,HDMI Cable 2m,2,29194.27,COD,B2C
AMZ-1004574,2023-05-07,Delivered,Merchant,Amazon.in,KARNATAKA,Sports & Fitness,Badminton Racket,2,13255.23,Wallet,B2C
AMZ-1004575,2023-05-31,Delivered,Merchant,Amazon.in,MAHARASHTRA,Electronics,USB-C Fast Charger,2,28655.52,Card,B2C
AMZ-1004576,2023-04-15,Delivered,Amazon,Amazon.in,HARYANA,Apparel,Sports Shorts,1,1289.45,COD,B2C
AMZ-1004577,2023-06-11,Delivered,Amazon,Amazon.in,KARNATAKA,Beauty,Lipstick Matte Set,1,687.68,COD,B2C
AMZ-1004578,2023-05-26,Delivered,Amazon,Amazon.in,WEST BENGAL,Beauty,Face Wash Neem,1,1505.59,Wallet,B2C
AMZ-1004579,2023-05-10,Delivered,Merchant,Amazon.in,WEST BENGAL,Electronics,HDMI Cable 2m,2,15772.63,COD,B2C
AMZ-1004580,2023-05-15,Shipped,Merchant,Amazon.in,TAMIL NADU,Sports & Fitness,Yoga Mat 6mm,1,2199.92,Card,B2C
AMZ-1004581,2023-03-30,Delivered,Merchant,Amazon.in,KARNATAKA,Beauty,Shampoo Anti-Dandruff,1,528.2,Card,B2C
AMZ-1004582,2023-04-09,Delivered,Merchant,Amazon.in,GUJARAT,Books,The Psychology of Money,1,1044.52,Card,B2C
AMZ-1004583,2023-03-17,Delivered,Amazon,Amazon.in,KARNATAKA,Home & Kitchen,Storage Container Set,1,3276.42,UPI,B2B
AMZ-1004584,2023-05-19,Delivered,Amazon,Amazon.in,TAMIL NADU,Home & Kitchen,Non-Stick Cookware Set,1,8396.64,Net Banking,B2C
AMZ-1004585,2023-06-13,Delivered,Amazon,Amazon.in,GUJARAT,Electronics,Smart TV 43" 4K,1,42294.27,Wallet,B2C
AMZ-1004586,2023-06-04,Delivered,Amazon,Amazon.in,KARNATAKA,Books,The Alchemist,1,611.75,UPI,B2C
AMZ-1004587,2023-04-10,Delivered,Amazon,Amazon.in,RAJASTHAN,Electronics,Laptop Backpack,1,24077.23,Net Banking,B2C
AMZ-1004588,2023-03-22,Delivered,Amazon,Amazon.in,KARNATAKA,Electronics,Smart Watch Series 5,1,18477.73,Net Banking,B2C
AMZ-1004589,2023-03-01,Shipped,Merchant,Amazon.in,UTTAR PRADESH,Home & Kitchen,Steel Water Bottle 1L,2,7155.22,Card,B2C
AMZ-1004590,2023-05-15,Delivered,Amazon,Amazon.in,KARNATAKA,Apparel,Sports Shorts,1,525.58,COD,B2C
AMZ-1004591,2023-04-29,Delivered,Amazon,Amazon.in,TAMIL NADU,Apparel,Polo T-Shirt,1,1944.33,Net Banking,B2C
AMZ-1004592,2023-03-09,Returned,Amazon,Amazon.in,MADHYA PRADESH,Home & Kitchen,Non-Stick Cookware Set,1,2660.81,COD,B2C
AMZ-1004593,2023-03-11,Shipped,Amazon,Amazon.in,KARNATAKA,Electronics,Smart TV 43" 4K,1,14339.08,UPI,B2C
AMZ-1004594,2023-06-19,Delivered,Amazon,Amazon.in,TAMIL NADU,Beauty,Perfume EDT 100ml,1,1558.36,Card,B2B
AMZ-1004595,2023-06-15,Delivered,Merchant,Amazon.in,UTTAR PRADESH,Footwear,Loafers,1,4839.6,UPI,B2C
AMZ-1004596,2023-04-10,Delivered,Amazon,Amazon.in,UTTAR PRADESH,Sports & Fitness,Foam Roller,2,4398.67,Card,B2C
AMZ-1004597,2023-05-05,Delivered,Amazon,Amazon.in,UTTAR PRADESH,Electronics,Smart Watch Series 5,1,12681.56,UPI,B2C
AMZ-1004598,2023-06-08,Delivered,Merchant,Amazon.in,TAMIL NADU,Home & Kitchen,Non-Stick Cookware Set,1,11506.85,UPI,B2C
AMZ-1004599,2023-06-22,Delivered,Amazon,Amazon.in,MAHARASHTRA,Electronics,Power Bank 20000mAh,1,1976.35,Card,B2C
AMZ-1004600,2023-04-29,Cancelled,Amazon,Amazon.in,TAMIL NADU,Apparel,Winter Sweatshirt,3,10276.53,COD,B2C
AMZ-1004601,2023-05-04,Shipped,Merchant,Amazon.in,MAHARASHTRA,Apparel,Denim Jacket,1,1814.37,COD,B2C
AMZ-1004602,2023-04-09,Cancelled,Merchant,Amazon.in,WEST BENGAL,Home & Kitchen,Non-Stick Cookware Set,1,4539.64,COD,B2C
AMZ-1004603,2023-04-23,Delivered,Merchant,Amazon.in,RAJASTHAN,Electronics,Bluetooth Speaker,1,26544.05,Card,B2C
AMZ-1004604,2023-05-05,Delivered,Merchant,Amazon.in,TAMIL NADU,Electronics,Bluetooth Speaker,1,43768.41,COD,B2C
AMZ-1004605,2023-04-11,Shipped,Amazon,Amazon.in,KERALA,Sports & Fitness,Dumbbell Set 10kg,1,7695.83,Card,B2C
AMZ-1004606,2023-05-03,Delivered,Merchant,Amazon.in,UTTAR PRADESH,Electronics,HDMI Cable 2m,1,11762.2,Net Banking,B2C
AMZ-1004607,2023-04-26,Delivered,Amazon,Amazon.in,MADHYA PRADESH,Home & Kitchen,Storage Container Set,2,23384.64,COD,B2C
AMZ-1004608,2023-05-15,Delivered,Amazon,Amazon.in,MAHARASHTRA,Home & Kitchen,Mixer Grinder 750W,1,2731.5,Card,B2B
AMZ-1004609,2023-04-29,Delivered,Amazon,Amazon.in,TELANGANA,Electronics,HDMI Cable 2m,1,11509.23,COD,B2C
AMZ-1004610,2023-04-26,Delivered,Merchant,Amazon.in,DELHI,Electronics,Power Bank 20000mAh,2,6883.35,UPI,B2C
AMZ-1004611,2023-04-30,Cancelled,Amazon,Amazon.in,MAHARASHTRA,Books,The Alchemist,1,766.9,COD,B2C
AMZ-1004612,2023-06-13,Delivered,Amazon,Amazon.in,KARNATAKA,Home & Kitchen,Mixer Grinder 750W,1,9493.26,UPI,B2C
AMZ-1004613,2023-05-17,Delivered,Merchant,Amazon.in,GUJARAT,Electronics,Smart Watch Series 5,1,32096.97,UPI,B2C
AMZ-1004614,2023-06-09,Delivered,Merchant,Amazon.in,TELANGANA,Home & Kitchen,Steel Water Bottle 1L,1,1729.62,COD,B2C
AMZ-1004615,2023-06-09,Shipped,Amazon,Amazon.in,KARNATAKA,Books,The Psychology of Money,1,154.56,Net Banking,B2C
AMZ-1004616,2023-03-18,Delivered,Amazon,Amazon.in,TAMIL NADU,Beauty,Beard Oil,3,2020.61,Card,B2C
AMZ-1004617,2023-04-28,Delivered,Merchant,Amazon.in,DELHI,Beauty,Hair Dryer 1600W,1,987.27,UPI,B2C
AMZ-1004618,2023-03-26,Delivered,Merchant,Amazon.in,MAHARASHTRA,Home & Kitchen,LED Table Lamp,1,6623.15,COD,B2C
AMZ-1004619,2023-06-01,Delivered,Merchant,Amazon.in,WEST BENGAL,Electronics,USB-C Fast Charger,2,62077.18,UPI,B2C
AMZ-1004620,2023-04-26,Delivered,Amazon,Amazon.in,KARNATAKA,Apparel,Sports Shorts,1,930.83,Net Banking,B2C
AMZ-1004621,2023-03-13,Shipped,Amazon,Amazon.in,KERALA,Footwear,Sports Sandals,2,11688.73,COD,B2C
AMZ-1004622,2023-03-16,Delivered,Amazon,Amazon.in,MADHYA PRADESH,Home & Kitchen,Storage Container Set,2,2785.63,UPI,B2C
AMZ-1004623,2023-06-08,Delivered,Merchant,Amazon.in,DELHI,Beauty,Beard Oil,2,798.87,UPI,B2C
AMZ-1004624,2023-05-27,Delivered,Amazon,Amazon.in,UTTAR PRADESH,Home & Kitchen,Bedsheet Double,2,18985.43,UPI,B2C
AMZ-1004625,2023-06-10,Delivered,Amazon,Amazon.in,MAHARASHTRA,Electronics,Smart Watch Series 5,2,19227.03,Card,B2C
AMZ-1004626,2023-06-09,Delivered,Amazon,Amazon.in,TELANGANA,Electronics,Bluetooth Speaker,1,20584.69,Card,B2C
AMZ-1004627,2023-05-19,Delivered,Amazon,Amazon.in,GUJARAT,Home & Kitchen,Non-Stick Cookware Set,1,8379.83,UPI,B2C
AMZ-1004628,2023-04-13,Delivered,Merchant,Amazon.in,GUJARAT,Home & Kitchen,Non-Stick Cookware Set,1,6680.75,COD,B2C
AMZ-1004629,2023-03-06,Delivered,Amazon,Amazon.in,KERALA,Home & Kitchen,Non-Stick Cookware Set,1,11707.11,Net Banking,B2C
AMZ-1004630,2023-05-26,Delivered,Amazon,Amazon.in,TELANGANA,Books,Ikigai,2,1712.63,UPI,B2C
AMZ-1004631,2023-04-11,Delivered,Amazon,Amazon.in,MAHARASHTRA,Apparel,Kurta Set,1,2948.45,UPI,B2C
AMZ-1004632,2023-04-14,Delivered,Amazon,Amazon.in,TAMIL NADU,Electronics,Power Bank 20000mAh,1,13111.3,Wallet,B2C
AMZ-1004633,2023-05-30,Shipped,Amazon,Amazon.in,PUNJAB,Beauty,Shampoo Anti-Dandruff,1,711.94,COD,B2C
AMZ-1004634,2023-05-11,Delivered,Amazon,Amazon.in,UTTAR PRADESH,Apparel,Polo T-Shirt,1,2340.13,COD,B2C
AMZ-1004635,2023-03-23,Delivered,Amazon,Amazon.in,TAMIL NADU,Sports & Fitness,Badminton Racket,1,5210.62,UPI,B2C
AMZ-1004636,2023-05-04,Delivered,Amazon,Amazon.in,MAHARASHTRA,Books,Deep Work,1,265.34,UPI,B2C
AMZ-1004637,2023-06-03,Delivered,Amazon,Amazon.in,GUJARAT,Home & Kitchen,Curtain Set 7ft,1,8486.07,UPI,B2C
AMZ-1004638,2023-03-20,Delivered,Amazon,Amazon.in,DELHI,Electronics,Smart Watch Series 5,1,17179.79,Card,B2C
AMZ-1004639,2023-03-01,Delivered,Amazon,Amazon.in,PUNJAB,Electronics,Power Bank 20000mAh,3,76730.56,UPI,B2C
AMZ-1004640,2023-04-19,Delivered,Amazon,Amazon.in,MAHARASHTRA,Apparel,Sports Shorts,3,7502.57,Wallet,B2B
AMZ-1004641,2023-04-07,Delivered,Amazon,Amazon.in,DELHI,Apparel,Winter Sweatshirt,1,2240.01,Net Banking,B2C
AMZ-1004642,2023-05-30,Cancelled,Merchant,Amazon.in,UTTAR PRADESH,Electronics,Bluetooth Speaker,1,16274.11,COD,B2C
AMZ-1004643,2023-03-29,Shipped,Merchant,Amazon.in,WEST BENGAL,Books,Sapiens,1,976.01,UPI,B2C
AMZ-1004644,2023-05-27,Delivered,Amazon,Amazon.in,KERALA,Books,Rich Dad Poor Dad,2,1808.94,Card,B2C
AMZ-1004645,2023-05-07,Delivered,Amazon,Amazon.in,GUJARAT,Sports & Fitness,Foam Roller,1,1237.19,Card,B2C
AMZ-1004646,2023-03-07,Delivered,Merchant,Amazon.in,RAJASTHAN,Electronics,Smart TV 43" 4K,1,33311.62,Card,B2C
AMZ-1004647,2023-05-23,Delivered,Merchant,Amazon.in,TELANGANA,Electronics,HDMI Cable 2m,1,22601.98,UPI,B2C
AMZ-1004648,2023-06-26,Delivered,Amazon,Amazon.in,MAHARASHTRA,Books,Rich Dad Poor Dad,1,765.9,COD,B2C
AMZ-1004649,2023-04-10,Delivered,Amazon,Amazon.in,KERALA,Books,Sapiens,1,531.05,COD,B2C
AMZ-1004650,2023-03-03,Delivered,Merchant,Amazon.in,RAJASTHAN,Apparel,Leather Belt,1,1730.36,Card,B2C
AMZ-1004651,2023-03-10,Delivered,Merchant,Amazon.in,UTTAR PRADESH,Beauty,Sunscreen SPF 50,1,849.59,COD,B2C
AMZ-1004652,2023-05-01,Shipped,Amazon,Amazon.in,TAMIL NADU,Beauty,Hair Dryer 1600W,1,626.12,UPI,B2B
AMZ-1004653,2023-05-06,Delivered,Amazon,Amazon.in,TELANGANA,Electronics,Smart Watch Series 5,2,77074.14,UPI,B2C
AMZ-1004654,2023-04-01,Delivered,Amazon,Amazon.in,TAMIL NADU,Books,The Psychology of Money,1,897.82,Net Banking,B2C
AMZ-1004655,2023-06-23,Cancelled,Merchant,Amazon.in,KARNATAKA,Electronics,Bluetooth Speaker,1,23252.94,COD,B2C
AMZ-1004656,2023-04-16,Delivered,Amazon,Amazon.in,MAHARASHTRA,Books,The Psychology of Money,1,161.13,UPI,B2C
AMZ-1004657,2023-05-11,Cancelled,Amazon,Amazon.in,KARNATAKA,Beauty,Vitamin C Face Serum,2,1113.42,COD,B2C
AMZ-1004658,2023-06-22,Shipped,Amazon,Amazon.in,KERALA,Beauty,Perfume EDT 100ml,1,645.89,Wallet,B2B
AMZ-1004659,2023-05-12,Shipped,Amazon,Amazon.in,TAMIL NADU,Beauty,Perfume EDT 100ml,2,1224.87,COD,B2C
AMZ-1004660,2023-05-20,Cancelled,Amazon,Amazon.in,UTTAR PRADESH,Books,Rich Dad Poor Dad,2,872.42,COD,B2C
AMZ-1004661,2023-05-09,Shipped,Amazon,Amazon.in,DELHI,Home & Kitchen,Steel Water Bottle 1L,1,5311.99,Card,B2C
AMZ-1004662,2023-04-01,Delivered,Amazon,Amazon.in,GUJARAT,Electronics,Power Bank 20000mAh,1,2159.02,Card,B2C
AMZ-1004663,2023-06-14,Cancelled,Merchant,Amazon.in,MAHARASHTRA,Home & Kitchen,Curtain Set 7ft,2,6987.55,UPI,B2C
AMZ-1004664,2023-06-20,Returned,Amazon,Amazon.in,TAMIL NADU,Electronics,USB-C Fast Charger,1,31582.1,UPI,B2C
AMZ-1004665,2023-04-13,Delivered,Amazon,Amazon.in,WEST BENGAL,Home & Kitchen,Bedsheet Double,1,8576.59,Card,B2C
AMZ-1004666,2023-04-13,Delivered,Amazon,Amazon.in,RAJASTHAN,Beauty,Beard Oil,1,1772.91,Net Banking,B2C
AMZ-1004667,2023-04-02,Delivered,Amazon,Amazon.in,KARNATAKA,Electronics,Wireless Earbuds Pro,1,15494.96,Net Banking,B2C
AMZ-1004668,2023-05-07,Delivered,Merchant,Amazon.in,GUJARAT,Apparel,Formal Shirt,1,3010.25,UPI,B2C
AMZ-1004669,2023-04-22,Delivered,Amazon,Amazon.in,UTTAR PRADESH,Electronics,HDMI Cable 2m,2,37772.22,COD,B2C
AMZ-1004670,2023-04-05,Delivered,Merchant,Amazon.in,MADHYA PRADESH,Electronics,Power Bank 20000mAh,2,33002.26,Net Banking,B2C
AMZ-1004671,2023-05-01,Delivered,Amazon,Amazon.in,KARNATAKA,Books,Think and Grow Rich,1,975.41,Card,B2C
AMZ-1004672,2023-03-13,Delivered,Merchant,Amazon.in,WEST BENGAL,Home & Kitchen,Non-Stick Cookware Set,3,2212.58,Wallet,B2C
AMZ-1004673,2023-05-28,Delivered,Merchant,Amazon.in,WEST BENGAL,Home & Kitchen,Vacuum Flask,1,1223.36,Card,B2C
AMZ-1004674,2023-06-21,Delivered,Merchant,Amazon.in,DELHI,Home & Kitchen,Vacuum Flask,1,8377.24,Card,B2C
AMZ-1004675,2023-06-02,Delivered,Merchant,Amazon.in,WEST BENGAL,Electronics,USB-C Fast Charger,2,55831.12,UPI,B2C
AMZ-1004676,2023-05-03,Cancelled,Amazon,Amazon.in,WEST BENGAL,Beauty,Shampoo Anti-Dandruff,1,1350.56,COD,B2C
AMZ-1004677,2023-04-04,Returned,Merchant,Amazon.in,KARNATAKA,Apparel,Cotton T-Shirt Slim Fit,2,4018.02,UPI,B2C
AMZ-1004678,2023-06-17,Delivered,Merchant,Amazon.in,TELANGANA,Sports & Fitness,Resistance Bands,1,4057.64,COD,B2C
AMZ-1004679,2023-03-07,Delivered,Amazon,Amazon.in,WEST BENGAL,Apparel,Sports Shorts,1,518.59,UPI,B2C
AMZ-1004680,2023-05-10,Delivered,Amazon,Amazon.in,GUJARAT,Apparel,Kurta Set,1,2370.82,Net Banking,B2C
AMZ-1004681,2023-03-19,Delivered,Merchant,Amazon.in,MAHARASHTRA,Beauty,Lipstick Matte Set,2,3331.77,UPI,B2C
AMZ-1004682,2023-03-21,Delivered,Amazon,Amazon.in,WEST BENGAL,Apparel,Cotton T-Shirt Slim Fit,3,9909.9,UPI,B2C
AMZ-1004683,2023-05-20,Delivered,Merchant,Amazon.in,KERALA,Electronics,Smart TV 43" 4K,1,12316.31,Wallet,B2C
AMZ-1004684,2023-05-20,Delivered,Merchant,Amazon.in,UTTAR PRADESH,Home & Kitchen,Bedsheet Double,2,12556.01,Card,B2C
AMZ-1004685,2023-04-15,Shipped,Amazon,Amazon.in,KARNATAKA,Footwear,Casual Sneakers,1,3715.39,UPI,B2C
AMZ-1004686,2023-04-19,Shipped,Amazon,Amazon.in,KERALA,Apparel,Leather Belt,1,2901.67,Net Banking,B2C
AMZ-1004687,2023-05-07,Delivered,Merchant,Amazon.in,MADHYA PRADESH,Electronics,Power Bank 20000mAh,2,30894.13,Card,B2C
AMZ-1004688,2023-06-24,Delivered,Merchant,Amazon.in,DELHI,Beauty,Shampoo Anti-Dandruff,1,893.76,Card,B2C
AMZ-1004689,2023-04-07,Cancelled,Amazon,Amazon.in,MAHARASHTRA,Home & Kitchen,Mixer Grinder 750W,1,7103.42,Wallet,B2C
AMZ-1004690,2023-05-30,Delivered,Amazon,Amazon.in,MAHARASHTRA,Sports & Fitness,Cricket Bat,1,5158.3,UPI,B2B
AMZ-1004691,2023-06-10,Delivered,Merchant,Amazon.in,TAMIL NADU,Sports & Fitness,Cricket Bat,1,1819.86,Card,B2C
AMZ-1004692,2023-05-20,Returned,Merchant,Amazon.in,HARYANA,Electronics,Smart Watch Series 5,1,19818.94,COD,B2C
AMZ-1004693,2023-04-10,Shipped,Merchant,Amazon.in,KARNATAKA,Beauty,Face Wash Neem,1,1958.13,UPI,B2C
AMZ-1004694,2023-04-10,Cancelled,Merchant,Amazon.in,MAHARASHTRA,Apparel,Sports Shorts,1,3295.76,COD,B2C
AMZ-1004695,2023-04-02,Delivered,Merchant,Amazon.in,WEST BENGAL,Electronics,HDMI Cable 2m,1,20004.63,COD,B2C
AMZ-1004696,2023-04-19,Cancelled,Amazon,Amazon.in,DELHI,Home & Kitchen,Storage Container Set,1,6907.08,UPI,B2C
AMZ-1004697,2023-03-21,Delivered,Amazon,Amazon.in,KARNATAKA,Books,The Alchemist,1,718.65,Net Banking,B2C
AMZ-1004698,2023-04-03,Delivered,Merchant,Amazon.in,MADHYA PRADESH,Home & Kitchen,Storage Container Set,2,3253.26,Card,B2C
AMZ-1004699,2023-05-09,Delivered,Amazon,Amazon.in,TAMIL NADU,Electronics,Laptop Backpack,1,13370.45,UPI,B2C
AMZ-1004700,2023-04-12,Delivered,Merchant,Amazon.in,GUJARAT,Electronics,Wireless Earbuds Pro,1,44935.54,UPI,B2C
AMZ-1004701,2023-06-16,Delivered,Merchant,Amazon.in,TELANGANA,Beauty,Vitamin C Face Serum,1,1579.74,UPI,B2C
AMZ-1004702,2023-03-02,Delivered,Merchant,Amazon.in,KARNATAKA,Home & Kitchen,Vacuum Flask,1,6065.37,UPI,B2C
AMZ-1004703,2023-05-20,Delivered,Merchant,Amazon.in,KARNATAKA,Footwear,Casual Sneakers,1,2521.23,Net Banking,B2C
AMZ-1004704,2023-05-25,Delivered,Merchant,Amazon.in,WEST BENGAL,Apparel,Sports Shorts,1,657.32,Wallet,B2C
AMZ-1004705,2023-05-09,Delivered,Amazon,Amazon.in,DELHI,Home & Kitchen,Non-Stick Cookware Set,2,1464.21,Card,B2C
AMZ-1004706,2023-03-27,Pending,Amazon,Amazon.in,RAJASTHAN,Apparel,Kurta Set,1,3341.49,UPI,B2C
AMZ-1004707,2023-04-29,Cancelled,Amazon,Amazon.in,UTTAR PRADESH,Apparel,Cotton T-Shirt Slim Fit,1,1656.9,Wallet,B2C
AMZ-1004708,2023-04-27,Delivered,Amazon,Amazon.in,RAJASTHAN,Home & Kitchen,Steel Water Bottle 1L,1,2485.59,UPI,B2C
AMZ-1004709,2023-04-08,Delivered,Merchant,Amazon.in,MADHYA PRADESH,Sports & Fitness,Badminton Racket,1,4509.03,Net Banking,B2C
AMZ-1004710,2023-06-08,Delivered,Amazon,Amazon.in,TAMIL NADU,Beauty,Shampoo Anti-Dandruff,1,2292.56,COD,B2C
AMZ-1004711,2023-04-23,Delivered,Amazon,Amazon.in,TAMIL NADU,Home & Kitchen,Storage Container Set,1,9505.64,Card,B2C
AMZ-1004712,2023-04-13,Delivered,Amazon,Amazon.in,PUNJAB,Home & Kitchen,LED Table Lamp,1,4974.15,Card,B2C
AMZ-1004713,2023-03-05,Cancelled,Amazon,Amazon.in,BIHAR,Footwear,Formal Leather Shoes,1,3155.38,Wallet,B2C
AMZ-1004714,2023-03-20,Delivered,Merchant,Amazon.in,DELHI,Electronics,Smart Watch Series 5,1,14587.8,Card,B2C
AMZ-1004715,2023-05-31,Delivered,Amazon,Amazon.in,UTTAR PRADESH,Electronics,USB-C Fast Charger,2,59241.14,UPI,B2C
AMZ-1004716,2023-05-27,Cancelled,Amazon,Amazon.in,MAHARASHTRA,Books,The Alchemist,2,888.6,COD,B2C
AMZ-1004717,2023-05-30,Delivered,Amazon,Amazon.in,BIHAR,Electronics,Smart Watch Series 5,1,14836.14,COD,B2C
AMZ-1004718,2023-03-02,Delivered,Amazon,Amazon.in,MAHARASHTRA,Electronics,Smart Watch Series 5,1,19622.92,Wallet,B2C
AMZ-1004719,2023-04-23,Delivered,Amazon,Amazon.in,TAMIL NADU,Electronics,HDMI Cable 2m,1,9689.79,UPI,B2C
AMZ-1004720,2023-06-25,Cancelled,Merchant,Amazon.in,DELHI,Books,Sapiens,1,167.47,COD,B2C
AMZ-1004721,2023-06-24,Delivered,Amazon,Amazon.in,KARNATAKA,Home & Kitchen,Non-Stick Cookware Set,1,961.03,COD,B2C
AMZ-1004722,2023-03-10,Delivered,Amazon,Amazon.in,DELHI,Home & Kitchen,LED Table Lamp,1,2028.42,UPI,B2C
AMZ-1004723,2023-05-15,Delivered,Amazon,Amazon.in,GUJARAT,Beauty,Vitamin C Face Serum,2,4512.99,Wallet,B2C
AMZ-1004724,2023-06-02,Delivered,Amazon,Amazon.in,KARNATAKA,Electronics,Smart TV 43" 4K,1,31028.98,COD,B2C
AMZ-1004725,2023-03-01,Cancelled,Merchant,Amazon.in,BIHAR,Beauty,Sunscreen SPF 50,1,2069.78,COD,B2C
AMZ-1004726,2023-06-13,Delivered,Amazon,Amazon.in,TELANGANA,Home & Kitchen,Bedsheet Double,1,7002.39,UPI,B2C
AMZ-1004727,2023-03-31,Pending,Amazon,Amazon.in,MAHARASHTRA,Electronics,Power Bank 20000mAh,2,19413.83,UPI,B2C
AMZ-1004728,2023-05-29,Delivered,Merchant,Amazon.in,TAMIL NADU,Electronics,Wireless Earbuds Pro,1,17340.31,UPI,B2C
AMZ-1004729,2023-04-14,Delivered,Merchant,Amazon.in,KERALA,Home & Kitchen,LED Table Lamp,1,7223.89,Wallet,B2C
AMZ-1004730,2023-05-20,Delivered,Merchant,Amazon.in,TAMIL NADU,Sports & Fitness,Dumbbell Set 10kg,2,2691.52,COD,B2C
AMZ-1004731,2023-03-03,Delivered,Amazon,Amazon.in,KERALA,Home & Kitchen,LED Table Lamp,1,11031.69,Net Banking,B2C
AMZ-1004732,2023-05-30,Delivered,Amazon,Amazon.in,GUJARAT,Sports & Fitness,Yoga Mat 6mm,1,1168.13,Wallet,B2C
AMZ-1004733,2023-04-20,Delivered,Merchant,Amazon.in,MAHARASHTRA,Electronics,Power Bank 20000mAh,1,12009.31,Wallet,B2C
AMZ-1004734,2023-04-16,Delivered,Amazon,Amazon.in,TELANGANA,Beauty,Beard Oil,1,2414.45,UPI,B2B
AMZ-1004735,2023-04-18,Delivered,Amazon,Amazon.in,KARNATAKA,Beauty,Lipstick Matte Set,1,2164,UPI,B2B
AMZ-1004736,2023-03-11,Returned,Amazon,Amazon.in,HARYANA,Sports & Fitness,Yoga Mat 6mm,2,8060.01,COD,B2C
AMZ-1004737,2023-06-22,Delivered,Amazon,Amazon.in,MAHARASHTRA,Apparel,Denim Jacket,2,4200.29,UPI,B2C
AMZ-1004738,2023-06-04,Delivered,Merchant,Amazon.in,TELANGANA,Electronics,Wireless Earbuds Pro,1,43084.14,Wallet,B2C
AMZ-1004739,2023-05-19,Delivered,Amazon,Amazon.in,WEST BENGAL,Footwear,Sports Sandals,1,1666.75,COD,B2C
AMZ-1004740,2023-04-30,Delivered,Amazon,Amazon.in,DELHI,Home & Kitchen,Storage Container Set,1,1307.93,Card,B2C
AMZ-1004741,2023-06-11,Delivered,Amazon,Amazon.in,RAJASTHAN,Books,Atomic Habits,2,1905.25,UPI,B2C
AMZ-1004742,2023-05-13,Delivered,Amazon,Amazon.in,DELHI,Sports & Fitness,Dumbbell Set 10kg,1,4176.71,Net Banking,B2C
AMZ-1004743,2023-05-13,Delivered,Amazon,Amazon.in,GUJARAT,Electronics,Power Bank 20000mAh,2,21259.11,COD,B2C
AMZ-1004744,2023-04-02,Delivered,Amazon,Amazon.in,WEST BENGAL,Apparel,Cotton T-Shirt Slim Fit,1,1937.46,Card,B2C
AMZ-1004745,2023-03-01,Shipped,Merchant,Amazon.in,TAMIL NADU,Footwear,Canvas Shoes,1,5236.27,UPI,B2C
AMZ-1004746,2023-04-27,Delivered,Merchant,Amazon.in,BIHAR,Apparel,Formal Shirt,2,2614.1,UPI,B2C
AMZ-1004747,2023-06-20,Delivered,Amazon,Amazon.in,MAHARASHTRA,Books,Deep Work,2,1863.89,Card,B2C
AMZ-1004748,2023-06-06,Delivered,Amazon,Amazon.in,TELANGANA,Apparel,Formal Shirt,1,2201.83,UPI,B2C
AMZ-1004749,2023-04-20,Delivered,Amazon,Amazon.in,MAHARASHTRA,Apparel,Leather Belt,1,1100.66,UPI,B2C
AMZ-1004750,2023-05-11,Delivered,Amazon,Amazon.in,KARNATAKA,Sports & Fitness,Skipping Rope,1,4595.76,Net Banking,B2C
AMZ-1004751,2023-03-08,Delivered,Amazon,Amazon.in,RAJASTHAN,Electronics,HDMI Cable 2m,1,31176.02,Wallet,B2C
AMZ-1004752,2023-05-11,Delivered,Amazon,Amazon.in,UTTAR PRADESH,Home & Kitchen,LED Table Lamp,1,5816.08,UPI,B2C
AMZ-1004753,2023-03-08,Cancelled,Amazon,Amazon.in,KARNATAKA,Beauty,Shampoo Anti-Dandruff,1,468.79,Wallet,B2C
AMZ-1004754,2023-04-24,Returned,Amazon,Amazon.in,RAJASTHAN,Electronics,HDMI Cable 2m,2,35304.84,COD,B2C
AMZ-1004755,2023-05-27,Delivered,Amazon,Amazon.in,KARNATAKA,Footwear,Canvas Shoes,1,602.87,UPI,B2C
AMZ-1004756,2023-05-21,Delivered,Amazon,Amazon.in,MAHARASHTRA,Sports & Fitness,Cricket Bat,1,4057.96,COD,B2C
AMZ-1004757,2023-04-15,Delivered,Amazon,Amazon.in,BIHAR,Books,Think and Grow Rich,2,1769.87,Wallet,B2C
AMZ-1004758,2023-05-04,Returned,Merchant,Amazon.in,MAHARASHTRA,Sports & Fitness,Yoga Mat 6mm,1,5674.7,Card,B2C
AMZ-1004759,2023-06-17,Shipped,Amazon,Amazon.in,GUJARAT,Books,The Alchemist,1,1114.28,UPI,B2C
AMZ-1004760,2023-05-14,Delivered,Amazon,Amazon.in,RAJASTHAN,Beauty,Vitamin C Face Serum,1,2440.49,UPI,B2C
AMZ-1004761,2023-06-27,Delivered,Merchant,Amazon.in,TELANGANA,Footwear,Trail Hiking Boots,2,5458.48,Card,B2C
AMZ-1004762,2023-03-03,Delivered,Amazon,Amazon.in,MAHARASHTRA,Home & Kitchen,Curtain Set 7ft,2,3979.18,UPI,B2C
AMZ-1004763,2023-04-01,Delivered,Merchant,Amazon.in,KARNATAKA,Apparel,Sports Shorts,1,2697.64,UPI,B2C
AMZ-1004764,2023-06-05,Delivered,Amazon,Amazon.in,KERALA,Books,Atomic Habits,2,1994.23,UPI,B2C
AMZ-1004765,2023-06-12,Cancelled,Merchant,Amazon.in,DELHI,Footwear,Flip Flops,1,5524.85,COD,B2C
AMZ-1004766,2023-05-22,Delivered,Merchant,Amazon.in,TAMIL NADU,Electronics,Smart TV 43" 4K,1,3273.13,Net Banking,B2C
AMZ-1004767,2023-04-01,Delivered,Amazon,Amazon.in,KERALA,Electronics,HDMI Cable 2m,1,28120.93,COD,B2C
AMZ-1004768,2023-03-02,Delivered,Amazon,Amazon.in,UTTAR PRADESH,Books,Rich Dad Poor Dad,2,2216.41,Card,B2C
AMZ-1004769,2023-05-23,Delivered,Amazon,Amazon.in,WEST BENGAL,Beauty,Sunscreen SPF 50,1,1994.96,Card,B2C
AMZ-1004770,2023-06-08,Delivered,Amazon,Amazon.in,RAJASTHAN,Apparel,Kurta Set,1,1837.69,UPI,B2B
AMZ-1004771,2023-03-29,Delivered,Amazon,Amazon.in,KERALA,Footwear,Canvas Shoes,1,5274.95,UPI,B2C
AMZ-1004772,2023-04-07,Returned,Amazon,Amazon.in,RAJASTHAN,Home & Kitchen,Non-Stick Cookware Set,1,7445.86,Card,B2C
AMZ-1004773,2023-05-19,Shipped,Amazon,Amazon.in,GUJARAT,Home & Kitchen,Vacuum Flask,1,11008.87,Card,B2C
AMZ-1004774,2023-05-02,Delivered,Amazon,Amazon.in,TELANGANA,Beauty,Beard Oil,1,640.01,UPI,B2C
AMZ-1004775,2023-06-23,Delivered,Amazon,Amazon.in,GUJARAT,Apparel,Denim Jacket,1,3090.26,COD,B2C
AMZ-1004776,2023-04-08,Returned,Amazon,Amazon.in,MAHARASHTRA,Apparel,Sports Shorts,2,3541.08,Wallet,B2C
AMZ-1004777,2023-05-01,Delivered,Merchant,Amazon.in,TAMIL NADU,Home & Kitchen,Curtain Set 7ft,2,5752.36,Card,B2C
AMZ-1004778,2023-05-21,Delivered,Amazon,Amazon.in,GUJARAT,Sports & Fitness,Badminton Racket,1,6245.99,UPI,B2C
AMZ-1004779,2023-03-27,Delivered,Amazon,Amazon.in,UTTAR PRADESH,Apparel,Denim Jacket,1,3419.18,Card,B2C
AMZ-1004780,2023-05-18,Delivered,Amazon,Amazon.in,DELHI,Books,Think and Grow Rich,1,899.7,Wallet,B2C
AMZ-1004781,2023-04-10,Delivered,Amazon,Amazon.in,GUJARAT,Electronics,Power Bank 20000mAh,3,89954.44,Card,B2C
AMZ-1004782,2023-03-06,Delivered,Amazon,Amazon.in,MAHARASHTRA,Home & Kitchen,Non-Stick Cookware Set,3,8478.19,UPI,B2C
AMZ-1004783,2023-06-09,Delivered,Amazon,Amazon.in,KARNATAKA,Books,Deep Work,1,669.31,Card,B2C
AMZ-1004784,2023-03-27,Delivered,Merchant,Amazon.in,TAMIL NADU,Electronics,Wireless Earbuds Pro,2,19183.68,COD,B2C
AMZ-1004785,2023-04-22,Delivered,Merchant,Amazon.in,MAHARASHTRA,Footwear,Casual Sneakers,2,9250.2,UPI,B2C
AMZ-1004786,2023-05-02,Delivered,Amazon,Amazon.in,TELANGANA,Electronics,Smart Watch Series 5,2,44027.69,UPI,B2C
AMZ-1004787,2023-05-07,Shipped,Amazon,Amazon.in,KARNATAKA,Footwear,Casual Sneakers,1,5952.49,COD,B2C
AMZ-1004788,2023-04-22,Delivered,Merchant,Amazon.in,UTTAR PRADESH,Footwear,Running Shoes,1,5882.44,Card,B2C
AMZ-1004789,2023-03-27,Delivered,Merchant,Amazon.in,UTTAR PRADESH,Footwear,Trail Hiking Boots,1,3946.76,Wallet,B2B
AMZ-1004790,2023-05-26,Shipped,Amazon,Amazon.in,TAMIL NADU,Home & Kitchen,Curtain Set 7ft,2,8261.81,UPI,B2C
AMZ-1004791,2023-05-27,Delivered,Amazon,Amazon.in,TELANGANA,Apparel,Denim Jacket,2,4062.85,Net Banking,B2C
AMZ-1004792,2023-05-16,Delivered,Amazon,Amazon.in,WEST BENGAL,Apparel,Denim Jacket,2,6952.67,Wallet,B2C
AMZ-1004793,2023-03-01,Delivered,Merchant,Amazon.in,WEST BENGAL,Apparel,Sports Shorts,2,2669.84,UPI,B2C
AMZ-1004794,2023-04-25,Shipped,Amazon,Amazon.in,MAHARASHTRA,Apparel,Denim Jacket,1,2150.84,UPI,B2C
AMZ-1004795,2023-03-19,Cancelled,Merchant,Amazon.in,MAHARASHTRA,Electronics,Laptop Backpack,2,78203.29,Card,B2C
AMZ-1004796,2023-05-13,Delivered,Merchant,Amazon.in,DELHI,Apparel,Polo T-Shirt,1,799.78,COD,B2C
AMZ-1004797,2023-06-24,Delivered,Amazon,Amazon.in,WEST BENGAL,Sports & Fitness,Football Size 5,3,19984.58,UPI,B2C
AMZ-1004798,2023-03-12,Cancelled,Merchant,Amazon.in,DELHI,Home & Kitchen,Storage Container Set,2,16201.26,Card,B2C
AMZ-1004799,2023-03-14,Delivered,Merchant,Amazon.in,UTTAR PRADESH,Sports & Fitness,Resistance Bands,1,2067.28,Card,B2C